insert into camara values(0);
insert into camara values(1);
insert into camara values(2);
insert into camara values(3);
insert into camara values(4);
insert into camara values(5);
insert into camara values(6);
insert into camara values(7);
insert into camara values(8);
insert into camara values(9);
insert into camara values(10);
insert into camara values(11);
insert into camara values(12);
insert into camara values(13);
insert into camara values(14);
insert into camara values(15);
insert into camara values(16);
insert into camara values(17);
insert into camara values(18);
insert into camara values(19);
insert into camara values(20);
insert into camara values(21);
insert into camara values(22);
insert into camara values(23);
insert into camara values(24);
insert into camara values(25);
insert into camara values(26);
insert into camara values(27);
insert into camara values(28);
insert into camara values(29);
insert into camara values(30);
insert into camara values(31);
insert into camara values(32);
insert into camara values(33);
insert into camara values(34);
insert into camara values(35);
insert into camara values(36);
insert into camara values(37);
insert into camara values(38);
insert into camara values(39);
insert into camara values(40);
insert into camara values(41);
insert into camara values(42);
insert into camara values(43);
insert into camara values(44);
insert into camara values(45);
insert into camara values(46);
insert into camara values(47);
insert into camara values(48);
insert into camara values(49);
insert into camara values(50);
insert into camara values(51);
insert into camara values(52);
insert into camara values(53);
insert into camara values(54);
insert into camara values(55);
insert into camara values(56);
insert into camara values(57);
insert into camara values(58);
insert into camara values(59);
insert into camara values(60);
insert into camara values(61);
insert into camara values(62);
insert into camara values(63);
insert into camara values(64);
insert into camara values(65);
insert into camara values(66);
insert into camara values(67);
insert into camara values(68);
insert into camara values(69);
insert into camara values(70);
insert into camara values(71);
insert into camara values(72);
insert into camara values(73);
insert into camara values(74);
insert into camara values(75);
insert into camara values(76);
insert into camara values(77);
insert into camara values(78);
insert into camara values(79);
insert into camara values(80);
insert into camara values(81);
insert into camara values(82);
insert into camara values(83);
insert into camara values(84);
insert into camara values(85);
insert into camara values(86);
insert into camara values(87);
insert into camara values(88);
insert into camara values(89);
insert into camara values(90);
insert into camara values(91);
insert into camara values(92);
insert into camara values(93);
insert into camara values(94);
insert into camara values(95);
insert into camara values(96);
insert into camara values(97);
insert into camara values(98);
insert into camara values(99);
insert into camara values(100);
insert into camara values(101);



insert into video values('2016-12-24 00:51:48', '2016-12-24 01:07:48', 0);
insert into video values('2018-01-21 10:04:15', '2018-01-21 10:28:15', 0);
insert into video values('2016-02-18 18:56:40', '2016-02-18 19:18:40', 1);
insert into video values('2016-05-05 07:52:43', '2016-05-05 08:16:43', 1);
insert into video values('2016-05-08 14:51:16', '2016-05-08 15:13:16', 1);
insert into video values('2016-12-26 10:36:25', '2016-12-26 11:06:25', 2);
insert into video values('2016-03-29 01:10:37', '2016-03-29 01:34:37', 2);
insert into video values('2018-05-14 15:14:01', '2018-05-14 15:40:01', 3);
insert into video values('2017-05-07 16:53:18', '2017-05-07 17:16:18', 3);
insert into video values('2018-08-13 16:37:12', '2018-08-13 16:49:12', 4);
insert into video values('2016-11-17 13:48:11', '2016-11-17 14:09:11', 4);
insert into video values('2016-11-30 17:09:03', '2016-11-30 17:36:03', 5);
insert into video values('2018-05-12 14:19:38', '2018-05-12 14:46:38', 5);
insert into video values('2016-08-15 19:27:13', '2016-08-15 19:51:13', 5);
insert into video values('2018-12-12 17:12:52', '2018-12-12 17:37:52', 6);
insert into video values('2016-06-10 08:20:15', '2016-06-10 08:47:15', 6);
insert into video values('2016-04-16 22:35:20', '2016-04-16 22:51:20', 6);
insert into video values('2017-01-01 10:49:48', '2017-01-01 11:08:48', 7);
insert into video values('2016-02-19 13:05:25', '2016-02-19 13:28:25', 7);
insert into video values('2018-06-16 13:37:47', '2018-06-16 14:03:47', 7);
insert into video values('2017-02-05 07:49:15', '2017-02-05 08:18:15', 8);
insert into video values('2018-04-25 02:54:02', '2018-04-25 03:21:02', 8);
insert into video values('2017-04-02 10:10:41', '2017-04-02 10:26:41', 8);
insert into video values('2017-02-10 22:40:13', '2017-02-10 23:03:13', 8);
insert into video values('2017-02-15 05:42:53', '2017-02-15 05:54:53', 9);
insert into video values('2018-08-29 17:31:26', '2018-08-29 17:57:26', 9);
insert into video values('2016-02-17 23:04:08', '2016-02-17 23:29:08', 9);
insert into video values('2018-05-15 16:45:55', '2018-05-15 16:57:55', 10);
insert into video values('2016-05-17 05:06:27', '2016-05-17 05:30:27', 10);
insert into video values('2016-08-15 10:54:24', '2016-08-15 11:14:24', 10);
insert into video values('2016-02-06 00:23:04', '2016-02-06 00:52:04', 11);
insert into video values('2018-06-03 08:51:05', '2018-06-03 09:04:05', 11);
insert into video values('2016-11-21 04:40:12', '2016-11-21 05:10:12', 11);
insert into video values('2017-07-17 03:45:56', '2017-07-17 04:13:56', 11);
insert into video values('2018-10-31 12:34:03', '2018-10-31 12:54:03', 12);
insert into video values('2017-10-31 11:39:52', '2017-10-31 11:52:52', 12);
insert into video values('2017-06-10 15:50:26', '2017-06-10 16:13:26', 13);
insert into video values('2018-03-04 03:18:16', '2018-03-04 03:48:16', 13);
insert into video values('2016-01-21 11:35:37', '2016-01-21 11:52:37', 14);
insert into video values('2018-02-27 13:15:01', '2018-02-27 13:33:01', 14);
insert into video values('2016-04-15 05:30:31', '2016-04-15 05:51:31', 14);
insert into video values('2016-01-25 09:00:54', '2016-01-25 09:29:54', 15);
insert into video values('2018-04-11 15:56:49', '2018-04-11 16:15:49', 15);
insert into video values('2018-08-09 01:05:50', '2018-08-09 01:29:50', 15);
insert into video values('2017-07-22 08:24:11', '2017-07-22 08:47:11', 16);
insert into video values('2018-10-15 22:34:00', '2018-10-15 22:53:00', 16);
insert into video values('2017-02-07 17:34:15', '2017-02-07 18:01:15', 17);
insert into video values('2017-08-10 09:55:08', '2017-08-10 10:16:08', 17);
insert into video values('2017-03-05 14:58:06', '2017-03-05 15:27:06', 18);
insert into video values('2018-08-29 04:09:46', '2018-08-29 04:33:46', 18);
insert into video values('2016-05-21 11:23:11', '2016-05-21 11:44:11', 18);
insert into video values('2018-10-06 17:41:03', '2018-10-06 18:07:03', 18);
insert into video values('2018-06-28 20:41:47', '2018-06-28 21:09:47', 19);
insert into video values('2016-11-03 06:42:51', '2016-11-03 06:56:51', 19);
insert into video values('2018-10-14 08:56:23', '2018-10-14 09:12:23', 19);
insert into video values('2018-03-02 03:24:24', '2018-03-02 03:53:24', 20);
insert into video values('2017-08-07 19:46:42', '2017-08-07 20:15:42', 20);
insert into video values('2018-02-08 16:42:47', '2018-02-08 17:01:47', 20);
insert into video values('2017-09-24 06:00:35', '2017-09-24 06:26:35', 20);
insert into video values('2016-04-23 10:05:49', '2016-04-23 10:17:49', 21);
insert into video values('2016-10-22 13:03:16', '2016-10-22 13:23:16', 21);
insert into video values('2017-05-25 12:02:42', '2017-05-25 12:28:42', 22);
insert into video values('2018-01-14 20:02:32', '2018-01-14 20:29:32', 22);
insert into video values('2016-07-29 18:38:33', '2016-07-29 18:48:33', 23);
insert into video values('2016-11-13 06:16:37', '2016-11-13 06:31:37', 23);
insert into video values('2018-02-14 08:48:06', '2018-02-14 08:58:06', 23);
insert into video values('2018-04-14 16:02:03', '2018-04-14 16:29:03', 24);
insert into video values('2017-04-16 13:23:39', '2017-04-16 13:34:39', 24);
insert into video values('2016-10-08 17:11:26', '2016-10-08 17:28:26', 25);
insert into video values('2016-04-15 20:03:49', '2016-04-15 20:19:49', 25);
insert into video values('2018-11-02 20:24:41', '2018-11-02 20:54:41', 25);
insert into video values('2017-05-11 13:39:04', '2017-05-11 14:08:04', 26);
insert into video values('2017-12-11 04:59:18', '2017-12-11 05:20:18', 26);
insert into video values('2016-07-06 19:43:42', '2016-07-06 20:05:42', 26);
insert into video values('2017-06-11 17:58:31', '2017-06-11 18:12:31', 26);
insert into video values('2017-07-28 01:21:23', '2017-07-28 01:37:23', 27);
insert into video values('2016-12-20 19:24:44', '2016-12-20 19:49:44', 27);
insert into video values('2017-10-31 05:05:23', '2017-10-31 05:20:23', 28);
insert into video values('2017-08-03 06:53:16', '2017-08-03 07:08:16', 28);
insert into video values('2016-03-04 18:25:45', '2016-03-04 18:50:45', 28);
insert into video values('2017-05-04 09:52:29', '2017-05-04 10:16:29', 28);
insert into video values('2018-09-12 04:49:07', '2018-09-12 05:02:07', 29);
insert into video values('2018-10-16 01:08:20', '2018-10-16 01:31:20', 29);
insert into video values('2017-10-18 00:00:35', '2017-10-18 00:23:35', 29);
insert into video values('2017-05-25 16:17:39', '2017-05-25 16:36:39', 29);
insert into video values('2016-01-26 02:06:33', '2016-01-26 02:26:33', 30);
insert into video values('2016-05-14 06:38:01', '2016-05-14 07:01:01', 30);
insert into video values('2018-01-10 21:48:38', '2018-01-10 22:11:38', 31);
insert into video values('2018-07-07 03:05:29', '2018-07-07 03:19:29', 31);
insert into video values('2018-05-09 14:51:50', '2018-05-09 15:08:50', 31);
insert into video values('2016-03-23 20:21:15', '2016-03-23 20:37:15', 32);
insert into video values('2017-07-26 15:17:21', '2017-07-26 15:42:21', 32);
insert into video values('2016-07-19 17:20:39', '2016-07-19 17:35:39', 32);
insert into video values('2018-03-26 09:43:06', '2018-03-26 10:07:06', 33);
insert into video values('2017-11-19 22:45:43', '2017-11-19 23:06:43', 33);
insert into video values('2016-12-28 19:31:41', '2016-12-28 19:45:41', 33);
insert into video values('2017-04-28 07:18:01', '2017-04-28 07:35:01', 33);
insert into video values('2016-09-16 01:52:55', '2016-09-16 02:06:55', 34);
insert into video values('2016-10-26 20:35:57', '2016-10-26 21:04:57', 34);
insert into video values('2018-12-31 07:45:52', '2018-12-31 08:05:52', 35);
insert into video values('2017-04-25 02:33:17', '2017-04-25 03:02:17', 35);
insert into video values('2016-09-01 00:34:54', '2016-09-01 00:50:54', 35);
insert into video values('2018-07-20 18:05:59', '2018-07-20 18:22:59', 35);
insert into video values('2016-03-19 18:30:31', '2016-03-19 18:50:31', 36);
insert into video values('2017-07-09 23:11:17', '2017-07-09 23:41:17', 36);
insert into video values('2016-12-05 01:08:59', '2016-12-05 01:36:59', 36);
insert into video values('2016-11-09 13:40:30', '2016-11-09 13:59:30', 37);
insert into video values('2017-03-25 18:01:31', '2017-03-25 18:17:31', 37);
insert into video values('2016-02-27 07:22:04', '2016-02-27 07:48:04', 37);
insert into video values('2016-10-16 22:39:52', '2016-10-16 22:53:52', 37);
insert into video values('2016-01-13 09:46:27', '2016-01-13 10:01:27', 38);
insert into video values('2017-11-27 21:19:49', '2017-11-27 21:41:49', 38);
insert into video values('2016-06-28 18:29:52', '2016-06-28 18:52:52', 38);
insert into video values('2017-02-03 19:48:50', '2017-02-03 20:09:50', 38);
insert into video values('2018-07-10 18:43:57', '2018-07-10 18:55:57', 39);
insert into video values('2016-11-12 22:07:17', '2016-11-12 22:17:17', 39);
insert into video values('2016-09-25 13:18:55', '2016-09-25 13:41:55', 40);
insert into video values('2017-07-16 05:50:25', '2017-07-16 06:17:25', 40);
insert into video values('2017-04-05 15:32:35', '2017-04-05 15:50:35', 40);
insert into video values('2018-07-01 15:57:17', '2018-07-01 16:15:17', 41);
insert into video values('2017-08-30 07:23:02', '2017-08-30 07:52:02', 41);
insert into video values('2017-03-31 23:38:04', '2017-03-31 23:57:04', 42);
insert into video values('2017-06-12 19:33:57', '2017-06-12 19:59:57', 42);
insert into video values('2017-04-11 23:58:26', '2017-04-12 00:17:26', 42);
insert into video values('2017-08-14 17:05:30', '2017-08-14 17:20:30', 42);
insert into video values('2018-01-18 20:03:47', '2018-01-18 20:16:47', 43);
insert into video values('2017-05-09 02:42:10', '2017-05-09 02:53:10', 43);
insert into video values('2017-05-14 07:36:54', '2017-05-14 07:58:54', 43);
insert into video values('2017-10-20 11:34:11', '2017-10-20 11:59:11', 44);
insert into video values('2016-12-17 22:01:39', '2016-12-17 22:14:39', 44);
insert into video values('2017-05-10 14:42:30', '2017-05-10 15:12:30', 44);
insert into video values('2016-02-20 21:24:59', '2016-02-20 21:45:59', 45);
insert into video values('2016-12-11 01:30:13', '2016-12-11 01:55:13', 45);
insert into video values('2018-06-22 01:14:24', '2018-06-22 01:37:24', 45);
insert into video values('2017-11-04 22:58:45', '2017-11-04 23:20:45', 46);
insert into video values('2016-11-04 15:07:37', '2016-11-04 15:19:37', 46);
insert into video values('2018-12-03 07:35:27', '2018-12-03 08:05:27', 46);
insert into video values('2017-04-28 18:54:23', '2017-04-28 19:05:23', 46);
insert into video values('2017-01-31 09:47:32', '2017-01-31 10:15:32', 47);
insert into video values('2017-05-08 23:33:12', '2017-05-08 23:47:12', 47);
insert into video values('2018-07-11 00:25:39', '2018-07-11 00:42:39', 47);
insert into video values('2018-02-02 12:47:02', '2018-02-02 13:13:02', 48);
insert into video values('2017-05-21 09:42:25', '2017-05-21 09:58:25', 48);
insert into video values('2016-10-04 08:46:19', '2016-10-04 08:58:19', 48);
insert into video values('2016-04-23 01:53:36', '2016-04-23 02:20:36', 49);
insert into video values('2018-04-13 01:30:19', '2018-04-13 01:55:19', 49);
insert into video values('2017-08-28 21:17:43', '2017-08-28 21:44:43', 49);
insert into video values('2017-08-17 10:56:54', '2017-08-17 11:24:54', 49);
insert into video values('2016-06-07 16:26:19', '2016-06-07 16:43:19', 50);
insert into video values('2018-01-23 23:56:36', '2018-01-24 00:10:36', 50);
insert into video values('2016-02-14 05:46:27', '2016-02-14 06:04:27', 51);
insert into video values('2016-12-28 14:23:28', '2016-12-28 14:42:28', 51);
insert into video values('2018-08-23 04:55:56', '2018-08-23 05:05:56', 52);
insert into video values('2018-05-08 23:23:04', '2018-05-08 23:52:04', 52);
insert into video values('2016-03-17 02:09:33', '2016-03-17 02:20:33', 52);
insert into video values('2018-10-07 20:23:02', '2018-10-07 20:37:02', 52);
insert into video values('2016-12-14 19:41:40', '2016-12-14 20:02:40', 53);
insert into video values('2016-05-25 04:13:12', '2016-05-25 04:25:12', 53);
insert into video values('2017-08-05 08:22:02', '2017-08-05 08:47:02', 53);
insert into video values('2018-03-13 18:12:58', '2018-03-13 18:29:58', 53);
insert into video values('2018-06-14 19:15:59', '2018-06-14 19:25:59', 54);
insert into video values('2017-01-07 07:55:48', '2017-01-07 08:21:48', 54);
insert into video values('2016-12-14 23:42:57', '2016-12-14 23:56:57', 54);
insert into video values('2016-08-05 17:15:32', '2016-08-05 17:44:32', 55);
insert into video values('2016-06-17 19:56:31', '2016-06-17 20:16:31', 55);
insert into video values('2017-06-16 02:24:12', '2017-06-16 02:54:12', 55);
insert into video values('2018-08-30 19:20:50', '2018-08-30 19:50:50', 55);
insert into video values('2016-11-06 07:12:26', '2016-11-06 07:35:26', 56);
insert into video values('2016-06-04 08:04:05', '2016-06-04 08:27:05', 56);
insert into video values('2016-12-06 04:23:34', '2016-12-06 04:48:34', 57);
insert into video values('2016-11-28 03:43:24', '2016-11-28 03:57:24', 57);
insert into video values('2018-04-19 22:01:13', '2018-04-19 22:23:13', 57);
insert into video values('2017-12-17 17:15:25', '2017-12-17 17:28:25', 57);
insert into video values('2018-03-01 07:52:17', '2018-03-01 08:07:17', 58);
insert into video values('2017-04-20 00:53:11', '2017-04-20 01:18:11', 58);
insert into video values('2018-10-01 21:57:53', '2018-10-01 22:15:53', 58);
insert into video values('2017-12-02 21:03:08', '2017-12-02 21:21:08', 59);
insert into video values('2017-02-10 10:27:28', '2017-02-10 10:39:28', 59);
insert into video values('2018-08-13 15:24:35', '2018-08-13 15:46:35', 59);
insert into video values('2016-05-06 20:40:28', '2016-05-06 21:07:28', 59);
insert into video values('2017-09-29 16:30:41', '2017-09-29 16:44:41', 60);
insert into video values('2016-03-26 11:52:55', '2016-03-26 12:14:55', 60);
insert into video values('2018-10-26 16:33:17', '2018-10-26 16:48:17', 60);
insert into video values('2017-04-03 10:57:54', '2017-04-03 11:26:54', 60);
insert into video values('2017-02-03 14:45:32', '2017-02-03 15:00:32', 61);
insert into video values('2017-10-13 09:36:42', '2017-10-13 09:48:42', 61);
insert into video values('2018-03-11 11:39:15', '2018-03-11 11:59:15', 62);
insert into video values('2016-11-10 06:14:08', '2016-11-10 06:34:08', 62);
insert into video values('2018-09-07 04:18:43', '2018-09-07 04:29:43', 63);
insert into video values('2017-09-25 15:19:53', '2017-09-25 15:33:53', 63);
insert into video values('2017-04-03 03:40:11', '2017-04-03 04:05:11', 63);
insert into video values('2017-07-23 16:31:51', '2017-07-23 16:49:51', 63);
insert into video values('2017-03-12 06:34:41', '2017-03-12 06:49:41', 64);
insert into video values('2017-01-28 13:15:36', '2017-01-28 13:28:36', 64);
insert into video values('2018-01-28 11:48:36', '2018-01-28 12:12:36', 65);
insert into video values('2017-08-15 09:32:12', '2017-08-15 09:59:12', 65);
insert into video values('2018-06-11 13:05:23', '2018-06-11 13:24:23', 65);
insert into video values('2017-12-27 04:29:23', '2017-12-27 04:59:23', 66);
insert into video values('2016-05-03 15:23:13', '2016-05-03 15:49:13', 66);
insert into video values('2016-08-28 14:03:30', '2016-08-28 14:19:30', 66);
insert into video values('2017-04-01 14:49:44', '2017-04-01 15:05:44', 66);
insert into video values('2016-03-24 21:40:22', '2016-03-24 21:54:22', 67);
insert into video values('2016-05-16 21:55:18', '2016-05-16 22:17:18', 67);
insert into video values('2017-09-07 19:55:48', '2017-09-07 20:23:48', 67);
insert into video values('2018-08-08 21:42:30', '2018-08-08 22:10:30', 68);
insert into video values('2018-01-22 02:09:42', '2018-01-22 02:22:42', 68);
insert into video values('2018-06-14 20:13:05', '2018-06-14 20:43:05', 68);
insert into video values('2016-10-25 06:33:12', '2016-10-25 07:00:12', 68);
insert into video values('2018-08-06 00:39:35', '2018-08-06 00:51:35', 69);
insert into video values('2017-10-31 05:28:24', '2017-10-31 05:42:24', 69);
insert into video values('2016-11-06 14:08:37', '2016-11-06 14:24:37', 69);
insert into video values('2018-05-07 18:13:33', '2018-05-07 18:34:33', 70);
insert into video values('2018-04-05 06:56:35', '2018-04-05 07:25:35', 70);
insert into video values('2018-05-12 18:31:30', '2018-05-12 18:41:30', 71);
insert into video values('2017-11-03 12:11:35', '2017-11-03 12:31:35', 71);
insert into video values('2017-10-14 16:20:13', '2017-10-14 16:46:13', 71);
insert into video values('2017-05-15 18:42:09', '2017-05-15 18:57:09', 72);
insert into video values('2017-06-07 05:36:23', '2017-06-07 05:49:23', 72);
insert into video values('2017-06-28 09:51:11', '2017-06-28 10:05:11', 72);
insert into video values('2018-05-14 23:18:58', '2018-05-14 23:41:58', 72);
insert into video values('2016-10-19 18:27:03', '2016-10-19 18:44:03', 73);
insert into video values('2016-05-31 11:44:26', '2016-05-31 11:57:26', 73);
insert into video values('2016-03-30 07:46:36', '2016-03-30 08:00:36', 74);
insert into video values('2018-06-18 16:26:34', '2018-06-18 16:50:34', 74);
insert into video values('2016-11-22 02:20:46', '2016-11-22 02:44:46', 74);
insert into video values('2017-07-09 05:38:29', '2017-07-09 06:03:29', 74);
insert into video values('2017-03-03 07:02:30', '2017-03-03 07:20:30', 75);
insert into video values('2016-04-08 01:05:48', '2016-04-08 01:33:48', 75);
insert into video values('2016-09-19 02:44:58', '2016-09-19 02:59:58', 75);
insert into video values('2017-02-13 16:37:54', '2017-02-13 16:56:54', 76);
insert into video values('2018-09-23 05:47:37', '2018-09-23 06:11:37', 76);
insert into video values('2017-05-18 19:48:53', '2017-05-18 20:14:53', 76);
insert into video values('2017-03-14 07:04:00', '2017-03-14 07:17:00', 77);
insert into video values('2016-08-14 12:54:18', '2016-08-14 13:23:18', 77);
insert into video values('2018-02-18 17:19:26', '2018-02-18 17:31:26', 77);
insert into video values('2018-04-22 13:11:24', '2018-04-22 13:29:24', 77);
insert into video values('2017-07-17 07:08:46', '2017-07-17 07:36:46', 78);
insert into video values('2017-09-09 03:33:38', '2017-09-09 03:57:38', 78);
insert into video values('2018-01-09 08:04:38', '2018-01-09 08:31:38', 78);
insert into video values('2018-09-07 15:10:33', '2018-09-07 15:38:33', 78);
insert into video values('2017-05-09 17:53:46', '2017-05-09 18:07:46', 79);
insert into video values('2017-07-30 11:43:47', '2017-07-30 11:55:47', 79);
insert into video values('2018-02-03 14:52:38', '2018-02-03 15:02:38', 79);
insert into video values('2017-02-19 06:18:00', '2017-02-19 06:45:00', 79);
insert into video values('2016-10-26 07:41:44', '2016-10-26 08:07:44', 80);
insert into video values('2017-07-28 12:50:11', '2017-07-28 13:12:11', 80);
insert into video values('2018-09-26 21:49:08', '2018-09-26 22:03:08', 80);
insert into video values('2016-05-25 11:27:31', '2016-05-25 11:57:31', 81);
insert into video values('2017-01-27 20:23:08', '2017-01-27 20:49:08', 81);
insert into video values('2017-11-23 23:50:37', '2017-11-24 00:06:37', 81);
insert into video values('2016-04-24 11:45:55', '2016-04-24 11:58:55', 81);
insert into video values('2018-07-05 04:51:40', '2018-07-05 05:21:40', 82);
insert into video values('2016-03-14 04:23:02', '2016-03-14 04:41:02', 82);
insert into video values('2018-09-11 22:08:20', '2018-09-11 22:29:20', 83);
insert into video values('2017-05-15 08:08:56', '2017-05-15 08:37:56', 83);
insert into video values('2017-04-19 13:18:56', '2017-04-19 13:45:56', 83);
insert into video values('2017-06-19 11:11:15', '2017-06-19 11:37:15', 83);
insert into video values('2016-01-26 01:18:13', '2016-01-26 01:29:13', 84);
insert into video values('2016-03-30 05:53:44', '2016-03-30 06:19:44', 84);
insert into video values('2018-07-28 05:16:27', '2018-07-28 05:34:27', 84);
insert into video values('2017-08-16 02:44:26', '2017-08-16 02:59:26', 85);
insert into video values('2017-04-15 16:03:45', '2017-04-15 16:15:45', 85);
insert into video values('2016-10-11 06:35:39', '2016-10-11 06:51:39', 86);
insert into video values('2017-12-13 16:54:37', '2017-12-13 17:19:37', 86);
insert into video values('2018-12-09 12:53:51', '2018-12-09 13:06:51', 87);
insert into video values('2016-10-26 09:07:11', '2016-10-26 09:32:11', 87);
insert into video values('2018-05-24 22:27:04', '2018-05-24 22:38:04', 88);
insert into video values('2016-11-23 04:06:50', '2016-11-23 04:24:50', 88);
insert into video values('2017-08-11 10:31:03', '2017-08-11 10:42:03', 88);
insert into video values('2016-10-30 03:57:05', '2016-10-30 04:26:05', 88);
insert into video values('2016-08-23 11:19:57', '2016-08-23 11:29:57', 89);
insert into video values('2018-01-02 09:46:34', '2018-01-02 10:16:34', 89);
insert into video values('2018-01-20 07:32:11', '2018-01-20 07:50:11', 89);
insert into video values('2017-11-22 07:12:33', '2017-11-22 07:34:33', 90);
insert into video values('2016-06-18 06:24:54', '2016-06-18 06:53:54', 90);
insert into video values('2017-02-24 11:19:43', '2017-02-24 11:32:43', 90);
insert into video values('2016-06-21 14:51:54', '2016-06-21 15:21:54', 90);
insert into video values('2016-12-13 05:43:39', '2016-12-13 05:59:39', 91);
insert into video values('2018-05-14 22:04:36', '2018-05-14 22:30:36', 91);
insert into video values('2018-04-27 03:43:49', '2018-04-27 04:05:49', 92);
insert into video values('2016-02-07 17:22:00', '2016-02-07 17:43:00', 92);
insert into video values('2018-06-30 19:42:53', '2018-06-30 19:55:53', 93);
insert into video values('2018-01-26 17:36:08', '2018-01-26 17:56:08', 93);
insert into video values('2017-09-21 18:44:48', '2017-09-21 18:57:48', 94);
insert into video values('2016-01-05 15:55:04', '2016-01-05 16:22:04', 94);
insert into video values('2018-12-13 23:57:55', '2018-12-14 00:20:55', 95);
insert into video values('2016-09-13 19:48:14', '2016-09-13 20:06:14', 95);
insert into video values('2018-09-02 08:49:55', '2018-09-02 09:19:55', 96);
insert into video values('2017-06-05 21:51:28', '2017-06-05 22:07:28', 96);
insert into video values('2018-11-25 19:14:03', '2018-11-25 19:37:03', 96);
insert into video values('2017-05-17 08:27:39', '2017-05-17 08:39:39', 96);
insert into video values('2018-02-14 14:57:39', '2018-02-14 15:16:39', 97);
insert into video values('2018-12-18 07:58:50', '2018-12-18 08:13:50', 97);
insert into video values('2017-10-30 04:47:43', '2017-10-30 05:04:43', 97);
insert into video values('2018-02-17 15:55:03', '2018-02-17 16:07:03', 97);
insert into video values('2017-03-09 02:06:08', '2017-03-09 02:28:08', 98);
insert into video values('2017-04-20 21:32:17', '2017-04-20 21:56:17', 98);
insert into video values('2016-07-21 17:32:49', '2016-07-21 17:45:49', 99);
insert into video values('2016-08-16 23:19:35', '2016-08-16 23:29:35', 99);
insert into video values('2018-11-14 23:09:06', '2018-11-14 23:36:06', 100);
insert into video values('2017-02-04 17:49:30', '2017-02-04 18:04:30', 100);
insert into video values('2018-10-20 02:10:24', '2018-10-20 02:39:24', 100);
insert into video values('2017-06-17 19:40:57', '2017-06-17 19:51:57', 100);
insert into video values('2018-05-30 04:21:54', '2018-05-30 04:39:54', 101);
insert into video values('2018-04-23 00:56:45', '2018-04-23 01:20:45', 101);
insert into video values('2018-04-02 15:03:57', '2018-04-02 15:14:57', 101);
insert into video values('2016-04-28 10:19:10', '2016-04-28 10:35:10', 101);



insert into segmentoVideo values(0, 2, '2016-12-24 00:51:48', 0);
insert into segmentoVideo values(1, 14, '2016-12-24 00:51:48', 0);
insert into segmentoVideo values(0, 24, '2018-01-21 10:04:15', 0);
insert into segmentoVideo values(0, 2, '2016-02-18 18:56:40', 1);
insert into segmentoVideo values(1, 20, '2016-02-18 18:56:40', 1);
insert into segmentoVideo values(0, 24, '2016-05-05 07:52:43', 1);
insert into segmentoVideo values(0, 2, '2016-05-08 14:51:16', 1);
insert into segmentoVideo values(1, 20, '2016-05-08 14:51:16', 1);
insert into segmentoVideo values(0, 30, '2016-12-26 10:36:25', 2);
insert into segmentoVideo values(0, 24, '2016-03-29 01:10:37', 2);
insert into segmentoVideo values(0, 2, '2018-05-14 15:14:01', 3);
insert into segmentoVideo values(1, 24, '2018-05-14 15:14:01', 3);
insert into segmentoVideo values(0, 23, '2017-05-07 16:53:18', 3);
insert into segmentoVideo values(0, 12, '2018-08-13 16:37:12', 4);
insert into segmentoVideo values(0, 21, '2016-11-17 13:48:11', 4);
insert into segmentoVideo values(0, 2, '2016-11-30 17:09:03', 5);
insert into segmentoVideo values(1, 25, '2016-11-30 17:09:03', 5);
insert into segmentoVideo values(0, 27, '2018-05-12 14:19:38', 5);
insert into segmentoVideo values(0, 2, '2016-08-15 19:27:13', 5);
insert into segmentoVideo values(1, 22, '2016-08-15 19:27:13', 5);
insert into segmentoVideo values(0, 2, '2018-12-12 17:12:52', 6);
insert into segmentoVideo values(1, 23, '2018-12-12 17:12:52', 6);
insert into segmentoVideo values(0, 27, '2016-06-10 08:20:15', 6);
insert into segmentoVideo values(0, 16, '2016-04-16 22:35:20', 6);
insert into segmentoVideo values(0, 2, '2017-01-01 10:49:48', 7);
insert into segmentoVideo values(1, 17, '2017-01-01 10:49:48', 7);
insert into segmentoVideo values(0, 23, '2016-02-19 13:05:25', 7);
insert into segmentoVideo values(0, 2, '2018-06-16 13:37:47', 7);
insert into segmentoVideo values(1, 24, '2018-06-16 13:37:47', 7);
insert into segmentoVideo values(0, 2, '2017-02-05 07:49:15', 8);
insert into segmentoVideo values(1, 27, '2017-02-05 07:49:15', 8);
insert into segmentoVideo values(0, 27, '2018-04-25 02:54:02', 8);
insert into segmentoVideo values(0, 16, '2017-04-02 10:10:41', 8);
insert into segmentoVideo values(0, 2, '2017-02-10 22:40:13', 8);
insert into segmentoVideo values(1, 21, '2017-02-10 22:40:13', 8);
insert into segmentoVideo values(0, 12, '2017-02-15 05:42:53', 9);
insert into segmentoVideo values(0, 26, '2018-08-29 17:31:26', 9);
insert into segmentoVideo values(0, 2, '2016-02-17 23:04:08', 9);
insert into segmentoVideo values(1, 23, '2016-02-17 23:04:08', 9);
insert into segmentoVideo values(0, 2, '2018-05-15 16:45:55', 10);
insert into segmentoVideo values(1, 10, '2018-05-15 16:45:55', 10);
insert into segmentoVideo values(0, 2, '2016-05-17 05:06:27', 10);
insert into segmentoVideo values(1, 22, '2016-05-17 05:06:27', 10);
insert into segmentoVideo values(0, 20, '2016-08-15 10:54:24', 10);
insert into segmentoVideo values(0, 29, '2016-02-06 00:23:04', 11);
insert into segmentoVideo values(0, 13, '2018-06-03 08:51:05', 11);
insert into segmentoVideo values(0, 2, '2016-11-21 04:40:12', 11);
insert into segmentoVideo values(1, 28, '2016-11-21 04:40:12', 11);
insert into segmentoVideo values(0, 28, '2017-07-17 03:45:56', 11);
insert into segmentoVideo values(0, 20, '2018-10-31 12:34:03', 12);
insert into segmentoVideo values(0, 2, '2017-10-31 11:39:52', 12);
insert into segmentoVideo values(1, 11, '2017-10-31 11:39:52', 12);
insert into segmentoVideo values(0, 2, '2017-06-10 15:50:26', 13);
insert into segmentoVideo values(1, 21, '2017-06-10 15:50:26', 13);
insert into segmentoVideo values(0, 30, '2018-03-04 03:18:16', 13);
insert into segmentoVideo values(0, 2, '2016-01-21 11:35:37', 14);
insert into segmentoVideo values(1, 15, '2016-01-21 11:35:37', 14);
insert into segmentoVideo values(0, 2, '2018-02-27 13:15:01', 14);
insert into segmentoVideo values(1, 16, '2018-02-27 13:15:01', 14);
insert into segmentoVideo values(0, 21, '2016-04-15 05:30:31', 14);
insert into segmentoVideo values(0, 29, '2016-01-25 09:00:54', 15);
insert into segmentoVideo values(0, 2, '2018-04-11 15:56:49', 15);
insert into segmentoVideo values(1, 17, '2018-04-11 15:56:49', 15);
insert into segmentoVideo values(0, 24, '2018-08-09 01:05:50', 15);
insert into segmentoVideo values(0, 23, '2017-07-22 08:24:11', 16);
insert into segmentoVideo values(0, 2, '2018-10-15 22:34:00', 16);
insert into segmentoVideo values(1, 17, '2018-10-15 22:34:00', 16);
insert into segmentoVideo values(0, 2, '2017-02-07 17:34:15', 17);
insert into segmentoVideo values(1, 25, '2017-02-07 17:34:15', 17);
insert into segmentoVideo values(0, 2, '2017-08-10 09:55:08', 17);
insert into segmentoVideo values(1, 19, '2017-08-10 09:55:08', 17);
insert into segmentoVideo values(0, 29, '2017-03-05 14:58:06', 18);
insert into segmentoVideo values(0, 24, '2018-08-29 04:09:46', 18);
insert into segmentoVideo values(0, 21, '2016-05-21 11:23:11', 18);
insert into segmentoVideo values(0, 26, '2018-10-06 17:41:03', 18);
insert into segmentoVideo values(0, 28, '2018-06-28 20:41:47', 19);
insert into segmentoVideo values(0, 14, '2016-11-03 06:42:51', 19);
insert into segmentoVideo values(0, 16, '2018-10-14 08:56:23', 19);
insert into segmentoVideo values(0, 2, '2018-03-02 03:24:24', 20);
insert into segmentoVideo values(1, 27, '2018-03-02 03:24:24', 20);
insert into segmentoVideo values(0, 29, '2017-08-07 19:46:42', 20);
insert into segmentoVideo values(0, 2, '2018-02-08 16:42:47', 20);
insert into segmentoVideo values(1, 17, '2018-02-08 16:42:47', 20);
insert into segmentoVideo values(0, 2, '2017-09-24 06:00:35', 20);
insert into segmentoVideo values(1, 24, '2017-09-24 06:00:35', 20);
insert into segmentoVideo values(0, 2, '2016-04-23 10:05:49', 21);
insert into segmentoVideo values(1, 10, '2016-04-23 10:05:49', 21);
insert into segmentoVideo values(0, 2, '2016-10-22 13:03:16', 21);
insert into segmentoVideo values(1, 18, '2016-10-22 13:03:16', 21);
insert into segmentoVideo values(0, 2, '2017-05-25 12:02:42', 22);
insert into segmentoVideo values(1, 24, '2017-05-25 12:02:42', 22);
insert into segmentoVideo values(0, 2, '2018-01-14 20:02:32', 22);
insert into segmentoVideo values(1, 25, '2018-01-14 20:02:32', 22);
insert into segmentoVideo values(0, 10, '2016-07-29 18:38:33', 23);
insert into segmentoVideo values(0, 2, '2016-11-13 06:16:37', 23);
insert into segmentoVideo values(1, 13, '2016-11-13 06:16:37', 23);
insert into segmentoVideo values(0, 10, '2018-02-14 08:48:06', 23);
insert into segmentoVideo values(0, 27, '2018-04-14 16:02:03', 24);
insert into segmentoVideo values(0, 11, '2017-04-16 13:23:39', 24);
insert into segmentoVideo values(0, 17, '2016-10-08 17:11:26', 25);
insert into segmentoVideo values(0, 2, '2016-04-15 20:03:49', 25);
insert into segmentoVideo values(1, 14, '2016-04-15 20:03:49', 25);
insert into segmentoVideo values(0, 2, '2018-11-02 20:24:41', 25);
insert into segmentoVideo values(1, 28, '2018-11-02 20:24:41', 25);
insert into segmentoVideo values(0, 29, '2017-05-11 13:39:04', 26);
insert into segmentoVideo values(0, 21, '2017-12-11 04:59:18', 26);
insert into segmentoVideo values(0, 2, '2016-07-06 19:43:42', 26);
insert into segmentoVideo values(1, 20, '2016-07-06 19:43:42', 26);
insert into segmentoVideo values(0, 14, '2017-06-11 17:58:31', 26);
insert into segmentoVideo values(0, 2, '2017-07-28 01:21:23', 27);
insert into segmentoVideo values(1, 14, '2017-07-28 01:21:23', 27);
insert into segmentoVideo values(0, 25, '2016-12-20 19:24:44', 27);
insert into segmentoVideo values(0, 2, '2017-10-31 05:05:23', 28);
insert into segmentoVideo values(1, 13, '2017-10-31 05:05:23', 28);
insert into segmentoVideo values(0, 2, '2017-08-03 06:53:16', 28);
insert into segmentoVideo values(1, 13, '2017-08-03 06:53:16', 28);
insert into segmentoVideo values(0, 25, '2016-03-04 18:25:45', 28);
insert into segmentoVideo values(0, 24, '2017-05-04 09:52:29', 28);
insert into segmentoVideo values(0, 13, '2018-09-12 04:49:07', 29);
insert into segmentoVideo values(0, 23, '2018-10-16 01:08:20', 29);
insert into segmentoVideo values(0, 23, '2017-10-18 00:00:35', 29);
insert into segmentoVideo values(0, 2, '2017-05-25 16:17:39', 29);
insert into segmentoVideo values(1, 17, '2017-05-25 16:17:39', 29);
insert into segmentoVideo values(0, 20, '2016-01-26 02:06:33', 30);
insert into segmentoVideo values(0, 2, '2016-05-14 06:38:01', 30);
insert into segmentoVideo values(1, 21, '2016-05-14 06:38:01', 30);
insert into segmentoVideo values(0, 2, '2018-01-10 21:48:38', 31);
insert into segmentoVideo values(1, 21, '2018-01-10 21:48:38', 31);
insert into segmentoVideo values(0, 2, '2018-07-07 03:05:29', 31);
insert into segmentoVideo values(1, 12, '2018-07-07 03:05:29', 31);
insert into segmentoVideo values(0, 17, '2018-05-09 14:51:50', 31);
insert into segmentoVideo values(0, 2, '2016-03-23 20:21:15', 32);
insert into segmentoVideo values(1, 14, '2016-03-23 20:21:15', 32);
insert into segmentoVideo values(0, 25, '2017-07-26 15:17:21', 32);
insert into segmentoVideo values(0, 2, '2016-07-19 17:20:39', 32);
insert into segmentoVideo values(1, 13, '2016-07-19 17:20:39', 32);
insert into segmentoVideo values(0, 2, '2018-03-26 09:43:06', 33);
insert into segmentoVideo values(1, 22, '2018-03-26 09:43:06', 33);
insert into segmentoVideo values(0, 21, '2017-11-19 22:45:43', 33);
insert into segmentoVideo values(0, 14, '2016-12-28 19:31:41', 33);
insert into segmentoVideo values(0, 2, '2017-04-28 07:18:01', 33);
insert into segmentoVideo values(1, 15, '2017-04-28 07:18:01', 33);
insert into segmentoVideo values(0, 2, '2016-09-16 01:52:55', 34);
insert into segmentoVideo values(1, 12, '2016-09-16 01:52:55', 34);
insert into segmentoVideo values(0, 29, '2016-10-26 20:35:57', 34);
insert into segmentoVideo values(0, 2, '2018-12-31 07:45:52', 35);
insert into segmentoVideo values(1, 18, '2018-12-31 07:45:52', 35);
insert into segmentoVideo values(0, 29, '2017-04-25 02:33:17', 35);
insert into segmentoVideo values(0, 2, '2016-09-01 00:34:54', 35);
insert into segmentoVideo values(1, 14, '2016-09-01 00:34:54', 35);
insert into segmentoVideo values(0, 2, '2018-07-20 18:05:59', 35);
insert into segmentoVideo values(1, 15, '2018-07-20 18:05:59', 35);
insert into segmentoVideo values(0, 2, '2016-03-19 18:30:31', 36);
insert into segmentoVideo values(1, 18, '2016-03-19 18:30:31', 36);
insert into segmentoVideo values(0, 30, '2017-07-09 23:11:17', 36);
insert into segmentoVideo values(0, 28, '2016-12-05 01:08:59', 36);
insert into segmentoVideo values(0, 2, '2016-11-09 13:40:30', 37);
insert into segmentoVideo values(1, 17, '2016-11-09 13:40:30', 37);
insert into segmentoVideo values(0, 2, '2017-03-25 18:01:31', 37);
insert into segmentoVideo values(1, 14, '2017-03-25 18:01:31', 37);
insert into segmentoVideo values(0, 26, '2016-02-27 07:22:04', 37);
insert into segmentoVideo values(0, 2, '2016-10-16 22:39:52', 37);
insert into segmentoVideo values(1, 12, '2016-10-16 22:39:52', 37);
insert into segmentoVideo values(0, 15, '2016-01-13 09:46:27', 38);
insert into segmentoVideo values(0, 2, '2017-11-27 21:19:49', 38);
insert into segmentoVideo values(1, 20, '2017-11-27 21:19:49', 38);
insert into segmentoVideo values(0, 2, '2016-06-28 18:29:52', 38);
insert into segmentoVideo values(1, 21, '2016-06-28 18:29:52', 38);
insert into segmentoVideo values(0, 21, '2017-02-03 19:48:50', 38);
insert into segmentoVideo values(0, 12, '2018-07-10 18:43:57', 39);
insert into segmentoVideo values(0, 10, '2016-11-12 22:07:17', 39);
insert into segmentoVideo values(0, 23, '2016-09-25 13:18:55', 40);
insert into segmentoVideo values(0, 2, '2017-07-16 05:50:25', 40);
insert into segmentoVideo values(1, 25, '2017-07-16 05:50:25', 40);
insert into segmentoVideo values(0, 2, '2017-04-05 15:32:35', 40);
insert into segmentoVideo values(1, 16, '2017-04-05 15:32:35', 40);
insert into segmentoVideo values(0, 2, '2018-07-01 15:57:17', 41);
insert into segmentoVideo values(1, 16, '2018-07-01 15:57:17', 41);
insert into segmentoVideo values(0, 29, '2017-08-30 07:23:02', 41);
insert into segmentoVideo values(0, 2, '2017-03-31 23:38:04', 42);
insert into segmentoVideo values(1, 17, '2017-03-31 23:38:04', 42);
insert into segmentoVideo values(0, 26, '2017-06-12 19:33:57', 42);
insert into segmentoVideo values(0, 2, '2017-04-11 23:58:26', 42);
insert into segmentoVideo values(1, 17, '2017-04-11 23:58:26', 42);
insert into segmentoVideo values(0, 2, '2017-08-14 17:05:30', 42);
insert into segmentoVideo values(1, 13, '2017-08-14 17:05:30', 42);
insert into segmentoVideo values(0, 13, '2018-01-18 20:03:47', 43);
insert into segmentoVideo values(0, 2, '2017-05-09 02:42:10', 43);
insert into segmentoVideo values(1, 9, '2017-05-09 02:42:10', 43);
insert into segmentoVideo values(0, 2, '2017-05-14 07:36:54', 43);
insert into segmentoVideo values(1, 20, '2017-05-14 07:36:54', 43);
insert into segmentoVideo values(0, 25, '2017-10-20 11:34:11', 44);
insert into segmentoVideo values(0, 13, '2016-12-17 22:01:39', 44);
insert into segmentoVideo values(0, 2, '2017-05-10 14:42:30', 44);
insert into segmentoVideo values(1, 28, '2017-05-10 14:42:30', 44);
insert into segmentoVideo values(0, 2, '2016-02-20 21:24:59', 45);
insert into segmentoVideo values(1, 19, '2016-02-20 21:24:59', 45);
insert into segmentoVideo values(0, 25, '2016-12-11 01:30:13', 45);
insert into segmentoVideo values(0, 23, '2018-06-22 01:14:24', 45);
insert into segmentoVideo values(0, 22, '2017-11-04 22:58:45', 46);
insert into segmentoVideo values(0, 12, '2016-11-04 15:07:37', 46);
insert into segmentoVideo values(0, 2, '2018-12-03 07:35:27', 46);
insert into segmentoVideo values(1, 28, '2018-12-03 07:35:27', 46);
insert into segmentoVideo values(0, 11, '2017-04-28 18:54:23', 46);
insert into segmentoVideo values(0, 2, '2017-01-31 09:47:32', 47);
insert into segmentoVideo values(1, 26, '2017-01-31 09:47:32', 47);
insert into segmentoVideo values(0, 14, '2017-05-08 23:33:12', 47);
insert into segmentoVideo values(0, 2, '2018-07-11 00:25:39', 47);
insert into segmentoVideo values(1, 15, '2018-07-11 00:25:39', 47);
insert into segmentoVideo values(0, 26, '2018-02-02 12:47:02', 48);
insert into segmentoVideo values(0, 2, '2017-05-21 09:42:25', 48);
insert into segmentoVideo values(1, 14, '2017-05-21 09:42:25', 48);
insert into segmentoVideo values(0, 12, '2016-10-04 08:46:19', 48);
insert into segmentoVideo values(0, 2, '2016-04-23 01:53:36', 49);
insert into segmentoVideo values(1, 25, '2016-04-23 01:53:36', 49);
insert into segmentoVideo values(0, 2, '2018-04-13 01:30:19', 49);
insert into segmentoVideo values(1, 23, '2018-04-13 01:30:19', 49);
insert into segmentoVideo values(0, 2, '2017-08-28 21:17:43', 49);
insert into segmentoVideo values(1, 25, '2017-08-28 21:17:43', 49);
insert into segmentoVideo values(0, 2, '2017-08-17 10:56:54', 49);
insert into segmentoVideo values(1, 26, '2017-08-17 10:56:54', 49);
insert into segmentoVideo values(0, 2, '2016-06-07 16:26:19', 50);
insert into segmentoVideo values(1, 15, '2016-06-07 16:26:19', 50);
insert into segmentoVideo values(0, 14, '2018-01-23 23:56:36', 50);
insert into segmentoVideo values(0, 2, '2016-02-14 05:46:27', 51);
insert into segmentoVideo values(1, 16, '2016-02-14 05:46:27', 51);
insert into segmentoVideo values(0, 2, '2016-12-28 14:23:28', 51);
insert into segmentoVideo values(1, 17, '2016-12-28 14:23:28', 51);
insert into segmentoVideo values(0, 2, '2018-08-23 04:55:56', 52);
insert into segmentoVideo values(1, 8, '2018-08-23 04:55:56', 52);
insert into segmentoVideo values(0, 2, '2018-05-08 23:23:04', 52);
insert into segmentoVideo values(1, 27, '2018-05-08 23:23:04', 52);
insert into segmentoVideo values(0, 2, '2016-03-17 02:09:33', 52);
insert into segmentoVideo values(1, 9, '2016-03-17 02:09:33', 52);
insert into segmentoVideo values(0, 14, '2018-10-07 20:23:02', 52);
insert into segmentoVideo values(0, 2, '2016-12-14 19:41:40', 53);
insert into segmentoVideo values(1, 19, '2016-12-14 19:41:40', 53);
insert into segmentoVideo values(0, 2, '2016-05-25 04:13:12', 53);
insert into segmentoVideo values(1, 10, '2016-05-25 04:13:12', 53);
insert into segmentoVideo values(0, 25, '2017-08-05 08:22:02', 53);
insert into segmentoVideo values(0, 2, '2018-03-13 18:12:58', 53);
insert into segmentoVideo values(1, 15, '2018-03-13 18:12:58', 53);
insert into segmentoVideo values(0, 10, '2018-06-14 19:15:59', 54);
insert into segmentoVideo values(0, 26, '2017-01-07 07:55:48', 54);
insert into segmentoVideo values(0, 14, '2016-12-14 23:42:57', 54);
insert into segmentoVideo values(0, 2, '2016-08-05 17:15:32', 55);
insert into segmentoVideo values(1, 27, '2016-08-05 17:15:32', 55);
insert into segmentoVideo values(0, 20, '2016-06-17 19:56:31', 55);
insert into segmentoVideo values(0, 2, '2017-06-16 02:24:12', 55);
insert into segmentoVideo values(1, 28, '2017-06-16 02:24:12', 55);
insert into segmentoVideo values(0, 2, '2018-08-30 19:20:50', 55);
insert into segmentoVideo values(1, 28, '2018-08-30 19:20:50', 55);
insert into segmentoVideo values(0, 23, '2016-11-06 07:12:26', 56);
insert into segmentoVideo values(0, 23, '2016-06-04 08:04:05', 56);
insert into segmentoVideo values(0, 2, '2016-12-06 04:23:34', 57);
insert into segmentoVideo values(1, 23, '2016-12-06 04:23:34', 57);
insert into segmentoVideo values(0, 14, '2016-11-28 03:43:24', 57);
insert into segmentoVideo values(0, 22, '2018-04-19 22:01:13', 57);
insert into segmentoVideo values(0, 2, '2017-12-17 17:15:25', 57);
insert into segmentoVideo values(1, 11, '2017-12-17 17:15:25', 57);
insert into segmentoVideo values(0, 15, '2018-03-01 07:52:17', 58);
insert into segmentoVideo values(0, 2, '2017-04-20 00:53:11', 58);
insert into segmentoVideo values(1, 23, '2017-04-20 00:53:11', 58);
insert into segmentoVideo values(0, 18, '2018-10-01 21:57:53', 58);
insert into segmentoVideo values(0, 2, '2017-12-02 21:03:08', 59);
insert into segmentoVideo values(1, 16, '2017-12-02 21:03:08', 59);
insert into segmentoVideo values(0, 2, '2017-02-10 10:27:28', 59);
insert into segmentoVideo values(1, 10, '2017-02-10 10:27:28', 59);
insert into segmentoVideo values(0, 2, '2018-08-13 15:24:35', 59);
insert into segmentoVideo values(1, 20, '2018-08-13 15:24:35', 59);
insert into segmentoVideo values(0, 2, '2016-05-06 20:40:28', 59);
insert into segmentoVideo values(1, 25, '2016-05-06 20:40:28', 59);
insert into segmentoVideo values(0, 2, '2017-09-29 16:30:41', 60);
insert into segmentoVideo values(1, 12, '2017-09-29 16:30:41', 60);
insert into segmentoVideo values(0, 2, '2016-03-26 11:52:55', 60);
insert into segmentoVideo values(1, 20, '2016-03-26 11:52:55', 60);
insert into segmentoVideo values(0, 15, '2018-10-26 16:33:17', 60);
insert into segmentoVideo values(0, 29, '2017-04-03 10:57:54', 60);
insert into segmentoVideo values(0, 15, '2017-02-03 14:45:32', 61);
insert into segmentoVideo values(0, 12, '2017-10-13 09:36:42', 61);
insert into segmentoVideo values(0, 2, '2018-03-11 11:39:15', 62);
insert into segmentoVideo values(1, 18, '2018-03-11 11:39:15', 62);
insert into segmentoVideo values(0, 20, '2016-11-10 06:14:08', 62);
insert into segmentoVideo values(0, 11, '2018-09-07 04:18:43', 63);
insert into segmentoVideo values(0, 2, '2017-09-25 15:19:53', 63);
insert into segmentoVideo values(1, 12, '2017-09-25 15:19:53', 63);
insert into segmentoVideo values(0, 2, '2017-04-03 03:40:11', 63);
insert into segmentoVideo values(1, 23, '2017-04-03 03:40:11', 63);
insert into segmentoVideo values(0, 2, '2017-07-23 16:31:51', 63);
insert into segmentoVideo values(1, 16, '2017-07-23 16:31:51', 63);
insert into segmentoVideo values(0, 2, '2017-03-12 06:34:41', 64);
insert into segmentoVideo values(1, 13, '2017-03-12 06:34:41', 64);
insert into segmentoVideo values(0, 13, '2017-01-28 13:15:36', 64);
insert into segmentoVideo values(0, 2, '2018-01-28 11:48:36', 65);
insert into segmentoVideo values(1, 22, '2018-01-28 11:48:36', 65);
insert into segmentoVideo values(0, 2, '2017-08-15 09:32:12', 65);
insert into segmentoVideo values(1, 25, '2017-08-15 09:32:12', 65);
insert into segmentoVideo values(0, 19, '2018-06-11 13:05:23', 65);
insert into segmentoVideo values(0, 30, '2017-12-27 04:29:23', 66);
insert into segmentoVideo values(0, 26, '2016-05-03 15:23:13', 66);
insert into segmentoVideo values(0, 2, '2016-08-28 14:03:30', 66);
insert into segmentoVideo values(1, 14, '2016-08-28 14:03:30', 66);
insert into segmentoVideo values(0, 16, '2017-04-01 14:49:44', 66);
insert into segmentoVideo values(0, 2, '2016-03-24 21:40:22', 67);
insert into segmentoVideo values(1, 12, '2016-03-24 21:40:22', 67);
insert into segmentoVideo values(0, 2, '2016-05-16 21:55:18', 67);
insert into segmentoVideo values(1, 20, '2016-05-16 21:55:18', 67);
insert into segmentoVideo values(0, 2, '2017-09-07 19:55:48', 67);
insert into segmentoVideo values(1, 26, '2017-09-07 19:55:48', 67);
insert into segmentoVideo values(0, 28, '2018-08-08 21:42:30', 68);
insert into segmentoVideo values(0, 13, '2018-01-22 02:09:42', 68);
insert into segmentoVideo values(0, 30, '2018-06-14 20:13:05', 68);
insert into segmentoVideo values(0, 2, '2016-10-25 06:33:12', 68);
insert into segmentoVideo values(1, 25, '2016-10-25 06:33:12', 68);
insert into segmentoVideo values(0, 2, '2018-08-06 00:39:35', 69);
insert into segmentoVideo values(1, 10, '2018-08-06 00:39:35', 69);
insert into segmentoVideo values(0, 2, '2017-10-31 05:28:24', 69);
insert into segmentoVideo values(1, 12, '2017-10-31 05:28:24', 69);
insert into segmentoVideo values(0, 2, '2016-11-06 14:08:37', 69);
insert into segmentoVideo values(1, 14, '2016-11-06 14:08:37', 69);
insert into segmentoVideo values(0, 2, '2018-05-07 18:13:33', 70);
insert into segmentoVideo values(1, 19, '2018-05-07 18:13:33', 70);
insert into segmentoVideo values(0, 29, '2018-04-05 06:56:35', 70);
insert into segmentoVideo values(0, 10, '2018-05-12 18:31:30', 71);
insert into segmentoVideo values(0, 20, '2017-11-03 12:11:35', 71);
insert into segmentoVideo values(0, 2, '2017-10-14 16:20:13', 71);
insert into segmentoVideo values(1, 24, '2017-10-14 16:20:13', 71);
insert into segmentoVideo values(0, 15, '2017-05-15 18:42:09', 72);
insert into segmentoVideo values(0, 2, '2017-06-07 05:36:23', 72);
insert into segmentoVideo values(1, 11, '2017-06-07 05:36:23', 72);
insert into segmentoVideo values(0, 14, '2017-06-28 09:51:11', 72);
insert into segmentoVideo values(0, 23, '2018-05-14 23:18:58', 72);
insert into segmentoVideo values(0, 2, '2016-10-19 18:27:03', 73);
insert into segmentoVideo values(1, 15, '2016-10-19 18:27:03', 73);
insert into segmentoVideo values(0, 13, '2016-05-31 11:44:26', 73);
insert into segmentoVideo values(0, 14, '2016-03-30 07:46:36', 74);
insert into segmentoVideo values(0, 2, '2018-06-18 16:26:34', 74);
insert into segmentoVideo values(1, 22, '2018-06-18 16:26:34', 74);
insert into segmentoVideo values(0, 2, '2016-11-22 02:20:46', 74);
insert into segmentoVideo values(1, 22, '2016-11-22 02:20:46', 74);
insert into segmentoVideo values(0, 25, '2017-07-09 05:38:29', 74);
insert into segmentoVideo values(0, 18, '2017-03-03 07:02:30', 75);
insert into segmentoVideo values(0, 2, '2016-04-08 01:05:48', 75);
insert into segmentoVideo values(1, 26, '2016-04-08 01:05:48', 75);
insert into segmentoVideo values(0, 2, '2016-09-19 02:44:58', 75);
insert into segmentoVideo values(1, 13, '2016-09-19 02:44:58', 75);
insert into segmentoVideo values(0, 19, '2017-02-13 16:37:54', 76);
insert into segmentoVideo values(0, 2, '2018-09-23 05:47:37', 76);
insert into segmentoVideo values(1, 22, '2018-09-23 05:47:37', 76);
insert into segmentoVideo values(0, 2, '2017-05-18 19:48:53', 76);
insert into segmentoVideo values(1, 24, '2017-05-18 19:48:53', 76);
insert into segmentoVideo values(0, 13, '2017-03-14 07:04:00', 77);
insert into segmentoVideo values(0, 2, '2016-08-14 12:54:18', 77);
insert into segmentoVideo values(1, 27, '2016-08-14 12:54:18', 77);
insert into segmentoVideo values(0, 2, '2018-02-18 17:19:26', 77);
insert into segmentoVideo values(1, 10, '2018-02-18 17:19:26', 77);
insert into segmentoVideo values(0, 2, '2018-04-22 13:11:24', 77);
insert into segmentoVideo values(1, 16, '2018-04-22 13:11:24', 77);
insert into segmentoVideo values(0, 2, '2017-07-17 07:08:46', 78);
insert into segmentoVideo values(1, 26, '2017-07-17 07:08:46', 78);
insert into segmentoVideo values(0, 24, '2017-09-09 03:33:38', 78);
insert into segmentoVideo values(0, 27, '2018-01-09 08:04:38', 78);
insert into segmentoVideo values(0, 2, '2018-09-07 15:10:33', 78);
insert into segmentoVideo values(1, 26, '2018-09-07 15:10:33', 78);
insert into segmentoVideo values(0, 14, '2017-05-09 17:53:46', 79);
insert into segmentoVideo values(0, 12, '2017-07-30 11:43:47', 79);
insert into segmentoVideo values(0, 2, '2018-02-03 14:52:38', 79);
insert into segmentoVideo values(1, 8, '2018-02-03 14:52:38', 79);
insert into segmentoVideo values(0, 27, '2017-02-19 06:18:00', 79);
insert into segmentoVideo values(0, 2, '2016-10-26 07:41:44', 80);
insert into segmentoVideo values(1, 24, '2016-10-26 07:41:44', 80);
insert into segmentoVideo values(0, 2, '2017-07-28 12:50:11', 80);
insert into segmentoVideo values(1, 20, '2017-07-28 12:50:11', 80);
insert into segmentoVideo values(0, 14, '2018-09-26 21:49:08', 80);
insert into segmentoVideo values(0, 30, '2016-05-25 11:27:31', 81);
insert into segmentoVideo values(0, 2, '2017-01-27 20:23:08', 81);
insert into segmentoVideo values(1, 24, '2017-01-27 20:23:08', 81);
insert into segmentoVideo values(0, 16, '2017-11-23 23:50:37', 81);
insert into segmentoVideo values(0, 2, '2016-04-24 11:45:55', 81);
insert into segmentoVideo values(1, 11, '2016-04-24 11:45:55', 81);
insert into segmentoVideo values(0, 30, '2018-07-05 04:51:40', 82);
insert into segmentoVideo values(0, 2, '2016-03-14 04:23:02', 82);
insert into segmentoVideo values(1, 16, '2016-03-14 04:23:02', 82);
insert into segmentoVideo values(0, 21, '2018-09-11 22:08:20', 83);
insert into segmentoVideo values(0, 2, '2017-05-15 08:08:56', 83);
insert into segmentoVideo values(1, 27, '2017-05-15 08:08:56', 83);
insert into segmentoVideo values(0, 2, '2017-04-19 13:18:56', 83);
insert into segmentoVideo values(1, 25, '2017-04-19 13:18:56', 83);
insert into segmentoVideo values(0, 26, '2017-06-19 11:11:15', 83);
insert into segmentoVideo values(0, 2, '2016-01-26 01:18:13', 84);
insert into segmentoVideo values(1, 9, '2016-01-26 01:18:13', 84);
insert into segmentoVideo values(0, 26, '2016-03-30 05:53:44', 84);
insert into segmentoVideo values(0, 2, '2018-07-28 05:16:27', 84);
insert into segmentoVideo values(1, 16, '2018-07-28 05:16:27', 84);
insert into segmentoVideo values(0, 2, '2017-08-16 02:44:26', 85);
insert into segmentoVideo values(1, 13, '2017-08-16 02:44:26', 85);
insert into segmentoVideo values(0, 2, '2017-04-15 16:03:45', 85);
insert into segmentoVideo values(1, 10, '2017-04-15 16:03:45', 85);
insert into segmentoVideo values(0, 2, '2016-10-11 06:35:39', 86);
insert into segmentoVideo values(1, 14, '2016-10-11 06:35:39', 86);
insert into segmentoVideo values(0, 2, '2017-12-13 16:54:37', 86);
insert into segmentoVideo values(1, 23, '2017-12-13 16:54:37', 86);
insert into segmentoVideo values(0, 2, '2018-12-09 12:53:51', 87);
insert into segmentoVideo values(1, 11, '2018-12-09 12:53:51', 87);
insert into segmentoVideo values(0, 2, '2016-10-26 09:07:11', 87);
insert into segmentoVideo values(1, 23, '2016-10-26 09:07:11', 87);
insert into segmentoVideo values(0, 2, '2018-05-24 22:27:04', 88);
insert into segmentoVideo values(1, 9, '2018-05-24 22:27:04', 88);
insert into segmentoVideo values(0, 18, '2016-11-23 04:06:50', 88);
insert into segmentoVideo values(0, 2, '2017-08-11 10:31:03', 88);
insert into segmentoVideo values(1, 9, '2017-08-11 10:31:03', 88);
insert into segmentoVideo values(0, 29, '2016-10-30 03:57:05', 88);
insert into segmentoVideo values(0, 10, '2016-08-23 11:19:57', 89);
insert into segmentoVideo values(0, 2, '2018-01-02 09:46:34', 89);
insert into segmentoVideo values(1, 28, '2018-01-02 09:46:34', 89);
insert into segmentoVideo values(0, 18, '2018-01-20 07:32:11', 89);
insert into segmentoVideo values(0, 2, '2017-11-22 07:12:33', 90);
insert into segmentoVideo values(1, 20, '2017-11-22 07:12:33', 90);
insert into segmentoVideo values(0, 2, '2016-06-18 06:24:54', 90);
insert into segmentoVideo values(1, 27, '2016-06-18 06:24:54', 90);
insert into segmentoVideo values(0, 2, '2017-02-24 11:19:43', 90);
insert into segmentoVideo values(1, 11, '2017-02-24 11:19:43', 90);
insert into segmentoVideo values(0, 30, '2016-06-21 14:51:54', 90);
insert into segmentoVideo values(0, 2, '2016-12-13 05:43:39', 91);
insert into segmentoVideo values(1, 14, '2016-12-13 05:43:39', 91);
insert into segmentoVideo values(0, 2, '2018-05-14 22:04:36', 91);
insert into segmentoVideo values(1, 24, '2018-05-14 22:04:36', 91);
insert into segmentoVideo values(0, 22, '2018-04-27 03:43:49', 92);
insert into segmentoVideo values(0, 21, '2016-02-07 17:22:00', 92);
insert into segmentoVideo values(0, 2, '2018-06-30 19:42:53', 93);
insert into segmentoVideo values(1, 11, '2018-06-30 19:42:53', 93);
insert into segmentoVideo values(0, 20, '2018-01-26 17:36:08', 93);
insert into segmentoVideo values(0, 13, '2017-09-21 18:44:48', 94);
insert into segmentoVideo values(0, 27, '2016-01-05 15:55:04', 94);
insert into segmentoVideo values(0, 23, '2018-12-13 23:57:55', 95);
insert into segmentoVideo values(0, 18, '2016-09-13 19:48:14', 95);
insert into segmentoVideo values(0, 30, '2018-09-02 08:49:55', 96);
insert into segmentoVideo values(0, 16, '2017-06-05 21:51:28', 96);
insert into segmentoVideo values(0, 23, '2018-11-25 19:14:03', 96);
insert into segmentoVideo values(0, 12, '2017-05-17 08:27:39', 96);
insert into segmentoVideo values(0, 19, '2018-02-14 14:57:39', 97);
insert into segmentoVideo values(0, 15, '2018-12-18 07:58:50', 97);
insert into segmentoVideo values(0, 2, '2017-10-30 04:47:43', 97);
insert into segmentoVideo values(1, 15, '2017-10-30 04:47:43', 97);
insert into segmentoVideo values(0, 2, '2018-02-17 15:55:03', 97);
insert into segmentoVideo values(1, 10, '2018-02-17 15:55:03', 97);
insert into segmentoVideo values(0, 22, '2017-03-09 02:06:08', 98);
insert into segmentoVideo values(0, 24, '2017-04-20 21:32:17', 98);
insert into segmentoVideo values(0, 13, '2016-07-21 17:32:49', 99);
insert into segmentoVideo values(0, 2, '2016-08-16 23:19:35', 99);
insert into segmentoVideo values(1, 8, '2016-08-16 23:19:35', 99);
insert into segmentoVideo values(0, 2, '2018-11-14 23:09:06', 100);
insert into segmentoVideo values(1, 25, '2018-11-14 23:09:06', 100);
insert into segmentoVideo values(0, 15, '2017-02-04 17:49:30', 100);
insert into segmentoVideo values(0, 2, '2018-10-20 02:10:24', 100);
insert into segmentoVideo values(1, 27, '2018-10-20 02:10:24', 100);
insert into segmentoVideo values(0, 2, '2017-06-17 19:40:57', 100);
insert into segmentoVideo values(1, 9, '2017-06-17 19:40:57', 100);
insert into segmentoVideo values(0, 18, '2018-05-30 04:21:54', 101);
insert into segmentoVideo values(0, 24, '2018-04-23 00:56:45', 101);
insert into segmentoVideo values(0, 2, '2018-04-02 15:03:57', 101);
insert into segmentoVideo values(1, 9, '2018-04-02 15:03:57', 101);
insert into segmentoVideo values(0, 2, '2016-04-28 10:19:10', 101);
insert into segmentoVideo values(1, 14, '2016-04-28 10:19:10', 101);



insert into local values('Portimo');
insert into local values('Vila Real');
insert into local values('Bragana');
insert into local values('Viana do Castelo');
insert into local values('Alcobaa');
insert into local values('Sintra');
insert into local values('Funchal');
insert into local values('Portalegre');
insert into local values('Aveiro');
insert into local values('Almada');
insert into local values('Barreiro');
insert into local values('Cartaxo');
insert into local values('Elvas');
insert into local values('Chaves');
insert into local values('Ftima');
insert into local values('Espinho');
insert into local values('Guarda');
insert into local values('Gouveia');
insert into local values('Fundo');
insert into local values('Leiria');
insert into local values('Maia');
insert into local values('Loures');
insert into local values('Moura');
insert into local values('Mirandela');
insert into local values('Penafiel');
insert into local values('Pinhel');
insert into local values('Praia da Vitria');
insert into local values('Queluz');
insert into local values('Ribeira Grande');
insert into local values('Santana');
insert into local values('Santa Cruz');
insert into local values('Seia');
insert into local values('So Pedro do Sul');
insert into local values('Tomar');
insert into local values('Tavira');
insert into local values('Trancoso');
insert into local values('Trofa');
insert into local values('Lisboa');
insert into local values('Porto');
insert into local values('Braga');
insert into local values('Coimbra');
insert into local values('Amadora');
insert into local values('Vila Nova de Gaia');
insert into local values('Setbal');
insert into local values('Beja');
insert into local values('vora');
insert into local values('Faro');
insert into local values('Sines');
insert into local values('Monchique');
insert into local values('Viseu');
insert into local values('Montijo');
insert into local values('Alcochete');
insert into local values('Oliveira do Hospital');
insert into local values('Albufeira');
insert into local values('Olho');
insert into local values('Redondo');
insert into local values('Vila das Aves');
insert into local values('Abrantes');
insert into local values('gueda');
insert into local values('Alccer do Sal');
insert into local values('Alfena');
insert into local values('Costa da Caparica');
insert into local values('Esmoriz');
insert into local values('Estarreja');
insert into local values('Fafe');
insert into local values('Santo Andr');
insert into local values('Felgueiras');
insert into local values('Gondomar');
insert into local values('Nazar');
insert into local values('Horta');
insert into local values('Lagoa');
insert into local values('Lagos');
insert into local values('Sagres');
insert into local values('Loul');
insert into local values('Castro Daire');
insert into local values('Marco de Canavezes');
insert into local values('Montemor-o-Novo');
insert into local values('Ovar');
insert into local values('Peniche');
insert into local values('Ericeira');
insert into local values('Pombal');
insert into local values('Cascais');
insert into local values('Rio Maior');
insert into local values('Sabugal');
insert into local values('Santo Tirso');
insert into local values('Seixal');
insert into local values('Silves');
insert into local values('Tondela');
insert into local values('Valongo');
insert into local values('Vizela');
insert into local values('lhavo');
insert into local values('Lamego');
insert into local values('Lixa');
insert into local values('Lourosa');
insert into local values('Macedo de Cavaleiros');
insert into local values('Machico');
insert into local values('Mes');
insert into local values('Alvor');
insert into local values('Arcozelo');
insert into local values('Coina');
insert into local values('Marzovelos');
insert into local values('Pvoa de Varzim');



insert into vigia values('Lixa', 0);
insert into vigia values('Maia', 1);
insert into vigia values('Fafe', 2);
insert into vigia values('Seia', 3);
insert into vigia values('Ribeira Grande', 4);
insert into vigia values('Tomar', 5);
insert into vigia values('Machico', 6);
insert into vigia values('Espinho', 7);
insert into vigia values('Montijo', 8);
insert into vigia values('Alcobaa', 9);
insert into vigia values('Portimo', 10);
insert into vigia values('Vila Real', 11);
insert into vigia values('Portimo', 12);
insert into vigia values('Seixal', 13);
insert into vigia values('Marco de Canavezes', 14);
insert into vigia values('Monchique', 15);
insert into vigia values('Gouveia', 16);
insert into vigia values('Fundo', 17);
insert into vigia values('Mirandela', 18);
insert into vigia values('Bragana', 19);
insert into vigia values('Alfena', 20);
insert into vigia values('Montijo', 21);
insert into vigia values('Sabugal', 22);
insert into vigia values('Lagoa', 23);
insert into vigia values('Silves', 24);
insert into vigia values('Monchique', 25);
insert into vigia values('Montijo', 26);
insert into vigia values('Fundo', 27);
insert into vigia values('Portimo', 28);
insert into vigia values('Valongo', 29);
insert into vigia values('Coina', 30);
insert into vigia values('Braga', 31);
insert into vigia values('Loures', 32);
insert into vigia values('Loul', 33);
insert into vigia values('Pvoa de Varzim', 34);
insert into vigia values('Rio Maior', 35);
insert into vigia values('Santo Andr', 36);
insert into vigia values('Queluz', 37);
insert into vigia values('gueda', 38);
insert into vigia values('Sines', 39);
insert into vigia values('Beja', 40);
insert into vigia values('Ovar', 41);
insert into vigia values('gueda', 42);
insert into vigia values('Sagres', 43);
insert into vigia values('Montijo', 44);
insert into vigia values('Machico', 45);
insert into vigia values('So Pedro do Sul', 46);
insert into vigia values('Barreiro', 47);
insert into vigia values('Mes', 48);
insert into vigia values('Pinhel', 49);
insert into vigia values('Praia da Vitria', 50);
insert into vigia values('Fundo', 51);
insert into vigia values('Arcozelo', 52);
insert into vigia values('Lisboa', 53);
insert into vigia values('Guarda', 54);
insert into vigia values('Machico', 55);
insert into vigia values('Faro', 56);
insert into vigia values('Amadora', 57);
insert into vigia values('Marco de Canavezes', 58);
insert into vigia values('Nazar', 59);
insert into vigia values('Maia', 60);
insert into vigia values('Sabugal', 61);
insert into vigia values('Porto', 62);
insert into vigia values('Tomar', 63);
insert into vigia values('Bragana', 64);
insert into vigia values('Maia', 65);
insert into vigia values('Peniche', 66);
insert into vigia values('Portimo', 67);
insert into vigia values('Ovar', 68);
insert into vigia values('Peniche', 69);
insert into vigia values('Ftima', 70);
insert into vigia values('Alvor', 71);
insert into vigia values('Abrantes', 72);
insert into vigia values('Horta', 73);
insert into vigia values('Alcobaa', 74);
insert into vigia values('Peniche', 75);
insert into vigia values('Viseu', 76);
insert into vigia values('Porto', 77);
insert into vigia values('Queluz', 78);
insert into vigia values('Mes', 79);
insert into vigia values('Queluz', 80);
insert into vigia values('Ftima', 81);
insert into vigia values('Vizela', 82);
insert into vigia values('Funchal', 83);
insert into vigia values('Marco de Canavezes', 84);
insert into vigia values('Montemor-o-Novo', 85);
insert into vigia values('Porto', 86);
insert into vigia values('Porto', 87);
insert into vigia values('Santa Cruz', 88);
insert into vigia values('Machico', 89);
insert into vigia values('Horta', 90);
insert into vigia values('Abrantes', 91);
insert into vigia values('vora', 92);
insert into vigia values('Machico', 93);
insert into vigia values('Alvor', 94);
insert into vigia values('Vila Nova de Gaia', 95);
insert into vigia values('Sagres', 96);
insert into vigia values('Sabugal', 97);
insert into vigia values('Guarda', 98);
insert into vigia values('Tomar', 99);
insert into vigia values('Praia da Vitria', 100);
insert into vigia values('Alfena', 101);



insert into processoSocorro values(0);
insert into processoSocorro values(1);
insert into processoSocorro values(2);
insert into processoSocorro values(3);
insert into processoSocorro values(4);
insert into processoSocorro values(5);
insert into processoSocorro values(6);
insert into processoSocorro values(7);
insert into processoSocorro values(8);
insert into processoSocorro values(9);
insert into processoSocorro values(10);
insert into processoSocorro values(11);
insert into processoSocorro values(12);
insert into processoSocorro values(13);
insert into processoSocorro values(14);
insert into processoSocorro values(15);
insert into processoSocorro values(16);
insert into processoSocorro values(17);
insert into processoSocorro values(18);
insert into processoSocorro values(19);
insert into processoSocorro values(20);
insert into processoSocorro values(21);
insert into processoSocorro values(22);
insert into processoSocorro values(23);
insert into processoSocorro values(24);
insert into processoSocorro values(25);
insert into processoSocorro values(26);
insert into processoSocorro values(27);
insert into processoSocorro values(28);
insert into processoSocorro values(29);
insert into processoSocorro values(30);
insert into processoSocorro values(31);
insert into processoSocorro values(32);
insert into processoSocorro values(33);
insert into processoSocorro values(34);
insert into processoSocorro values(35);
insert into processoSocorro values(36);
insert into processoSocorro values(37);
insert into processoSocorro values(38);
insert into processoSocorro values(39);
insert into processoSocorro values(40);
insert into processoSocorro values(41);
insert into processoSocorro values(42);
insert into processoSocorro values(43);
insert into processoSocorro values(44);
insert into processoSocorro values(45);
insert into processoSocorro values(46);
insert into processoSocorro values(47);
insert into processoSocorro values(48);
insert into processoSocorro values(49);
insert into processoSocorro values(50);
insert into processoSocorro values(51);
insert into processoSocorro values(52);
insert into processoSocorro values(53);
insert into processoSocorro values(54);
insert into processoSocorro values(55);
insert into processoSocorro values(56);
insert into processoSocorro values(57);
insert into processoSocorro values(58);
insert into processoSocorro values(59);
insert into processoSocorro values(60);
insert into processoSocorro values(61);
insert into processoSocorro values(62);
insert into processoSocorro values(63);
insert into processoSocorro values(64);
insert into processoSocorro values(65);
insert into processoSocorro values(66);
insert into processoSocorro values(67);
insert into processoSocorro values(68);
insert into processoSocorro values(69);
insert into processoSocorro values(70);
insert into processoSocorro values(71);
insert into processoSocorro values(72);
insert into processoSocorro values(73);
insert into processoSocorro values(74);
insert into processoSocorro values(75);
insert into processoSocorro values(76);
insert into processoSocorro values(77);
insert into processoSocorro values(78);
insert into processoSocorro values(79);
insert into processoSocorro values(80);
insert into processoSocorro values(81);
insert into processoSocorro values(82);
insert into processoSocorro values(83);
insert into processoSocorro values(84);
insert into processoSocorro values(85);
insert into processoSocorro values(86);
insert into processoSocorro values(87);
insert into processoSocorro values(88);
insert into processoSocorro values(89);
insert into processoSocorro values(90);
insert into processoSocorro values(91);
insert into processoSocorro values(92);
insert into processoSocorro values(93);
insert into processoSocorro values(94);
insert into processoSocorro values(95);
insert into processoSocorro values(96);
insert into processoSocorro values(97);
insert into processoSocorro values(98);
insert into processoSocorro values(99);
insert into processoSocorro values(100);
insert into processoSocorro values(101);



insert into eventoEmergencia values(960000000, '2017-04-20 18:37:20', 'Carolina', 'Almada', 0);
insert into eventoEmergencia values(960000001, '2016-01-06 23:17:50', 'Carolina', 'So Pedro do Sul', 1);
insert into eventoEmergencia values(960000002, '2016-11-04 20:04:51', 'Catarina', 'Sabugal', 2);
insert into eventoEmergencia values(960000003, '2018-01-04 12:21:09', 'Pedro', 'Seixal', 3);
insert into eventoEmergencia values(960000004, '2017-02-28 04:28:50', 'Catarina', 'Vizela', 4);
insert into eventoEmergencia values(960000005, '2016-09-01 04:47:20', 'Miguel', 'Silves', 5);
insert into eventoEmergencia values(960000006, '2017-01-20 07:19:46', 'Jonas', 'Chaves', 6);
insert into eventoEmergencia values(960000007, '2016-05-01 00:00:15', 'Joo', 'Fafe', 7);
insert into eventoEmergencia values(960000008, '2017-08-07 07:08:28', 'Sancidino', 'Lamego', 8);
insert into eventoEmergencia values(960000009, '2017-01-07 07:06:35', 'Lus', 'Albufeira', 9);
insert into eventoEmergencia values(960000010, '2018-09-03 02:17:42', 'Simo', 'Alfena', 10);
insert into eventoEmergencia values(960000011, '2017-07-01 14:37:00', 'Margarida', 'Moura', 11);
insert into eventoEmergencia values(960000012, '2017-12-15 01:21:12', 'Simo', 'Macedo de Cavaleiros', 12);
insert into eventoEmergencia values(960000013, '2018-10-04 06:25:14', 'Joo', 'Beja', 13);
insert into eventoEmergencia values(960000014, '2018-10-15 05:39:46', 'Madalena', 'Viana do Castelo', 14);
insert into eventoEmergencia values(960000015, '2018-08-10 09:34:09', 'Madalena', 'Sines', 15);
insert into eventoEmergencia values(960000016, '2018-04-04 11:29:14', 'Ricardo', 'Alcochete', 16);
insert into eventoEmergencia values(960000017, '2018-08-09 22:05:41', 'der', 'Praia da Vitria', 17);
insert into eventoEmergencia values(960000018, '2018-05-01 09:34:22', 'Jonas', 'So Pedro do Sul', 18);
insert into eventoEmergencia values(960000019, '2018-10-25 13:35:21', 'Pedro', 'Seia', 19);
insert into eventoEmergencia values(960000020, '2017-02-19 16:51:55', 'Lus', 'Loul', 20);
insert into eventoEmergencia values(960000021, '2016-12-01 20:32:11', 'Maria', 'Sabugal', 21);
insert into eventoEmergencia values(960000022, '2016-11-24 18:08:35', 'Joana', 'Gouveia', 22);
insert into eventoEmergencia values(960000023, '2016-06-23 17:47:01', 'Ana', 'Alcochete', 23);
insert into eventoEmergencia values(960000024, '2016-01-29 23:35:24', 'Bruno Fernandes', 'Moura', 24);
insert into eventoEmergencia values(960000025, '2018-04-29 02:29:25', 'Jonas', 'Praia da Vitria', 25);
insert into eventoEmergencia values(960000026, '2017-05-26 00:10:49', 'Lus', 'Silves', 26);
insert into eventoEmergencia values(960000027, '2018-06-27 11:02:26', 'Maria', 'Coina', 27);
insert into eventoEmergencia values(960000028, '2017-11-16 01:27:42', 'Joana', 'Rio Maior', 28);
insert into eventoEmergencia values(960000029, '2018-09-28 19:08:28', 'Cristiano Ronaldo', 'Gondomar', 29);
insert into eventoEmergencia values(960000030, '2018-04-07 23:02:29', 'Margarida', 'Fafe', 30);
insert into eventoEmergencia values(960000031, '2016-07-16 13:31:12', 'Lus', 'Amadora', 31);
insert into eventoEmergencia values(960000032, '2018-11-19 06:52:00', 'Cristiano Ronaldo', 'Rio Maior', 32);
insert into eventoEmergencia values(960000033, '2018-01-09 04:22:24', 'Cames', 'Portalegre', 33);
insert into eventoEmergencia values(960000034, '2017-01-28 22:00:23', 'Toms', 'Sines', 34);
insert into eventoEmergencia values(960000035, '2016-11-27 06:42:04', 'Cristiano Ronaldo', 'Gouveia', 35);
insert into eventoEmergencia values(960000036, '2016-07-26 18:35:11', 'Joana', 'Santo Andr', 36);
insert into eventoEmergencia values(960000037, '2016-10-17 21:27:06', 'Carolina', 'Abrantes', 37);
insert into eventoEmergencia values(960000038, '2016-05-26 13:09:17', 'Maria', 'Machico', 38);
insert into eventoEmergencia values(960000039, '2016-07-22 14:28:26', 'Cames', 'Gondomar', 39);
insert into eventoEmergencia values(960000040, '2016-09-13 21:08:39', 'Maria', 'Felgueiras', 40);
insert into eventoEmergencia values(960000041, '2018-03-22 17:00:52', 'Marega', 'Abrantes', 41);
insert into eventoEmergencia values(960000042, '2018-08-21 17:05:34', 'Marega', 'Sabugal', 42);
insert into eventoEmergencia values(960000043, '2018-09-15 02:23:21', 'Simo', 'Porto', 43);
insert into eventoEmergencia values(960000044, '2016-07-23 00:16:57', 'Joo', 'Penafiel', 44);
insert into eventoEmergencia values(960000045, '2018-12-28 02:56:48', 'Lus', 'Peniche', 45);
insert into eventoEmergencia values(960000046, '2018-10-16 14:38:11', 'Rita', 'Vila das Aves', 46);
insert into eventoEmergencia values(960000047, '2017-11-28 07:09:46', 'Toms', 'Amadora', 47);
insert into eventoEmergencia values(960000048, '2016-01-06 12:17:42', 'Ana', 'Ovar', 48);
insert into eventoEmergencia values(960000049, '2017-11-22 15:54:15', 'Rita', 'Lisboa', 49);
insert into eventoEmergencia values(960000050, '2016-04-06 13:09:44', 'der', 'Machico', 50);
insert into eventoEmergencia values(960000051, '2017-06-18 20:26:14', 'Simo', 'So Pedro do Sul', 51);
insert into eventoEmergencia values(960000052, '2016-12-01 12:51:44', 'Jonas', 'Vila das Aves', 52);
insert into eventoEmergencia values(960000053, '2017-11-27 22:56:43', 'Carolina', 'Loures', 53);
insert into eventoEmergencia values(960000054, '2016-05-02 10:09:52', 'Simo', 'Monchique', 54);
insert into eventoEmergencia values(960000055, '2016-09-22 06:08:47', 'Lus', 'Arcozelo', 55);
insert into eventoEmergencia values(960000056, '2016-07-19 17:19:29', 'Margarida', 'Oliveira do Hospital', 56);
insert into eventoEmergencia values(960000057, '2017-10-20 22:49:19', 'Joo', 'Porto', 57);
insert into eventoEmergencia values(960000058, '2017-12-09 14:06:02', 'Lus', 'Esmoriz', 58);
insert into eventoEmergencia values(960000059, '2017-04-20 22:43:32', 'Ricardo', 'Aveiro', 59);
insert into eventoEmergencia values(960000060, '2018-06-25 03:06:36', 'Catarina', 'Viana do Castelo', 60);
insert into eventoEmergencia values(960000061, '2017-05-07 14:20:27', 'Toms', 'Queluz', 61);
insert into eventoEmergencia values(960000062, '2016-03-11 03:38:46', 'Marega', 'Viseu', 62);
insert into eventoEmergencia values(960000063, '2018-08-24 16:47:18', 'Joana', 'Silves', 63);
insert into eventoEmergencia values(960000064, '2017-11-04 07:34:23', 'Margarida', 'Peniche', 64);
insert into eventoEmergencia values(960000065, '2017-06-23 05:10:36', 'Pedro', 'Barreiro', 65);
insert into eventoEmergencia values(960000066, '2018-01-01 04:56:03', 'Marega', 'Portimo', 66);
insert into eventoEmergencia values(960000067, '2018-02-06 01:18:38', 'Cristiano Ronaldo', 'Pvoa de Varzim', 67);
insert into eventoEmergencia values(960000068, '2016-02-19 16:21:07', 'Pedro', 'Vizela', 68);
insert into eventoEmergencia values(960000069, '2017-09-06 22:41:25', 'Toms', 'Arcozelo', 69);
insert into eventoEmergencia values(960000070, '2018-04-06 07:02:30', 'der', 'Montemor-o-Novo', 70);
insert into eventoEmergencia values(960000071, '2017-10-01 06:40:58', 'Marega', 'Albufeira', 71);
insert into eventoEmergencia values(960000072, '2016-01-25 12:38:29', 'Catarina', 'Espinho', 72);
insert into eventoEmergencia values(960000073, '2017-07-13 04:52:21', 'Jonas', 'Ribeira Grande', 73);
insert into eventoEmergencia values(960000074, '2017-04-04 13:11:18', 'Maria', 'Sintra', 74);
insert into eventoEmergencia values(960000075, '2016-10-11 07:58:51', 'Cristiano Ronaldo', 'Beja', 75);
insert into eventoEmergencia values(960000076, '2016-03-14 05:48:40', 'Toms', 'Pinhel', 76);
insert into eventoEmergencia values(960000077, '2017-06-20 13:12:59', 'Miguel', 'Mes', 77);
insert into eventoEmergencia values(960000078, '2018-01-20 23:38:30', 'Lus', 'Chaves', 78);
insert into eventoEmergencia values(960000079, '2016-01-28 01:51:14', 'Lus', 'Silves', 79);
insert into eventoEmergencia values(960000080, '2017-12-19 12:51:08', 'Simo', 'Alcochete', 80);
insert into eventoEmergencia values(960000081, '2018-07-07 18:16:11', 'Madalena', 'Viana do Castelo', 81);
insert into eventoEmergencia values(960000082, '2016-07-10 21:01:06', 'der', 'Cascais', 82);
insert into eventoEmergencia values(960000083, '2017-09-23 21:32:34', 'Cristiano Ronaldo', 'Fundo', 83);
insert into eventoEmergencia values(960000084, '2016-02-13 22:28:51', 'Pedro', 'Abrantes', 84);
insert into eventoEmergencia values(960000085, '2016-05-14 13:50:25', 'Toms', 'Castro Daire', 85);
insert into eventoEmergencia values(960000086, '2017-07-04 19:54:09', 'Cames', 'Nazar', 86);
insert into eventoEmergencia values(960000087, '2016-02-27 18:35:09', 'Carolina', 'Estarreja', 87);
insert into eventoEmergencia values(960000088, '2016-09-06 01:25:28', 'Ricardo', 'Lourosa', 88);
insert into eventoEmergencia values(960000089, '2018-05-15 23:30:16', 'Joana', 'Vizela', 89);
insert into eventoEmergencia values(960000090, '2017-08-02 04:33:34', 'Madalena', 'Sines', 90);
insert into eventoEmergencia values(960000091, '2017-09-21 18:19:30', 'Cristiano Ronaldo', 'Lourosa', 91);
insert into eventoEmergencia values(960000092, '2017-02-18 19:29:57', 'Cames', 'Castro Daire', 92);
insert into eventoEmergencia values(960000093, '2018-06-25 15:57:49', 'Miguel', 'Bragana', 93);
insert into eventoEmergencia values(960000094, '2018-01-09 14:16:12', 'der', 'Lagos', 94);
insert into eventoEmergencia values(960000095, '2017-03-23 06:39:27', 'Rita', 'Barreiro', 95);
insert into eventoEmergencia values(960000096, '2016-06-07 23:17:02', 'Simo', 'Leiria', 96);
insert into eventoEmergencia values(960000097, '2017-10-15 15:18:07', 'Miguel', 'Monchique', 97);
insert into eventoEmergencia values(960000098, '2016-04-01 08:05:12', 'Marega', 'Viseu', 98);
insert into eventoEmergencia values(960000099, '2017-10-11 04:45:38', 'Joana', 'Alfena', 99);
insert into eventoEmergencia values(960000100, '2017-07-17 03:57:48', 'Margarida', 'Alccer do Sal', 100);
insert into eventoEmergencia values(960000101, '2017-09-13 21:00:40', 'Cames', 'Lamego', 101);
insert into eventoEmergencia values(960000102, '2018-03-08 03:56:06', 'Miguel', 'Mirandela', 0);
insert into eventoEmergencia values(960000103, '2018-04-18 18:36:40', 'Carolina', 'Ftima', 1);
insert into eventoEmergencia values(960000104, '2018-06-16 05:09:18', 'Sancidino', 'Machico', 2);
insert into eventoEmergencia values(960000105, '2017-09-14 12:19:30', 'Marega', 'Lisboa', 3);
insert into eventoEmergencia values(960000106, '2017-02-04 05:47:31', 'Lus', 'Guarda', 4);
insert into eventoEmergencia values(960000107, '2016-05-28 10:18:14', 'Rita', 'vora', 5);
insert into eventoEmergencia values(960000108, '2018-10-25 10:19:47', 'Lus', 'Rio Maior', 6);
insert into eventoEmergencia values(960000109, '2018-12-02 00:09:32', 'Jonas', 'Faro', 7);
insert into eventoEmergencia values(960000110, '2017-10-21 04:29:35', 'Carolina', 'Viana do Castelo', 8);
insert into eventoEmergencia values(960000111, '2018-06-25 15:08:37', 'Cames', 'Santana', 9);
insert into eventoEmergencia values(960000112, '2016-01-31 20:29:12', 'Carolina', 'Gouveia', 10);
insert into eventoEmergencia values(960000113, '2018-03-15 22:58:21', 'Bruno Fernandes', 'Loul', 11);
insert into eventoEmergencia values(960000114, '2018-10-07 08:51:32', 'Maria', 'Tomar', 12);
insert into eventoEmergencia values(960000115, '2017-07-05 22:04:41', 'Sancidino', 'Montemor-o-Novo', 13);
insert into eventoEmergencia values(960000116, '2018-10-13 14:04:34', 'Pedro', 'Castro Daire', 14);
insert into eventoEmergencia values(960000117, '2017-05-11 19:58:35', 'Lus', 'Beja', 15);
insert into eventoEmergencia values(960000118, '2016-04-06 01:00:13', 'Maria', 'Ftima', 16);
insert into eventoEmergencia values(960000119, '2016-10-11 06:38:00', 'Cristiano Ronaldo', 'Praia da Vitria', 17);
insert into eventoEmergencia values(960000120, '2018-11-19 00:31:46', 'Simo', 'Ribeira Grande', 18);
insert into eventoEmergencia values(960000121, '2017-01-19 12:38:00', 'Sancidino', 'Oliveira do Hospital', 19);
insert into eventoEmergencia values(960000122, '2018-07-11 19:05:14', 'Joo', 'Marco de Canavezes', 20);
insert into eventoEmergencia values(960000123, '2017-09-29 07:03:07', 'Lus', 'Loures', 21);
insert into eventoEmergencia values(960000124, '2017-07-05 16:27:38', 'Pedro', 'Portimo', 22);
insert into eventoEmergencia values(960000125, '2018-08-21 00:54:07', 'Marega', 'lhavo', 23);
insert into eventoEmergencia values(960000126, '2016-10-12 01:53:06', 'Miguel', 'Faro', 24);
insert into eventoEmergencia values(960000127, '2018-07-12 17:55:05', 'Cames', 'Trofa', 25);
insert into eventoEmergencia values(960000128, '2016-12-26 00:15:00', 'Margarida', 'Seixal', 26);
insert into eventoEmergencia values(960000129, '2016-04-07 18:07:58', 'Marega', 'Funchal', 27);
insert into eventoEmergencia values(960000130, '2017-03-19 18:01:14', 'Toms', 'Leiria', 28);
insert into eventoEmergencia values(960000131, '2016-05-08 00:31:01', 'Cames', 'Abrantes', 29);
insert into eventoEmergencia values(960000132, '2016-01-10 10:11:08', 'Rita', 'Santa Cruz', 30);
insert into eventoEmergencia values(960000133, '2018-06-28 11:02:43', 'Ricardo', 'So Pedro do Sul', 31);
insert into eventoEmergencia values(960000134, '2018-07-23 19:47:08', 'Rita', 'Penafiel', 32);
insert into eventoEmergencia values(960000135, '2017-01-07 13:54:19', 'Simo', 'Viana do Castelo', 33);
insert into eventoEmergencia values(960000136, '2016-01-25 23:27:10', 'Ricardo', 'Mirandela', 34);
insert into eventoEmergencia values(960000137, '2017-12-21 11:08:36', 'Joana', 'Lagoa', 35);
insert into eventoEmergencia values(960000138, '2017-11-24 09:13:11', 'Sancidino', 'Fundo', 36);
insert into eventoEmergencia values(960000139, '2016-09-01 12:05:54', 'Lus', 'Tondela', 37);
insert into eventoEmergencia values(960000140, '2016-09-20 23:07:38', 'Margarida', 'Pvoa de Varzim', 38);
insert into eventoEmergencia values(960000141, '2016-03-30 09:10:31', 'Cristiano Ronaldo', 'Cascais', 39);
insert into eventoEmergencia values(960000142, '2018-07-08 18:12:10', 'Joo', 'Fafe', 40);
insert into eventoEmergencia values(960000143, '2016-04-06 10:27:27', 'Rita', 'Machico', 41);
insert into eventoEmergencia values(960000144, '2016-11-03 13:18:00', 'Joana', 'Lamego', 42);
insert into eventoEmergencia values(960000145, '2016-12-06 00:30:04', 'Cristiano Ronaldo', 'Machico', 43);
insert into eventoEmergencia values(960000146, '2016-09-08 17:05:15', 'Margarida', 'Lisboa', 44);
insert into eventoEmergencia values(960000147, '2016-08-16 14:27:04', 'Catarina', 'Viana do Castelo', 45);
insert into eventoEmergencia values(960000148, '2016-05-01 15:27:13', 'Jonas', 'Fundo', 46);
insert into eventoEmergencia values(960000149, '2017-12-27 17:45:17', 'Lus', 'Lisboa', 47);



insert into entidadeMeio values('Bombeiros de Vila Real');
insert into entidadeMeio values('Junta de Freguesia de Mirandela');
insert into entidadeMeio values('Bombeiros de Braga');
insert into entidadeMeio values('Junta de Freguesia de Fundo');
insert into entidadeMeio values('Junta de Freguesia de Seixal');
insert into entidadeMeio values('Polcia de Sagres');
insert into entidadeMeio values('Polcia de Moura');
insert into entidadeMeio values('Bombeiros de Silves');
insert into entidadeMeio values('Polcia de Fafe');
insert into entidadeMeio values('Polcia de Olho');
insert into entidadeMeio values('Bombeiros de Lixa');
insert into entidadeMeio values('Polcia de lhavo');
insert into entidadeMeio values('Junta de Freguesia de Leiria');
insert into entidadeMeio values('Polcia de Bragana');
insert into entidadeMeio values('Junta de Freguesia de Moura');
insert into entidadeMeio values('Bombeiros de Tavira');
insert into entidadeMeio values('Bombeiros de Funchal');
insert into entidadeMeio values('Junta de Freguesia de Marco de Canavezes');
insert into entidadeMeio values('Polcia de Marco de Canavezes');
insert into entidadeMeio values('Polcia de Seixal');
insert into entidadeMeio values('Polcia de Alvor');
insert into entidadeMeio values('Polcia de Vizela');
insert into entidadeMeio values('Bombeiros de Barreiro');
insert into entidadeMeio values('Bombeiros de Alfena');
insert into entidadeMeio values('Polcia de Alcobaa');
insert into entidadeMeio values('Polcia de Braga');
insert into entidadeMeio values('Junta de Freguesia de Pvoa de Varzim');
insert into entidadeMeio values('Bombeiros de Coina');
insert into entidadeMeio values('Bombeiros de Porto');
insert into entidadeMeio values('Bombeiros de Guarda');
insert into entidadeMeio values('Polcia de Arcozelo');
insert into entidadeMeio values('Bombeiros de Leiria');
insert into entidadeMeio values('Polcia de Gouveia');
insert into entidadeMeio values('Junta de Freguesia de Horta');
insert into entidadeMeio values('Bombeiros de Gouveia');
insert into entidadeMeio values('Polcia de Lourosa');
insert into entidadeMeio values('Junta de Freguesia de Queluz');
insert into entidadeMeio values('Bombeiros de Santana');
insert into entidadeMeio values('Bombeiros de Sines');
insert into entidadeMeio values('Polcia de Monchique');
insert into entidadeMeio values('Bombeiros de Alcobaa');
insert into entidadeMeio values('Bombeiros de Viseu');
insert into entidadeMeio values('Bombeiros de Alvor');
insert into entidadeMeio values('Junta de Freguesia de Cartaxo');
insert into entidadeMeio values('Junta de Freguesia de Tavira');
insert into entidadeMeio values('Polcia de Portimo');
insert into entidadeMeio values('Bombeiros de Amadora');
insert into entidadeMeio values('Bombeiros de Oliveira do Hospital');
insert into entidadeMeio values('Polcia de Costa da Caparica');
insert into entidadeMeio values('Polcia de Alcochete');
insert into entidadeMeio values('Polcia de Penafiel');
insert into entidadeMeio values('Polcia de Montemor-o-Novo');
insert into entidadeMeio values('Junta de Freguesia de Machico');
insert into entidadeMeio values('Polcia de Silves');
insert into entidadeMeio values('Junta de Freguesia de Almada');
insert into entidadeMeio values('Junta de Freguesia de Seia');
insert into entidadeMeio values('Polcia de Santo Tirso');
insert into entidadeMeio values('Polcia de Albufeira');
insert into entidadeMeio values('Junta de Freguesia de Braga');
insert into entidadeMeio values('Junta de Freguesia de Ovar');
insert into entidadeMeio values('Junta de Freguesia de Amadora');
insert into entidadeMeio values('Bombeiros de Ericeira');
insert into entidadeMeio values('Polcia de Alccer do Sal');
insert into entidadeMeio values('Bombeiros de Marzovelos');
insert into entidadeMeio values('Polcia de Seia');
insert into entidadeMeio values('Polcia de Mes');
insert into entidadeMeio values('Bombeiros de Fafe');
insert into entidadeMeio values('Junta de Freguesia de Montijo');
insert into entidadeMeio values('Polcia de Vila Real');
insert into entidadeMeio values('Junta de Freguesia de Vila Nova de Gaia');
insert into entidadeMeio values('Bombeiros de Machico');
insert into entidadeMeio values('Bombeiros de Monchique');
insert into entidadeMeio values('Junta de Freguesia de Peniche');
insert into entidadeMeio values('Polcia de Lisboa');
insert into entidadeMeio values('Bombeiros de Valongo');
insert into entidadeMeio values('Polcia de Rio Maior');
insert into entidadeMeio values('Polcia de Macedo de Cavaleiros');
insert into entidadeMeio values('Junta de Freguesia de Coina');
insert into entidadeMeio values('Bombeiros de vora');
insert into entidadeMeio values('Junta de Freguesia de Estarreja');
insert into entidadeMeio values('Bombeiros de Abrantes');
insert into entidadeMeio values('Polcia de Portalegre');
insert into entidadeMeio values('Junta de Freguesia de Barreiro');
insert into entidadeMeio values('Junta de Freguesia de Trancoso');
insert into entidadeMeio values('Junta de Freguesia de Sines');
insert into entidadeMeio values('Polcia de Guarda');
insert into entidadeMeio values('Bombeiros de Espinho');
insert into entidadeMeio values('Polcia de gueda');
insert into entidadeMeio values('Bombeiros de Ovar');
insert into entidadeMeio values('Bombeiros de Lagos');
insert into entidadeMeio values('Bombeiros de Sabugal');
insert into entidadeMeio values('Junta de Freguesia de Santo Andr');
insert into entidadeMeio values('Junta de Freguesia de Mes');
insert into entidadeMeio values('Bombeiros de Pvoa de Varzim');
insert into entidadeMeio values('Junta de Freguesia de Tondela');
insert into entidadeMeio values('Polcia de Pvoa de Varzim');
insert into entidadeMeio values('Junta de Freguesia de Gondomar');
insert into entidadeMeio values('Junta de Freguesia de Gouveia');
insert into entidadeMeio values('Bombeiros de Alcochete');
insert into entidadeMeio values('Junta de Freguesia de Felgueiras');
insert into entidadeMeio values('Bombeiros de Albufeira');
insert into entidadeMeio values('Bombeiros de Bragana');



insert into meio values(0, 'Helicptero', 'Bombeiros de Vila Real');
insert into meio values(1, 'Ambulncia', 'Bombeiros de Vila Real');
insert into meio values(2, 'Ambulncia', 'Bombeiros de Vila Real');
insert into meio values(3, 'Carrinha', 'Bombeiros de Vila Real');
insert into meio values(0, 'Ambulncia', 'Junta de Freguesia de Mirandela');
insert into meio values(1, 'Carrinha', 'Junta de Freguesia de Mirandela');
insert into meio values(2, 'Camio', 'Junta de Freguesia de Mirandela');
insert into meio values(3, 'Camio', 'Junta de Freguesia de Mirandela');
insert into meio values(0, 'Camio', 'Bombeiros de Braga');
insert into meio values(1, 'Ambulncia', 'Bombeiros de Braga');
insert into meio values(2, 'Carrinha', 'Bombeiros de Braga');
insert into meio values(3, 'Camio', 'Bombeiros de Braga');
insert into meio values(4, 'Camio', 'Bombeiros de Braga');
insert into meio values(0, 'Ambulncia', 'Junta de Freguesia de Fundo');
insert into meio values(1, 'Camio', 'Junta de Freguesia de Fundo');
insert into meio values(2, 'Helicptero', 'Junta de Freguesia de Fundo');
insert into meio values(0, 'Carrinha', 'Junta de Freguesia de Seixal');
insert into meio values(1, 'Carrinha', 'Junta de Freguesia de Seixal');
insert into meio values(2, 'Helicptero', 'Junta de Freguesia de Seixal');
insert into meio values(3, 'Ambulncia', 'Junta de Freguesia de Seixal');
insert into meio values(0, 'Helicptero', 'Polcia de Sagres');
insert into meio values(1, 'Helicptero', 'Polcia de Sagres');
insert into meio values(2, 'Helicptero', 'Polcia de Sagres');
insert into meio values(0, 'Ambulncia', 'Polcia de Moura');
insert into meio values(1, 'Carrinha', 'Polcia de Moura');
insert into meio values(2, 'Camio', 'Polcia de Moura');
insert into meio values(3, 'Ambulncia', 'Polcia de Moura');
insert into meio values(4, 'Camio', 'Polcia de Moura');
insert into meio values(0, 'Ambulncia', 'Bombeiros de Silves');
insert into meio values(1, 'Ambulncia', 'Bombeiros de Silves');
insert into meio values(2, 'Helicptero', 'Bombeiros de Silves');
insert into meio values(0, 'Camio', 'Polcia de Fafe');
insert into meio values(1, 'Ambulncia', 'Polcia de Fafe');
insert into meio values(2, 'Carrinha', 'Polcia de Fafe');
insert into meio values(3, 'Carrinha', 'Polcia de Fafe');
insert into meio values(4, 'Camio', 'Polcia de Fafe');
insert into meio values(0, 'Helicptero', 'Polcia de Olho');
insert into meio values(1, 'Camio', 'Polcia de Olho');
insert into meio values(2, 'Ambulncia', 'Polcia de Olho');
insert into meio values(3, 'Carrinha', 'Polcia de Olho');
insert into meio values(0, 'Helicptero', 'Bombeiros de Lixa');
insert into meio values(1, 'Camio', 'Bombeiros de Lixa');
insert into meio values(2, 'Helicptero', 'Bombeiros de Lixa');
insert into meio values(0, 'Camio', 'Polcia de lhavo');
insert into meio values(1, 'Ambulncia', 'Polcia de lhavo');
insert into meio values(2, 'Helicptero', 'Polcia de lhavo');
insert into meio values(3, 'Ambulncia', 'Polcia de lhavo');
insert into meio values(4, 'Helicptero', 'Polcia de lhavo');
insert into meio values(0, 'Carrinha', 'Junta de Freguesia de Leiria');
insert into meio values(1, 'Camio', 'Junta de Freguesia de Leiria');
insert into meio values(2, 'Carrinha', 'Junta de Freguesia de Leiria');
insert into meio values(3, 'Ambulncia', 'Junta de Freguesia de Leiria');
insert into meio values(4, 'Helicptero', 'Junta de Freguesia de Leiria');
insert into meio values(0, 'Carrinha', 'Polcia de Bragana');
insert into meio values(1, 'Helicptero', 'Polcia de Bragana');
insert into meio values(2, 'Helicptero', 'Polcia de Bragana');
insert into meio values(0, 'Camio', 'Junta de Freguesia de Moura');
insert into meio values(1, 'Helicptero', 'Junta de Freguesia de Moura');
insert into meio values(2, 'Carrinha', 'Junta de Freguesia de Moura');
insert into meio values(0, 'Carrinha', 'Bombeiros de Tavira');
insert into meio values(1, 'Camio', 'Bombeiros de Tavira');
insert into meio values(2, 'Helicptero', 'Bombeiros de Tavira');
insert into meio values(3, 'Ambulncia', 'Bombeiros de Tavira');
insert into meio values(0, 'Helicptero', 'Bombeiros de Funchal');
insert into meio values(1, 'Helicptero', 'Bombeiros de Funchal');
insert into meio values(2, 'Ambulncia', 'Bombeiros de Funchal');
insert into meio values(3, 'Carrinha', 'Bombeiros de Funchal');
insert into meio values(4, 'Camio', 'Bombeiros de Funchal');
insert into meio values(0, 'Camio', 'Junta de Freguesia de Marco de Canavezes');
insert into meio values(1, 'Ambulncia', 'Junta de Freguesia de Marco de Canavezes');
insert into meio values(2, 'Carrinha', 'Junta de Freguesia de Marco de Canavezes');
insert into meio values(3, 'Helicptero', 'Junta de Freguesia de Marco de Canavezes');
insert into meio values(0, 'Carrinha', 'Polcia de Marco de Canavezes');
insert into meio values(1, 'Camio', 'Polcia de Marco de Canavezes');
insert into meio values(2, 'Ambulncia', 'Polcia de Marco de Canavezes');
insert into meio values(3, 'Helicptero', 'Polcia de Marco de Canavezes');
insert into meio values(4, 'Carrinha', 'Polcia de Marco de Canavezes');
insert into meio values(0, 'Camio', 'Polcia de Seixal');
insert into meio values(1, 'Helicptero', 'Polcia de Seixal');
insert into meio values(2, 'Helicptero', 'Polcia de Seixal');
insert into meio values(0, 'Ambulncia', 'Polcia de Alvor');
insert into meio values(1, 'Camio', 'Polcia de Alvor');
insert into meio values(2, 'Ambulncia', 'Polcia de Alvor');
insert into meio values(0, 'Ambulncia', 'Polcia de Vizela');
insert into meio values(1, 'Helicptero', 'Polcia de Vizela');
insert into meio values(2, 'Ambulncia', 'Polcia de Vizela');
insert into meio values(0, 'Camio', 'Bombeiros de Barreiro');
insert into meio values(1, 'Carrinha', 'Bombeiros de Barreiro');
insert into meio values(2, 'Carrinha', 'Bombeiros de Barreiro');
insert into meio values(3, 'Carrinha', 'Bombeiros de Barreiro');
insert into meio values(4, 'Ambulncia', 'Bombeiros de Barreiro');
insert into meio values(0, 'Helicptero', 'Bombeiros de Alfena');
insert into meio values(1, 'Ambulncia', 'Bombeiros de Alfena');
insert into meio values(2, 'Helicptero', 'Bombeiros de Alfena');
insert into meio values(3, 'Ambulncia', 'Bombeiros de Alfena');
insert into meio values(4, 'Camio', 'Bombeiros de Alfena');
insert into meio values(0, 'Camio', 'Polcia de Alcobaa');
insert into meio values(1, 'Helicptero', 'Polcia de Alcobaa');
insert into meio values(2, 'Ambulncia', 'Polcia de Alcobaa');
insert into meio values(3, 'Helicptero', 'Polcia de Alcobaa');
insert into meio values(0, 'Camio', 'Polcia de Braga');
insert into meio values(1, 'Camio', 'Polcia de Braga');
insert into meio values(2, 'Helicptero', 'Polcia de Braga');
insert into meio values(0, 'Camio', 'Junta de Freguesia de Pvoa de Varzim');
insert into meio values(1, 'Camio', 'Junta de Freguesia de Pvoa de Varzim');
insert into meio values(2, 'Camio', 'Junta de Freguesia de Pvoa de Varzim');
insert into meio values(0, 'Carrinha', 'Bombeiros de Coina');
insert into meio values(1, 'Carrinha', 'Bombeiros de Coina');
insert into meio values(2, 'Helicptero', 'Bombeiros de Coina');
insert into meio values(0, 'Helicptero', 'Bombeiros de Porto');
insert into meio values(1, 'Ambulncia', 'Bombeiros de Porto');
insert into meio values(2, 'Carrinha', 'Bombeiros de Porto');
insert into meio values(3, 'Ambulncia', 'Bombeiros de Porto');
insert into meio values(4, 'Ambulncia', 'Bombeiros de Porto');
insert into meio values(0, 'Carrinha', 'Bombeiros de Guarda');
insert into meio values(1, 'Camio', 'Bombeiros de Guarda');
insert into meio values(2, 'Ambulncia', 'Bombeiros de Guarda');
insert into meio values(3, 'Carrinha', 'Bombeiros de Guarda');
insert into meio values(0, 'Carrinha', 'Polcia de Arcozelo');
insert into meio values(1, 'Carrinha', 'Polcia de Arcozelo');
insert into meio values(2, 'Helicptero', 'Polcia de Arcozelo');
insert into meio values(3, 'Helicptero', 'Polcia de Arcozelo');
insert into meio values(0, 'Carrinha', 'Bombeiros de Leiria');
insert into meio values(1, 'Camio', 'Bombeiros de Leiria');
insert into meio values(2, 'Ambulncia', 'Bombeiros de Leiria');
insert into meio values(0, 'Ambulncia', 'Polcia de Gouveia');
insert into meio values(1, 'Helicptero', 'Polcia de Gouveia');
insert into meio values(2, 'Camio', 'Polcia de Gouveia');
insert into meio values(3, 'Carrinha', 'Polcia de Gouveia');
insert into meio values(0, 'Ambulncia', 'Junta de Freguesia de Horta');
insert into meio values(1, 'Helicptero', 'Junta de Freguesia de Horta');
insert into meio values(2, 'Ambulncia', 'Junta de Freguesia de Horta');
insert into meio values(3, 'Helicptero', 'Junta de Freguesia de Horta');
insert into meio values(4, 'Helicptero', 'Junta de Freguesia de Horta');
insert into meio values(0, 'Camio', 'Bombeiros de Gouveia');
insert into meio values(1, 'Camio', 'Bombeiros de Gouveia');
insert into meio values(2, 'Carrinha', 'Bombeiros de Gouveia');
insert into meio values(3, 'Camio', 'Bombeiros de Gouveia');
insert into meio values(0, 'Carrinha', 'Polcia de Lourosa');
insert into meio values(1, 'Helicptero', 'Polcia de Lourosa');
insert into meio values(2, 'Helicptero', 'Polcia de Lourosa');
insert into meio values(3, 'Camio', 'Polcia de Lourosa');
insert into meio values(4, 'Ambulncia', 'Polcia de Lourosa');
insert into meio values(0, 'Helicptero', 'Junta de Freguesia de Queluz');
insert into meio values(1, 'Camio', 'Junta de Freguesia de Queluz');
insert into meio values(2, 'Ambulncia', 'Junta de Freguesia de Queluz');
insert into meio values(3, 'Carrinha', 'Junta de Freguesia de Queluz');
insert into meio values(0, 'Carrinha', 'Bombeiros de Santana');
insert into meio values(1, 'Carrinha', 'Bombeiros de Santana');
insert into meio values(2, 'Ambulncia', 'Bombeiros de Santana');
insert into meio values(3, 'Camio', 'Bombeiros de Santana');
insert into meio values(0, 'Camio', 'Bombeiros de Sines');
insert into meio values(1, 'Helicptero', 'Bombeiros de Sines');
insert into meio values(2, 'Camio', 'Bombeiros de Sines');
insert into meio values(3, 'Helicptero', 'Bombeiros de Sines');
insert into meio values(4, 'Carrinha', 'Bombeiros de Sines');
insert into meio values(0, 'Camio', 'Polcia de Monchique');
insert into meio values(1, 'Carrinha', 'Polcia de Monchique');
insert into meio values(2, 'Helicptero', 'Polcia de Monchique');
insert into meio values(3, 'Camio', 'Polcia de Monchique');
insert into meio values(0, 'Camio', 'Bombeiros de Alcobaa');
insert into meio values(1, 'Carrinha', 'Bombeiros de Alcobaa');
insert into meio values(2, 'Carrinha', 'Bombeiros de Alcobaa');
insert into meio values(0, 'Camio', 'Bombeiros de Viseu');
insert into meio values(1, 'Helicptero', 'Bombeiros de Viseu');
insert into meio values(2, 'Carrinha', 'Bombeiros de Viseu');
insert into meio values(3, 'Carrinha', 'Bombeiros de Viseu');
insert into meio values(0, 'Helicptero', 'Bombeiros de Alvor');
insert into meio values(1, 'Camio', 'Bombeiros de Alvor');
insert into meio values(2, 'Camio', 'Bombeiros de Alvor');
insert into meio values(0, 'Ambulncia', 'Junta de Freguesia de Cartaxo');
insert into meio values(1, 'Camio', 'Junta de Freguesia de Cartaxo');
insert into meio values(2, 'Helicptero', 'Junta de Freguesia de Cartaxo');
insert into meio values(0, 'Carrinha', 'Junta de Freguesia de Tavira');
insert into meio values(1, 'Carrinha', 'Junta de Freguesia de Tavira');
insert into meio values(2, 'Carrinha', 'Junta de Freguesia de Tavira');
insert into meio values(3, 'Ambulncia', 'Junta de Freguesia de Tavira');
insert into meio values(0, 'Camio', 'Polcia de Portimo');
insert into meio values(1, 'Ambulncia', 'Polcia de Portimo');
insert into meio values(2, 'Carrinha', 'Polcia de Portimo');
insert into meio values(3, 'Camio', 'Polcia de Portimo');
insert into meio values(4, 'Helicptero', 'Polcia de Portimo');
insert into meio values(0, 'Ambulncia', 'Bombeiros de Amadora');
insert into meio values(1, 'Camio', 'Bombeiros de Amadora');
insert into meio values(2, 'Camio', 'Bombeiros de Amadora');
insert into meio values(3, 'Carrinha', 'Bombeiros de Amadora');
insert into meio values(4, 'Carrinha', 'Bombeiros de Amadora');
insert into meio values(0, 'Ambulncia', 'Bombeiros de Oliveira do Hospital');
insert into meio values(1, 'Camio', 'Bombeiros de Oliveira do Hospital');
insert into meio values(2, 'Helicptero', 'Bombeiros de Oliveira do Hospital');
insert into meio values(3, 'Carrinha', 'Bombeiros de Oliveira do Hospital');
insert into meio values(4, 'Camio', 'Bombeiros de Oliveira do Hospital');
insert into meio values(0, 'Carrinha', 'Polcia de Costa da Caparica');
insert into meio values(1, 'Camio', 'Polcia de Costa da Caparica');
insert into meio values(2, 'Carrinha', 'Polcia de Costa da Caparica');
insert into meio values(3, 'Camio', 'Polcia de Costa da Caparica');
insert into meio values(4, 'Carrinha', 'Polcia de Costa da Caparica');
insert into meio values(0, 'Carrinha', 'Polcia de Alcochete');
insert into meio values(1, 'Ambulncia', 'Polcia de Alcochete');
insert into meio values(2, 'Carrinha', 'Polcia de Alcochete');
insert into meio values(0, 'Camio', 'Polcia de Penafiel');
insert into meio values(1, 'Carrinha', 'Polcia de Penafiel');
insert into meio values(2, 'Ambulncia', 'Polcia de Penafiel');
insert into meio values(3, 'Carrinha', 'Polcia de Penafiel');
insert into meio values(4, 'Camio', 'Polcia de Penafiel');
insert into meio values(0, 'Carrinha', 'Polcia de Montemor-o-Novo');
insert into meio values(1, 'Camio', 'Polcia de Montemor-o-Novo');
insert into meio values(2, 'Helicptero', 'Polcia de Montemor-o-Novo');
insert into meio values(3, 'Ambulncia', 'Polcia de Montemor-o-Novo');
insert into meio values(4, 'Carrinha', 'Polcia de Montemor-o-Novo');
insert into meio values(0, 'Camio', 'Junta de Freguesia de Machico');
insert into meio values(1, 'Ambulncia', 'Junta de Freguesia de Machico');
insert into meio values(2, 'Helicptero', 'Junta de Freguesia de Machico');
insert into meio values(0, 'Helicptero', 'Polcia de Silves');
insert into meio values(1, 'Camio', 'Polcia de Silves');
insert into meio values(2, 'Ambulncia', 'Polcia de Silves');
insert into meio values(3, 'Carrinha', 'Polcia de Silves');
insert into meio values(4, 'Camio', 'Polcia de Silves');
insert into meio values(0, 'Helicptero', 'Junta de Freguesia de Almada');
insert into meio values(1, 'Carrinha', 'Junta de Freguesia de Almada');
insert into meio values(2, 'Helicptero', 'Junta de Freguesia de Almada');
insert into meio values(0, 'Ambulncia', 'Junta de Freguesia de Seia');
insert into meio values(1, 'Ambulncia', 'Junta de Freguesia de Seia');
insert into meio values(2, 'Carrinha', 'Junta de Freguesia de Seia');
insert into meio values(3, 'Carrinha', 'Junta de Freguesia de Seia');
insert into meio values(4, 'Carrinha', 'Junta de Freguesia de Seia');
insert into meio values(0, 'Ambulncia', 'Polcia de Santo Tirso');
insert into meio values(1, 'Helicptero', 'Polcia de Santo Tirso');
insert into meio values(2, 'Helicptero', 'Polcia de Santo Tirso');
insert into meio values(0, 'Camio', 'Polcia de Albufeira');
insert into meio values(1, 'Helicptero', 'Polcia de Albufeira');
insert into meio values(2, 'Carrinha', 'Polcia de Albufeira');
insert into meio values(3, 'Helicptero', 'Polcia de Albufeira');
insert into meio values(0, 'Helicptero', 'Junta de Freguesia de Braga');
insert into meio values(1, 'Camio', 'Junta de Freguesia de Braga');
insert into meio values(2, 'Helicptero', 'Junta de Freguesia de Braga');
insert into meio values(0, 'Ambulncia', 'Junta de Freguesia de Ovar');
insert into meio values(1, 'Ambulncia', 'Junta de Freguesia de Ovar');
insert into meio values(2, 'Ambulncia', 'Junta de Freguesia de Ovar');
insert into meio values(3, 'Camio', 'Junta de Freguesia de Ovar');
insert into meio values(4, 'Ambulncia', 'Junta de Freguesia de Ovar');
insert into meio values(0, 'Helicptero', 'Junta de Freguesia de Amadora');
insert into meio values(1, 'Carrinha', 'Junta de Freguesia de Amadora');
insert into meio values(2, 'Carrinha', 'Junta de Freguesia de Amadora');
insert into meio values(0, 'Helicptero', 'Bombeiros de Ericeira');
insert into meio values(1, 'Helicptero', 'Bombeiros de Ericeira');
insert into meio values(2, 'Helicptero', 'Bombeiros de Ericeira');
insert into meio values(0, 'Camio', 'Polcia de Alccer do Sal');
insert into meio values(1, 'Carrinha', 'Polcia de Alccer do Sal');
insert into meio values(2, 'Carrinha', 'Polcia de Alccer do Sal');
insert into meio values(0, 'Ambulncia', 'Bombeiros de Marzovelos');
insert into meio values(1, 'Camio', 'Bombeiros de Marzovelos');
insert into meio values(2, 'Helicptero', 'Bombeiros de Marzovelos');
insert into meio values(3, 'Helicptero', 'Bombeiros de Marzovelos');
insert into meio values(0, 'Ambulncia', 'Polcia de Seia');
insert into meio values(1, 'Carrinha', 'Polcia de Seia');
insert into meio values(2, 'Carrinha', 'Polcia de Seia');
insert into meio values(3, 'Helicptero', 'Polcia de Seia');
insert into meio values(4, 'Camio', 'Polcia de Seia');
insert into meio values(0, 'Carrinha', 'Polcia de Mes');
insert into meio values(1, 'Ambulncia', 'Polcia de Mes');
insert into meio values(2, 'Ambulncia', 'Polcia de Mes');
insert into meio values(3, 'Helicptero', 'Polcia de Mes');
insert into meio values(0, 'Ambulncia', 'Bombeiros de Fafe');
insert into meio values(1, 'Helicptero', 'Bombeiros de Fafe');
insert into meio values(2, 'Carrinha', 'Bombeiros de Fafe');
insert into meio values(0, 'Helicptero', 'Junta de Freguesia de Montijo');
insert into meio values(1, 'Helicptero', 'Junta de Freguesia de Montijo');
insert into meio values(2, 'Camio', 'Junta de Freguesia de Montijo');
insert into meio values(3, 'Camio', 'Junta de Freguesia de Montijo');
insert into meio values(0, 'Carrinha', 'Polcia de Vila Real');
insert into meio values(1, 'Carrinha', 'Polcia de Vila Real');
insert into meio values(2, 'Camio', 'Polcia de Vila Real');
insert into meio values(0, 'Camio', 'Junta de Freguesia de Vila Nova de Gaia');
insert into meio values(1, 'Helicptero', 'Junta de Freguesia de Vila Nova de Gaia');
insert into meio values(2, 'Helicptero', 'Junta de Freguesia de Vila Nova de Gaia');
insert into meio values(3, 'Camio', 'Junta de Freguesia de Vila Nova de Gaia');
insert into meio values(4, 'Helicptero', 'Junta de Freguesia de Vila Nova de Gaia');
insert into meio values(0, 'Carrinha', 'Bombeiros de Machico');
insert into meio values(1, 'Camio', 'Bombeiros de Machico');
insert into meio values(2, 'Ambulncia', 'Bombeiros de Machico');
insert into meio values(3, 'Camio', 'Bombeiros de Machico');
insert into meio values(0, 'Camio', 'Bombeiros de Monchique');
insert into meio values(1, 'Carrinha', 'Bombeiros de Monchique');
insert into meio values(2, 'Helicptero', 'Bombeiros de Monchique');
insert into meio values(3, 'Helicptero', 'Bombeiros de Monchique');
insert into meio values(0, 'Camio', 'Junta de Freguesia de Peniche');
insert into meio values(1, 'Helicptero', 'Junta de Freguesia de Peniche');
insert into meio values(2, 'Ambulncia', 'Junta de Freguesia de Peniche');
insert into meio values(0, 'Camio', 'Polcia de Lisboa');
insert into meio values(1, 'Ambulncia', 'Polcia de Lisboa');
insert into meio values(2, 'Ambulncia', 'Polcia de Lisboa');
insert into meio values(3, 'Ambulncia', 'Polcia de Lisboa');
insert into meio values(0, 'Helicptero', 'Bombeiros de Valongo');
insert into meio values(1, 'Camio', 'Bombeiros de Valongo');
insert into meio values(2, 'Camio', 'Bombeiros de Valongo');
insert into meio values(0, 'Helicptero', 'Polcia de Rio Maior');
insert into meio values(1, 'Camio', 'Polcia de Rio Maior');
insert into meio values(2, 'Carrinha', 'Polcia de Rio Maior');
insert into meio values(0, 'Camio', 'Polcia de Macedo de Cavaleiros');
insert into meio values(1, 'Carrinha', 'Polcia de Macedo de Cavaleiros');
insert into meio values(2, 'Camio', 'Polcia de Macedo de Cavaleiros');
insert into meio values(0, 'Ambulncia', 'Junta de Freguesia de Coina');
insert into meio values(1, 'Ambulncia', 'Junta de Freguesia de Coina');
insert into meio values(2, 'Camio', 'Junta de Freguesia de Coina');
insert into meio values(3, 'Camio', 'Junta de Freguesia de Coina');
insert into meio values(0, 'Carrinha', 'Bombeiros de vora');
insert into meio values(1, 'Carrinha', 'Bombeiros de vora');
insert into meio values(2, 'Helicptero', 'Bombeiros de vora');
insert into meio values(0, 'Carrinha', 'Junta de Freguesia de Estarreja');
insert into meio values(1, 'Camio', 'Junta de Freguesia de Estarreja');
insert into meio values(2, 'Helicptero', 'Junta de Freguesia de Estarreja');
insert into meio values(3, 'Ambulncia', 'Junta de Freguesia de Estarreja');
insert into meio values(4, 'Camio', 'Junta de Freguesia de Estarreja');
insert into meio values(0, 'Ambulncia', 'Bombeiros de Abrantes');
insert into meio values(1, 'Camio', 'Bombeiros de Abrantes');
insert into meio values(2, 'Carrinha', 'Bombeiros de Abrantes');
insert into meio values(0, 'Ambulncia', 'Polcia de Portalegre');
insert into meio values(1, 'Ambulncia', 'Polcia de Portalegre');
insert into meio values(2, 'Carrinha', 'Polcia de Portalegre');
insert into meio values(3, 'Ambulncia', 'Polcia de Portalegre');
insert into meio values(0, 'Carrinha', 'Junta de Freguesia de Barreiro');
insert into meio values(1, 'Ambulncia', 'Junta de Freguesia de Barreiro');
insert into meio values(2, 'Carrinha', 'Junta de Freguesia de Barreiro');
insert into meio values(3, 'Camio', 'Junta de Freguesia de Barreiro');
insert into meio values(4, 'Ambulncia', 'Junta de Freguesia de Barreiro');
insert into meio values(0, 'Helicptero', 'Junta de Freguesia de Trancoso');
insert into meio values(1, 'Ambulncia', 'Junta de Freguesia de Trancoso');
insert into meio values(2, 'Camio', 'Junta de Freguesia de Trancoso');
insert into meio values(3, 'Helicptero', 'Junta de Freguesia de Trancoso');
insert into meio values(4, 'Ambulncia', 'Junta de Freguesia de Trancoso');
insert into meio values(0, 'Carrinha', 'Junta de Freguesia de Sines');
insert into meio values(1, 'Ambulncia', 'Junta de Freguesia de Sines');
insert into meio values(2, 'Ambulncia', 'Junta de Freguesia de Sines');
insert into meio values(3, 'Camio', 'Junta de Freguesia de Sines');
insert into meio values(4, 'Ambulncia', 'Junta de Freguesia de Sines');
insert into meio values(0, 'Ambulncia', 'Polcia de Guarda');
insert into meio values(1, 'Ambulncia', 'Polcia de Guarda');
insert into meio values(2, 'Ambulncia', 'Polcia de Guarda');
insert into meio values(3, 'Ambulncia', 'Polcia de Guarda');
insert into meio values(0, 'Camio', 'Bombeiros de Espinho');
insert into meio values(1, 'Ambulncia', 'Bombeiros de Espinho');
insert into meio values(2, 'Ambulncia', 'Bombeiros de Espinho');
insert into meio values(0, 'Camio', 'Polcia de gueda');
insert into meio values(1, 'Ambulncia', 'Polcia de gueda');
insert into meio values(2, 'Camio', 'Polcia de gueda');
insert into meio values(3, 'Carrinha', 'Polcia de gueda');
insert into meio values(4, 'Camio', 'Polcia de gueda');
insert into meio values(0, 'Carrinha', 'Bombeiros de Ovar');
insert into meio values(1, 'Helicptero', 'Bombeiros de Ovar');
insert into meio values(2, 'Helicptero', 'Bombeiros de Ovar');
insert into meio values(0, 'Ambulncia', 'Bombeiros de Lagos');
insert into meio values(1, 'Helicptero', 'Bombeiros de Lagos');
insert into meio values(2, 'Carrinha', 'Bombeiros de Lagos');
insert into meio values(0, 'Camio', 'Bombeiros de Sabugal');
insert into meio values(1, 'Carrinha', 'Bombeiros de Sabugal');
insert into meio values(2, 'Ambulncia', 'Bombeiros de Sabugal');
insert into meio values(0, 'Helicptero', 'Junta de Freguesia de Santo Andr');
insert into meio values(1, 'Helicptero', 'Junta de Freguesia de Santo Andr');
insert into meio values(2, 'Carrinha', 'Junta de Freguesia de Santo Andr');
insert into meio values(3, 'Camio', 'Junta de Freguesia de Santo Andr');
insert into meio values(4, 'Camio', 'Junta de Freguesia de Santo Andr');
insert into meio values(0, 'Ambulncia', 'Junta de Freguesia de Mes');
insert into meio values(1, 'Carrinha', 'Junta de Freguesia de Mes');
insert into meio values(2, 'Helicptero', 'Junta de Freguesia de Mes');
insert into meio values(3, 'Ambulncia', 'Junta de Freguesia de Mes');
insert into meio values(0, 'Ambulncia', 'Bombeiros de Pvoa de Varzim');
insert into meio values(1, 'Ambulncia', 'Bombeiros de Pvoa de Varzim');
insert into meio values(2, 'Carrinha', 'Bombeiros de Pvoa de Varzim');
insert into meio values(0, 'Camio', 'Junta de Freguesia de Tondela');
insert into meio values(1, 'Carrinha', 'Junta de Freguesia de Tondela');
insert into meio values(2, 'Ambulncia', 'Junta de Freguesia de Tondela');
insert into meio values(3, 'Ambulncia', 'Junta de Freguesia de Tondela');
insert into meio values(0, 'Ambulncia', 'Polcia de Pvoa de Varzim');
insert into meio values(1, 'Camio', 'Polcia de Pvoa de Varzim');
insert into meio values(2, 'Ambulncia', 'Polcia de Pvoa de Varzim');
insert into meio values(0, 'Helicptero', 'Junta de Freguesia de Gondomar');
insert into meio values(1, 'Camio', 'Junta de Freguesia de Gondomar');
insert into meio values(2, 'Helicptero', 'Junta de Freguesia de Gondomar');
insert into meio values(0, 'Camio', 'Junta de Freguesia de Gouveia');
insert into meio values(1, 'Ambulncia', 'Junta de Freguesia de Gouveia');
insert into meio values(2, 'Helicptero', 'Junta de Freguesia de Gouveia');
insert into meio values(3, 'Camio', 'Junta de Freguesia de Gouveia');
insert into meio values(4, 'Ambulncia', 'Junta de Freguesia de Gouveia');
insert into meio values(0, 'Helicptero', 'Bombeiros de Alcochete');
insert into meio values(1, 'Helicptero', 'Bombeiros de Alcochete');
insert into meio values(2, 'Camio', 'Bombeiros de Alcochete');
insert into meio values(0, 'Carrinha', 'Junta de Freguesia de Felgueiras');
insert into meio values(1, 'Carrinha', 'Junta de Freguesia de Felgueiras');
insert into meio values(2, 'Ambulncia', 'Junta de Freguesia de Felgueiras');
insert into meio values(3, 'Ambulncia', 'Junta de Freguesia de Felgueiras');
insert into meio values(0, 'Ambulncia', 'Bombeiros de Albufeira');
insert into meio values(1, 'Helicptero', 'Bombeiros de Albufeira');
insert into meio values(2, 'Helicptero', 'Bombeiros de Albufeira');
insert into meio values(3, 'Carrinha', 'Bombeiros de Albufeira');
insert into meio values(4, 'Ambulncia', 'Bombeiros de Albufeira');
insert into meio values(0, 'Ambulncia', 'Bombeiros de Bragana');
insert into meio values(1, 'Helicptero', 'Bombeiros de Bragana');
insert into meio values(2, 'Camio', 'Bombeiros de Bragana');
insert into meio values(3, 'Ambulncia', 'Bombeiros de Bragana');
insert into meio values(4, 'Carrinha', 'Bombeiros de Bragana');



insert into meioCombate values(0, 'Bombeiros de Vila Real');
insert into meioCombate values(3, 'Bombeiros de Vila Real');
insert into meioCombate values(0, 'Junta de Freguesia de Mirandela');
insert into meioCombate values(3, 'Junta de Freguesia de Mirandela');
insert into meioCombate values(0, 'Bombeiros de Braga');
insert into meioCombate values(3, 'Bombeiros de Braga');
insert into meioCombate values(0, 'Junta de Freguesia de Fundo');
insert into meioCombate values(0, 'Junta de Freguesia de Seixal');
insert into meioCombate values(3, 'Junta de Freguesia de Seixal');
insert into meioCombate values(0, 'Polcia de Sagres');
insert into meioCombate values(2, 'Polcia de Sagres');
insert into meioCombate values(0, 'Polcia de Moura');
insert into meioCombate values(3, 'Polcia de Moura');
insert into meioCombate values(0, 'Bombeiros de Silves');
insert into meioCombate values(0, 'Polcia de Fafe');
insert into meioCombate values(3, 'Polcia de Fafe');
insert into meioCombate values(0, 'Polcia de Olho');
insert into meioCombate values(3, 'Polcia de Olho');
insert into meioCombate values(0, 'Bombeiros de Lixa');
insert into meioCombate values(0, 'Polcia de lhavo');
insert into meioCombate values(3, 'Polcia de lhavo');
insert into meioCombate values(0, 'Junta de Freguesia de Leiria');
insert into meioCombate values(2, 'Junta de Freguesia de Leiria');
insert into meioCombate values(3, 'Junta de Freguesia de Leiria');
insert into meioCombate values(0, 'Polcia de Bragana');
insert into meioCombate values(2, 'Polcia de Bragana');
insert into meioCombate values(0, 'Junta de Freguesia de Moura');
insert into meioCombate values(0, 'Bombeiros de Tavira');
insert into meioCombate values(3, 'Bombeiros de Tavira');
insert into meioCombate values(0, 'Bombeiros de Funchal');
insert into meioCombate values(3, 'Bombeiros de Funchal');
insert into meioCombate values(0, 'Junta de Freguesia de Marco de Canavezes');
insert into meioCombate values(3, 'Junta de Freguesia de Marco de Canavezes');
insert into meioCombate values(0, 'Polcia de Marco de Canavezes');
insert into meioCombate values(3, 'Polcia de Marco de Canavezes');
insert into meioCombate values(0, 'Polcia de Seixal');
insert into meioCombate values(0, 'Polcia de Alvor');
insert into meioCombate values(0, 'Polcia de Vizela');
insert into meioCombate values(0, 'Bombeiros de Barreiro');
insert into meioCombate values(3, 'Bombeiros de Barreiro');
insert into meioCombate values(0, 'Bombeiros de Alfena');
insert into meioCombate values(2, 'Bombeiros de Alfena');
insert into meioCombate values(3, 'Bombeiros de Alfena');
insert into meioCombate values(0, 'Polcia de Alcobaa');
insert into meioCombate values(3, 'Polcia de Alcobaa');
insert into meioCombate values(0, 'Polcia de Braga');
insert into meioCombate values(0, 'Junta de Freguesia de Pvoa de Varzim');
insert into meioCombate values(0, 'Bombeiros de Coina');
insert into meioCombate values(0, 'Bombeiros de Porto');
insert into meioCombate values(3, 'Bombeiros de Porto');
insert into meioCombate values(0, 'Bombeiros de Guarda');
insert into meioCombate values(3, 'Bombeiros de Guarda');
insert into meioCombate values(0, 'Polcia de Arcozelo');
insert into meioCombate values(3, 'Polcia de Arcozelo');
insert into meioCombate values(0, 'Bombeiros de Leiria');
insert into meioCombate values(0, 'Polcia de Gouveia');
insert into meioCombate values(3, 'Polcia de Gouveia');
insert into meioCombate values(0, 'Junta de Freguesia de Horta');
insert into meioCombate values(3, 'Junta de Freguesia de Horta');
insert into meioCombate values(0, 'Bombeiros de Gouveia');
insert into meioCombate values(3, 'Bombeiros de Gouveia');
insert into meioCombate values(0, 'Polcia de Lourosa');
insert into meioCombate values(3, 'Polcia de Lourosa');
insert into meioCombate values(0, 'Junta de Freguesia de Queluz');
insert into meioCombate values(3, 'Junta de Freguesia de Queluz');
insert into meioCombate values(0, 'Bombeiros de Santana');
insert into meioCombate values(3, 'Bombeiros de Santana');
insert into meioCombate values(0, 'Bombeiros de Sines');
insert into meioCombate values(3, 'Bombeiros de Sines');
insert into meioCombate values(0, 'Polcia de Monchique');
insert into meioCombate values(3, 'Polcia de Monchique');
insert into meioCombate values(0, 'Bombeiros de Alcobaa');
insert into meioCombate values(0, 'Bombeiros de Viseu');
insert into meioCombate values(3, 'Bombeiros de Viseu');
insert into meioCombate values(0, 'Bombeiros de Alvor');
insert into meioCombate values(0, 'Junta de Freguesia de Cartaxo');
insert into meioCombate values(0, 'Junta de Freguesia de Tavira');
insert into meioCombate values(3, 'Junta de Freguesia de Tavira');
insert into meioCombate values(0, 'Polcia de Portimo');
insert into meioCombate values(2, 'Polcia de Portimo');
insert into meioCombate values(3, 'Polcia de Portimo');
insert into meioCombate values(0, 'Bombeiros de Amadora');
insert into meioCombate values(3, 'Bombeiros de Amadora');
insert into meioCombate values(0, 'Bombeiros de Oliveira do Hospital');
insert into meioCombate values(3, 'Bombeiros de Oliveira do Hospital');
insert into meioCombate values(0, 'Polcia de Costa da Caparica');
insert into meioCombate values(3, 'Polcia de Costa da Caparica');
insert into meioCombate values(0, 'Polcia de Alcochete');
insert into meioCombate values(1, 'Polcia de Alcochete');
insert into meioCombate values(0, 'Polcia de Penafiel');
insert into meioCombate values(3, 'Polcia de Penafiel');
insert into meioCombate values(0, 'Polcia de Montemor-o-Novo');
insert into meioCombate values(3, 'Polcia de Montemor-o-Novo');
insert into meioCombate values(0, 'Junta de Freguesia de Machico');
insert into meioCombate values(0, 'Polcia de Silves');
insert into meioCombate values(3, 'Polcia de Silves');
insert into meioCombate values(0, 'Junta de Freguesia de Almada');
insert into meioCombate values(0, 'Junta de Freguesia de Seia');
insert into meioCombate values(1, 'Junta de Freguesia de Seia');
insert into meioCombate values(3, 'Junta de Freguesia de Seia');
insert into meioCombate values(0, 'Polcia de Santo Tirso');
insert into meioCombate values(0, 'Polcia de Albufeira');
insert into meioCombate values(3, 'Polcia de Albufeira');
insert into meioCombate values(0, 'Junta de Freguesia de Braga');
insert into meioCombate values(0, 'Junta de Freguesia de Ovar');
insert into meioCombate values(3, 'Junta de Freguesia de Ovar');
insert into meioCombate values(0, 'Junta de Freguesia de Amadora');
insert into meioCombate values(0, 'Bombeiros de Ericeira');
insert into meioCombate values(0, 'Polcia de Alccer do Sal');
insert into meioCombate values(0, 'Bombeiros de Marzovelos');
insert into meioCombate values(3, 'Bombeiros de Marzovelos');
insert into meioCombate values(0, 'Polcia de Seia');
insert into meioCombate values(3, 'Polcia de Seia');
insert into meioCombate values(0, 'Polcia de Mes');
insert into meioCombate values(1, 'Polcia de Mes');
insert into meioCombate values(3, 'Polcia de Mes');
insert into meioCombate values(0, 'Bombeiros de Fafe');
insert into meioCombate values(0, 'Junta de Freguesia de Montijo');
insert into meioCombate values(2, 'Junta de Freguesia de Montijo');
insert into meioCombate values(3, 'Junta de Freguesia de Montijo');
insert into meioCombate values(0, 'Polcia de Vila Real');
insert into meioCombate values(0, 'Junta de Freguesia de Vila Nova de Gaia');
insert into meioCombate values(3, 'Junta de Freguesia de Vila Nova de Gaia');
insert into meioCombate values(0, 'Bombeiros de Machico');
insert into meioCombate values(3, 'Bombeiros de Machico');
insert into meioCombate values(0, 'Bombeiros de Monchique');
insert into meioCombate values(3, 'Bombeiros de Monchique');
insert into meioCombate values(0, 'Junta de Freguesia de Peniche');
insert into meioCombate values(2, 'Junta de Freguesia de Peniche');
insert into meioCombate values(0, 'Polcia de Lisboa');
insert into meioCombate values(3, 'Polcia de Lisboa');
insert into meioCombate values(0, 'Bombeiros de Valongo');
insert into meioCombate values(0, 'Polcia de Rio Maior');
insert into meioCombate values(0, 'Polcia de Macedo de Cavaleiros');
insert into meioCombate values(0, 'Junta de Freguesia de Coina');
insert into meioCombate values(3, 'Junta de Freguesia de Coina');
insert into meioCombate values(0, 'Bombeiros de vora');
insert into meioCombate values(0, 'Junta de Freguesia de Estarreja');
insert into meioCombate values(3, 'Junta de Freguesia de Estarreja');
insert into meioCombate values(0, 'Bombeiros de Abrantes');
insert into meioCombate values(0, 'Polcia de Portalegre');
insert into meioCombate values(3, 'Polcia de Portalegre');
insert into meioCombate values(0, 'Junta de Freguesia de Barreiro');
insert into meioCombate values(3, 'Junta de Freguesia de Barreiro');
insert into meioCombate values(0, 'Junta de Freguesia de Trancoso');
insert into meioCombate values(3, 'Junta de Freguesia de Trancoso');
insert into meioCombate values(4, 'Junta de Freguesia de Trancoso');
insert into meioCombate values(0, 'Junta de Freguesia de Sines');
insert into meioCombate values(2, 'Junta de Freguesia de Sines');
insert into meioCombate values(3, 'Junta de Freguesia de Sines');
insert into meioCombate values(0, 'Polcia de Guarda');
insert into meioCombate values(3, 'Polcia de Guarda');
insert into meioCombate values(0, 'Bombeiros de Espinho');
insert into meioCombate values(0, 'Polcia de gueda');
insert into meioCombate values(2, 'Polcia de gueda');
insert into meioCombate values(3, 'Polcia de gueda');
insert into meioCombate values(0, 'Bombeiros de Ovar');
insert into meioCombate values(0, 'Bombeiros de Lagos');
insert into meioCombate values(1, 'Bombeiros de Lagos');
insert into meioCombate values(0, 'Bombeiros de Sabugal');
insert into meioCombate values(0, 'Junta de Freguesia de Santo Andr');
insert into meioCombate values(3, 'Junta de Freguesia de Santo Andr');
insert into meioCombate values(0, 'Junta de Freguesia de Mes');
insert into meioCombate values(3, 'Junta de Freguesia de Mes');
insert into meioCombate values(0, 'Bombeiros de Pvoa de Varzim');
insert into meioCombate values(0, 'Junta de Freguesia de Tondela');
insert into meioCombate values(3, 'Junta de Freguesia de Tondela');
insert into meioCombate values(0, 'Polcia de Pvoa de Varzim');
insert into meioCombate values(0, 'Junta de Freguesia de Gondomar');
insert into meioCombate values(2, 'Junta de Freguesia de Gondomar');
insert into meioCombate values(0, 'Junta de Freguesia de Gouveia');
insert into meioCombate values(3, 'Junta de Freguesia de Gouveia');
insert into meioCombate values(0, 'Bombeiros de Alcochete');
insert into meioCombate values(0, 'Junta de Freguesia de Felgueiras');
insert into meioCombate values(3, 'Junta de Freguesia de Felgueiras');
insert into meioCombate values(0, 'Bombeiros de Albufeira');
insert into meioCombate values(3, 'Bombeiros de Albufeira');
insert into meioCombate values(0, 'Bombeiros de Bragana');
insert into meioCombate values(3, 'Bombeiros de Bragana');



insert into meioApoio values(1, 'Bombeiros de Vila Real');
insert into meioApoio values(1, 'Junta de Freguesia de Mirandela');
insert into meioApoio values(1, 'Bombeiros de Braga');
insert into meioApoio values(4, 'Bombeiros de Braga');
insert into meioApoio values(1, 'Junta de Freguesia de Fundo');
insert into meioApoio values(1, 'Junta de Freguesia de Seixal');
insert into meioApoio values(1, 'Polcia de Sagres');
insert into meioApoio values(1, 'Polcia de Moura');
insert into meioApoio values(2, 'Polcia de Moura');
insert into meioApoio values(4, 'Polcia de Moura');
insert into meioApoio values(0, 'Bombeiros de Silves');
insert into meioApoio values(1, 'Bombeiros de Silves');
insert into meioApoio values(1, 'Polcia de Fafe');
insert into meioApoio values(4, 'Polcia de Fafe');
insert into meioApoio values(1, 'Polcia de Olho');
insert into meioApoio values(1, 'Bombeiros de Lixa');
insert into meioApoio values(1, 'Polcia de lhavo');
insert into meioApoio values(4, 'Polcia de lhavo');
insert into meioApoio values(1, 'Junta de Freguesia de Leiria');
insert into meioApoio values(4, 'Junta de Freguesia de Leiria');
insert into meioApoio values(1, 'Polcia de Bragana');
insert into meioApoio values(1, 'Junta de Freguesia de Moura');
insert into meioApoio values(2, 'Junta de Freguesia de Moura');
insert into meioApoio values(1, 'Bombeiros de Tavira');
insert into meioApoio values(1, 'Bombeiros de Funchal');
insert into meioApoio values(4, 'Bombeiros de Funchal');
insert into meioApoio values(1, 'Junta de Freguesia de Marco de Canavezes');
insert into meioApoio values(2, 'Junta de Freguesia de Marco de Canavezes');
insert into meioApoio values(0, 'Polcia de Marco de Canavezes');
insert into meioApoio values(1, 'Polcia de Marco de Canavezes');
insert into meioApoio values(4, 'Polcia de Marco de Canavezes');
insert into meioApoio values(0, 'Polcia de Seixal');
insert into meioApoio values(1, 'Polcia de Seixal');
insert into meioApoio values(1, 'Polcia de Alvor');
insert into meioApoio values(1, 'Polcia de Vizela');
insert into meioApoio values(1, 'Bombeiros de Barreiro');
insert into meioApoio values(4, 'Bombeiros de Barreiro');
insert into meioApoio values(0, 'Bombeiros de Alfena');
insert into meioApoio values(1, 'Bombeiros de Alfena');
insert into meioApoio values(4, 'Bombeiros de Alfena');
insert into meioApoio values(1, 'Polcia de Alcobaa');
insert into meioApoio values(1, 'Polcia de Braga');
insert into meioApoio values(1, 'Junta de Freguesia de Pvoa de Varzim');
insert into meioApoio values(1, 'Bombeiros de Coina');
insert into meioApoio values(1, 'Bombeiros de Porto');
insert into meioApoio values(4, 'Bombeiros de Porto');
insert into meioApoio values(1, 'Bombeiros de Guarda');
insert into meioApoio values(1, 'Polcia de Arcozelo');
insert into meioApoio values(1, 'Bombeiros de Leiria');
insert into meioApoio values(1, 'Polcia de Gouveia');
insert into meioApoio values(1, 'Junta de Freguesia de Horta');
insert into meioApoio values(2, 'Junta de Freguesia de Horta');
insert into meioApoio values(4, 'Junta de Freguesia de Horta');
insert into meioApoio values(1, 'Bombeiros de Gouveia');
insert into meioApoio values(2, 'Bombeiros de Gouveia');
insert into meioApoio values(1, 'Polcia de Lourosa');
insert into meioApoio values(4, 'Polcia de Lourosa');
insert into meioApoio values(1, 'Junta de Freguesia de Queluz');
insert into meioApoio values(1, 'Bombeiros de Santana');
insert into meioApoio values(1, 'Bombeiros de Sines');
insert into meioApoio values(4, 'Bombeiros de Sines');
insert into meioApoio values(1, 'Polcia de Monchique');
insert into meioApoio values(1, 'Bombeiros de Alcobaa');
insert into meioApoio values(1, 'Bombeiros de Viseu');
insert into meioApoio values(1, 'Bombeiros de Alvor');
insert into meioApoio values(1, 'Junta de Freguesia de Cartaxo');
insert into meioApoio values(1, 'Junta de Freguesia de Tavira');
insert into meioApoio values(1, 'Polcia de Portimo');
insert into meioApoio values(4, 'Polcia de Portimo');
insert into meioApoio values(1, 'Bombeiros de Amadora');
insert into meioApoio values(4, 'Bombeiros de Amadora');
insert into meioApoio values(1, 'Bombeiros de Oliveira do Hospital');
insert into meioApoio values(4, 'Bombeiros de Oliveira do Hospital');
insert into meioApoio values(1, 'Polcia de Costa da Caparica');
insert into meioApoio values(3, 'Polcia de Costa da Caparica');
insert into meioApoio values(4, 'Polcia de Costa da Caparica');
insert into meioApoio values(1, 'Polcia de Alcochete');
insert into meioApoio values(1, 'Polcia de Penafiel');
insert into meioApoio values(4, 'Polcia de Penafiel');
insert into meioApoio values(1, 'Polcia de Montemor-o-Novo');
insert into meioApoio values(4, 'Polcia de Montemor-o-Novo');
insert into meioApoio values(1, 'Junta de Freguesia de Machico');
insert into meioApoio values(1, 'Polcia de Silves');
insert into meioApoio values(4, 'Polcia de Silves');
insert into meioApoio values(1, 'Junta de Freguesia de Almada');
insert into meioApoio values(1, 'Junta de Freguesia de Seia');
insert into meioApoio values(4, 'Junta de Freguesia de Seia');
insert into meioApoio values(1, 'Polcia de Santo Tirso');
insert into meioApoio values(1, 'Polcia de Albufeira');
insert into meioApoio values(1, 'Junta de Freguesia de Braga');
insert into meioApoio values(1, 'Junta de Freguesia de Ovar');
insert into meioApoio values(4, 'Junta de Freguesia de Ovar');
insert into meioApoio values(1, 'Junta de Freguesia de Amadora');
insert into meioApoio values(0, 'Bombeiros de Ericeira');
insert into meioApoio values(1, 'Bombeiros de Ericeira');
insert into meioApoio values(0, 'Polcia de Alccer do Sal');
insert into meioApoio values(1, 'Polcia de Alccer do Sal');
insert into meioApoio values(1, 'Bombeiros de Marzovelos');
insert into meioApoio values(1, 'Polcia de Seia');
insert into meioApoio values(4, 'Polcia de Seia');
insert into meioApoio values(1, 'Polcia de Mes');
insert into meioApoio values(2, 'Polcia de Mes');
insert into meioApoio values(1, 'Bombeiros de Fafe');
insert into meioApoio values(1, 'Junta de Freguesia de Montijo');
insert into meioApoio values(1, 'Polcia de Vila Real');
insert into meioApoio values(1, 'Junta de Freguesia de Vila Nova de Gaia');
insert into meioApoio values(4, 'Junta de Freguesia de Vila Nova de Gaia');
insert into meioApoio values(1, 'Bombeiros de Machico');
insert into meioApoio values(1, 'Bombeiros de Monchique');
insert into meioApoio values(1, 'Junta de Freguesia de Peniche');
insert into meioApoio values(1, 'Polcia de Lisboa');
insert into meioApoio values(1, 'Bombeiros de Valongo');
insert into meioApoio values(1, 'Polcia de Rio Maior');
insert into meioApoio values(1, 'Polcia de Macedo de Cavaleiros');
insert into meioApoio values(1, 'Junta de Freguesia de Coina');
insert into meioApoio values(1, 'Bombeiros de vora');
insert into meioApoio values(1, 'Junta de Freguesia de Estarreja');
insert into meioApoio values(4, 'Junta de Freguesia de Estarreja');
insert into meioApoio values(1, 'Bombeiros de Abrantes');
insert into meioApoio values(1, 'Polcia de Portalegre');
insert into meioApoio values(0, 'Junta de Freguesia de Barreiro');
insert into meioApoio values(1, 'Junta de Freguesia de Barreiro');
insert into meioApoio values(4, 'Junta de Freguesia de Barreiro');
insert into meioApoio values(1, 'Junta de Freguesia de Trancoso');
insert into meioApoio values(4, 'Junta de Freguesia de Trancoso');
insert into meioApoio values(1, 'Junta de Freguesia de Sines');
insert into meioApoio values(4, 'Junta de Freguesia de Sines');
insert into meioApoio values(1, 'Polcia de Guarda');
insert into meioApoio values(1, 'Bombeiros de Espinho');
insert into meioApoio values(1, 'Polcia de gueda');
insert into meioApoio values(4, 'Polcia de gueda');
insert into meioApoio values(1, 'Bombeiros de Ovar');
insert into meioApoio values(2, 'Bombeiros de Ovar');
insert into meioApoio values(1, 'Bombeiros de Lagos');
insert into meioApoio values(1, 'Bombeiros de Sabugal');
insert into meioApoio values(2, 'Bombeiros de Sabugal');
insert into meioApoio values(1, 'Junta de Freguesia de Santo Andr');
insert into meioApoio values(4, 'Junta de Freguesia de Santo Andr');
insert into meioApoio values(1, 'Junta de Freguesia de Mes');
insert into meioApoio values(1, 'Bombeiros de Pvoa de Varzim');
insert into meioApoio values(1, 'Junta de Freguesia de Tondela');
insert into meioApoio values(1, 'Polcia de Pvoa de Varzim');
insert into meioApoio values(1, 'Junta de Freguesia de Gondomar');
insert into meioApoio values(1, 'Junta de Freguesia de Gouveia');
insert into meioApoio values(4, 'Junta de Freguesia de Gouveia');
insert into meioApoio values(1, 'Bombeiros de Alcochete');
insert into meioApoio values(1, 'Junta de Freguesia de Felgueiras');
insert into meioApoio values(1, 'Bombeiros de Albufeira');
insert into meioApoio values(4, 'Bombeiros de Albufeira');
insert into meioApoio values(1, 'Bombeiros de Bragana');
insert into meioApoio values(4, 'Bombeiros de Bragana');



insert into meioSocorro values(2, 'Bombeiros de Vila Real');
insert into meioSocorro values(2, 'Junta de Freguesia de Mirandela');
insert into meioSocorro values(2, 'Bombeiros de Braga');
insert into meioSocorro values(2, 'Junta de Freguesia de Fundo');
insert into meioSocorro values(2, 'Junta de Freguesia de Seixal');
insert into meioSocorro values(2, 'Polcia de Sagres');
insert into meioSocorro values(0, 'Polcia de Moura');
insert into meioSocorro values(2, 'Polcia de Moura');
insert into meioSocorro values(2, 'Bombeiros de Silves');
insert into meioSocorro values(2, 'Polcia de Fafe');
insert into meioSocorro values(3, 'Polcia de Fafe');
insert into meioSocorro values(2, 'Polcia de Olho');
insert into meioSocorro values(2, 'Bombeiros de Lixa');
insert into meioSocorro values(2, 'Polcia de lhavo');
insert into meioSocorro values(2, 'Junta de Freguesia de Leiria');
insert into meioSocorro values(0, 'Polcia de Bragana');
insert into meioSocorro values(2, 'Polcia de Bragana');
insert into meioSocorro values(2, 'Junta de Freguesia de Moura');
insert into meioSocorro values(2, 'Bombeiros de Tavira');
insert into meioSocorro values(1, 'Bombeiros de Funchal');
insert into meioSocorro values(2, 'Bombeiros de Funchal');
insert into meioSocorro values(2, 'Junta de Freguesia de Marco de Canavezes');
insert into meioSocorro values(3, 'Junta de Freguesia de Marco de Canavezes');
insert into meioSocorro values(2, 'Polcia de Marco de Canavezes');
insert into meioSocorro values(0, 'Polcia de Seixal');
insert into meioSocorro values(2, 'Polcia de Seixal');
insert into meioSocorro values(2, 'Polcia de Alvor');
insert into meioSocorro values(2, 'Polcia de Vizela');
insert into meioSocorro values(2, 'Bombeiros de Barreiro');
insert into meioSocorro values(3, 'Bombeiros de Barreiro');
insert into meioSocorro values(2, 'Bombeiros de Alfena');
insert into meioSocorro values(2, 'Polcia de Alcobaa');
insert into meioSocorro values(2, 'Polcia de Braga');
insert into meioSocorro values(1, 'Junta de Freguesia de Pvoa de Varzim');
insert into meioSocorro values(2, 'Junta de Freguesia de Pvoa de Varzim');
insert into meioSocorro values(2, 'Bombeiros de Coina');
insert into meioSocorro values(2, 'Bombeiros de Porto');
insert into meioSocorro values(2, 'Bombeiros de Guarda');
insert into meioSocorro values(2, 'Polcia de Arcozelo');
insert into meioSocorro values(2, 'Bombeiros de Leiria');
insert into meioSocorro values(2, 'Polcia de Gouveia');
insert into meioSocorro values(2, 'Junta de Freguesia de Horta');
insert into meioSocorro values(2, 'Bombeiros de Gouveia');
insert into meioSocorro values(2, 'Polcia de Lourosa');
insert into meioSocorro values(2, 'Junta de Freguesia de Queluz');
insert into meioSocorro values(2, 'Bombeiros de Santana');
insert into meioSocorro values(2, 'Bombeiros de Sines');
insert into meioSocorro values(2, 'Polcia de Monchique');
insert into meioSocorro values(2, 'Bombeiros de Alcobaa');
insert into meioSocorro values(2, 'Bombeiros de Viseu');
insert into meioSocorro values(2, 'Bombeiros de Alvor');
insert into meioSocorro values(2, 'Junta de Freguesia de Cartaxo');
insert into meioSocorro values(2, 'Junta de Freguesia de Tavira');
insert into meioSocorro values(2, 'Polcia de Portimo');
insert into meioSocorro values(2, 'Bombeiros de Amadora');
insert into meioSocorro values(2, 'Bombeiros de Oliveira do Hospital');
insert into meioSocorro values(2, 'Polcia de Costa da Caparica');
insert into meioSocorro values(2, 'Polcia de Alcochete');
insert into meioSocorro values(2, 'Polcia de Penafiel');
insert into meioSocorro values(2, 'Polcia de Montemor-o-Novo');
insert into meioSocorro values(2, 'Junta de Freguesia de Machico');
insert into meioSocorro values(2, 'Polcia de Silves');
insert into meioSocorro values(2, 'Junta de Freguesia de Almada');
insert into meioSocorro values(2, 'Junta de Freguesia de Seia');
insert into meioSocorro values(3, 'Junta de Freguesia de Seia');
insert into meioSocorro values(2, 'Polcia de Santo Tirso');
insert into meioSocorro values(2, 'Polcia de Albufeira');
insert into meioSocorro values(2, 'Junta de Freguesia de Braga');
insert into meioSocorro values(2, 'Junta de Freguesia de Ovar');
insert into meioSocorro values(2, 'Junta de Freguesia de Amadora');
insert into meioSocorro values(0, 'Bombeiros de Ericeira');
insert into meioSocorro values(2, 'Bombeiros de Ericeira');
insert into meioSocorro values(1, 'Polcia de Alccer do Sal');
insert into meioSocorro values(2, 'Polcia de Alccer do Sal');
insert into meioSocorro values(2, 'Bombeiros de Marzovelos');
insert into meioSocorro values(2, 'Polcia de Seia');
insert into meioSocorro values(2, 'Polcia de Mes');
insert into meioSocorro values(3, 'Polcia de Mes');
insert into meioSocorro values(2, 'Bombeiros de Fafe');
insert into meioSocorro values(2, 'Junta de Freguesia de Montijo');
insert into meioSocorro values(2, 'Polcia de Vila Real');
insert into meioSocorro values(2, 'Junta de Freguesia de Vila Nova de Gaia');
insert into meioSocorro values(2, 'Bombeiros de Machico');
insert into meioSocorro values(0, 'Bombeiros de Monchique');
insert into meioSocorro values(2, 'Bombeiros de Monchique');
insert into meioSocorro values(2, 'Junta de Freguesia de Peniche');
insert into meioSocorro values(2, 'Polcia de Lisboa');
insert into meioSocorro values(2, 'Bombeiros de Valongo');
insert into meioSocorro values(2, 'Polcia de Rio Maior');
insert into meioSocorro values(1, 'Polcia de Macedo de Cavaleiros');
insert into meioSocorro values(2, 'Polcia de Macedo de Cavaleiros');
insert into meioSocorro values(2, 'Junta de Freguesia de Coina');
insert into meioSocorro values(2, 'Bombeiros de vora');
insert into meioSocorro values(2, 'Junta de Freguesia de Estarreja');
insert into meioSocorro values(2, 'Bombeiros de Abrantes');
insert into meioSocorro values(0, 'Polcia de Portalegre');
insert into meioSocorro values(1, 'Polcia de Portalegre');
insert into meioSocorro values(2, 'Polcia de Portalegre');
insert into meioSocorro values(3, 'Polcia de Portalegre');
insert into meioSocorro values(2, 'Junta de Freguesia de Barreiro');
insert into meioSocorro values(2, 'Junta de Freguesia de Trancoso');
insert into meioSocorro values(2, 'Junta de Freguesia de Sines');
insert into meioSocorro values(2, 'Polcia de Guarda');
insert into meioSocorro values(2, 'Bombeiros de Espinho');
insert into meioSocorro values(0, 'Polcia de gueda');
insert into meioSocorro values(2, 'Polcia de gueda');
insert into meioSocorro values(2, 'Bombeiros de Ovar');
insert into meioSocorro values(1, 'Bombeiros de Lagos');
insert into meioSocorro values(2, 'Bombeiros de Lagos');
insert into meioSocorro values(0, 'Bombeiros de Sabugal');
insert into meioSocorro values(2, 'Bombeiros de Sabugal');
insert into meioSocorro values(2, 'Junta de Freguesia de Santo Andr');
insert into meioSocorro values(3, 'Junta de Freguesia de Santo Andr');
insert into meioSocorro values(2, 'Junta de Freguesia de Mes');
insert into meioSocorro values(2, 'Bombeiros de Pvoa de Varzim');
insert into meioSocorro values(2, 'Junta de Freguesia de Tondela');
insert into meioSocorro values(2, 'Polcia de Pvoa de Varzim');
insert into meioSocorro values(1, 'Junta de Freguesia de Gondomar');
insert into meioSocorro values(2, 'Junta de Freguesia de Gondomar');
insert into meioSocorro values(2, 'Junta de Freguesia de Gouveia');
insert into meioSocorro values(1, 'Bombeiros de Alcochete');
insert into meioSocorro values(2, 'Bombeiros de Alcochete');
insert into meioSocorro values(2, 'Junta de Freguesia de Felgueiras');
insert into meioSocorro values(2, 'Bombeiros de Albufeira');
insert into meioSocorro values(4, 'Bombeiros de Albufeira');
insert into meioSocorro values(2, 'Bombeiros de Bragana');



insert into transporta values(2, 'Bombeiros de Bragana', 13, 0);
insert into transporta values(2, 'Bombeiros de Vila Real', 10, 0);
insert into transporta values(2, 'Bombeiros de Vila Real', 9, 1);
insert into transporta values(2, 'Junta de Freguesia de Mirandela', 8, 1);
insert into transporta values(2, 'Junta de Freguesia de Mirandela', 10, 2);
insert into transporta values(2, 'Bombeiros de Braga', 7, 2);
insert into transporta values(2, 'Bombeiros de Braga', 7, 3);
insert into transporta values(2, 'Junta de Freguesia de Fundo', 8, 3);
insert into transporta values(2, 'Junta de Freguesia de Fundo', 15, 4);
insert into transporta values(2, 'Junta de Freguesia de Seixal', 10, 4);
insert into transporta values(2, 'Junta de Freguesia de Seixal', 16, 5);
insert into transporta values(2, 'Polcia de Sagres', 15, 5);
insert into transporta values(2, 'Polcia de Sagres', 8, 6);
insert into transporta values(0, 'Polcia de Moura', 10, 6);
insert into transporta values(0, 'Polcia de Moura', 6, 7);
insert into transporta values(2, 'Polcia de Moura', 17, 7);
insert into transporta values(2, 'Polcia de Moura', 9, 8);
insert into transporta values(2, 'Bombeiros de Silves', 13, 8);
insert into transporta values(2, 'Bombeiros de Silves', 17, 9);
insert into transporta values(2, 'Polcia de Fafe', 6, 9);
insert into transporta values(2, 'Polcia de Fafe', 5, 10);
insert into transporta values(3, 'Polcia de Fafe', 19, 10);
insert into transporta values(3, 'Polcia de Fafe', 13, 11);
insert into transporta values(2, 'Polcia de Olho', 6, 11);
insert into transporta values(2, 'Polcia de Olho', 14, 12);
insert into transporta values(2, 'Bombeiros de Lixa', 8, 12);
insert into transporta values(2, 'Bombeiros de Lixa', 6, 13);
insert into transporta values(2, 'Polcia de lhavo', 8, 13);
insert into transporta values(2, 'Polcia de lhavo', 18, 14);
insert into transporta values(2, 'Junta de Freguesia de Leiria', 10, 14);
insert into transporta values(2, 'Junta de Freguesia de Leiria', 8, 15);
insert into transporta values(0, 'Polcia de Bragana', 15, 15);
insert into transporta values(0, 'Polcia de Bragana', 12, 16);
insert into transporta values(2, 'Polcia de Bragana', 13, 16);
insert into transporta values(2, 'Polcia de Bragana', 11, 17);
insert into transporta values(2, 'Junta de Freguesia de Moura', 19, 17);
insert into transporta values(2, 'Junta de Freguesia de Moura', 7, 18);
insert into transporta values(2, 'Bombeiros de Tavira', 12, 18);
insert into transporta values(2, 'Bombeiros de Tavira', 16, 19);
insert into transporta values(1, 'Bombeiros de Funchal', 11, 19);
insert into transporta values(1, 'Bombeiros de Funchal', 15, 20);
insert into transporta values(2, 'Bombeiros de Funchal', 12, 20);
insert into transporta values(2, 'Bombeiros de Funchal', 5, 21);
insert into transporta values(2, 'Junta de Freguesia de Marco de Canavezes', 18, 21);
insert into transporta values(2, 'Junta de Freguesia de Marco de Canavezes', 9, 22);
insert into transporta values(3, 'Junta de Freguesia de Marco de Canavezes', 14, 22);
insert into transporta values(3, 'Junta de Freguesia de Marco de Canavezes', 9, 23);
insert into transporta values(2, 'Polcia de Marco de Canavezes', 8, 23);
insert into transporta values(2, 'Polcia de Marco de Canavezes', 6, 24);
insert into transporta values(0, 'Polcia de Seixal', 8, 24);
insert into transporta values(0, 'Polcia de Seixal', 18, 25);
insert into transporta values(2, 'Polcia de Seixal', 8, 25);
insert into transporta values(2, 'Polcia de Seixal', 6, 26);
insert into transporta values(2, 'Polcia de Alvor', 13, 26);
insert into transporta values(2, 'Polcia de Alvor', 18, 27);
insert into transporta values(2, 'Polcia de Vizela', 9, 27);
insert into transporta values(2, 'Polcia de Vizela', 15, 28);
insert into transporta values(2, 'Bombeiros de Barreiro', 12, 28);
insert into transporta values(2, 'Bombeiros de Barreiro', 5, 29);
insert into transporta values(3, 'Bombeiros de Barreiro', 8, 29);
insert into transporta values(3, 'Bombeiros de Barreiro', 20, 30);
insert into transporta values(2, 'Bombeiros de Alfena', 6, 30);
insert into transporta values(2, 'Bombeiros de Alfena', 9, 31);
insert into transporta values(2, 'Polcia de Alcobaa', 14, 31);
insert into transporta values(2, 'Polcia de Alcobaa', 19, 32);
insert into transporta values(2, 'Polcia de Braga', 18, 32);
insert into transporta values(2, 'Polcia de Braga', 15, 33);
insert into transporta values(1, 'Junta de Freguesia de Pvoa de Varzim', 5, 33);
insert into transporta values(1, 'Junta de Freguesia de Pvoa de Varzim', 18, 34);
insert into transporta values(2, 'Junta de Freguesia de Pvoa de Varzim', 18, 34);
insert into transporta values(2, 'Junta de Freguesia de Pvoa de Varzim', 7, 35);
insert into transporta values(2, 'Bombeiros de Coina', 14, 35);
insert into transporta values(2, 'Bombeiros de Coina', 10, 36);
insert into transporta values(2, 'Bombeiros de Porto', 14, 36);
insert into transporta values(2, 'Bombeiros de Porto', 9, 37);
insert into transporta values(2, 'Bombeiros de Guarda', 7, 37);
insert into transporta values(2, 'Bombeiros de Guarda', 11, 38);
insert into transporta values(2, 'Polcia de Arcozelo', 17, 38);
insert into transporta values(2, 'Polcia de Arcozelo', 17, 39);
insert into transporta values(2, 'Bombeiros de Leiria', 12, 39);
insert into transporta values(2, 'Bombeiros de Leiria', 17, 40);
insert into transporta values(2, 'Polcia de Gouveia', 19, 40);
insert into transporta values(2, 'Polcia de Gouveia', 5, 41);
insert into transporta values(2, 'Junta de Freguesia de Horta', 10, 41);
insert into transporta values(2, 'Junta de Freguesia de Horta', 6, 42);
insert into transporta values(2, 'Bombeiros de Gouveia', 18, 42);
insert into transporta values(2, 'Bombeiros de Gouveia', 19, 43);
insert into transporta values(2, 'Polcia de Lourosa', 13, 43);
insert into transporta values(2, 'Polcia de Lourosa', 19, 44);
insert into transporta values(2, 'Junta de Freguesia de Queluz', 14, 44);
insert into transporta values(2, 'Junta de Freguesia de Queluz', 16, 45);
insert into transporta values(2, 'Bombeiros de Santana', 13, 45);
insert into transporta values(2, 'Bombeiros de Santana', 9, 46);
insert into transporta values(2, 'Bombeiros de Sines', 17, 46);
insert into transporta values(2, 'Bombeiros de Sines', 9, 47);
insert into transporta values(2, 'Polcia de Monchique', 20, 47);
insert into transporta values(2, 'Polcia de Monchique', 14, 48);
insert into transporta values(2, 'Bombeiros de Alcobaa', 10, 48);
insert into transporta values(2, 'Bombeiros de Alcobaa', 17, 49);
insert into transporta values(2, 'Bombeiros de Viseu', 14, 49);
insert into transporta values(2, 'Bombeiros de Viseu', 16, 50);
insert into transporta values(2, 'Bombeiros de Alvor', 6, 50);
insert into transporta values(2, 'Bombeiros de Alvor', 19, 51);
insert into transporta values(2, 'Junta de Freguesia de Cartaxo', 19, 51);
insert into transporta values(2, 'Junta de Freguesia de Cartaxo', 8, 52);
insert into transporta values(2, 'Junta de Freguesia de Tavira', 16, 52);
insert into transporta values(2, 'Junta de Freguesia de Tavira', 20, 53);
insert into transporta values(2, 'Polcia de Portimo', 13, 53);
insert into transporta values(2, 'Polcia de Portimo', 10, 54);
insert into transporta values(2, 'Bombeiros de Amadora', 16, 54);
insert into transporta values(2, 'Bombeiros de Amadora', 17, 55);
insert into transporta values(2, 'Bombeiros de Oliveira do Hospital', 19, 55);
insert into transporta values(2, 'Bombeiros de Oliveira do Hospital', 14, 56);
insert into transporta values(2, 'Polcia de Costa da Caparica', 20, 56);
insert into transporta values(2, 'Polcia de Costa da Caparica', 10, 57);
insert into transporta values(2, 'Polcia de Alcochete', 9, 57);
insert into transporta values(2, 'Polcia de Alcochete', 7, 58);
insert into transporta values(2, 'Polcia de Penafiel', 12, 58);
insert into transporta values(2, 'Polcia de Penafiel', 17, 59);
insert into transporta values(2, 'Polcia de Montemor-o-Novo', 9, 59);
insert into transporta values(2, 'Polcia de Montemor-o-Novo', 17, 60);
insert into transporta values(2, 'Junta de Freguesia de Machico', 20, 60);
insert into transporta values(2, 'Junta de Freguesia de Machico', 17, 61);
insert into transporta values(2, 'Polcia de Silves', 6, 61);
insert into transporta values(2, 'Polcia de Silves', 17, 62);
insert into transporta values(2, 'Junta de Freguesia de Almada', 18, 62);
insert into transporta values(2, 'Junta de Freguesia de Almada', 15, 63);
insert into transporta values(2, 'Junta de Freguesia de Seia', 13, 63);
insert into transporta values(2, 'Junta de Freguesia de Seia', 14, 64);
insert into transporta values(3, 'Junta de Freguesia de Seia', 15, 64);
insert into transporta values(3, 'Junta de Freguesia de Seia', 15, 65);
insert into transporta values(2, 'Polcia de Santo Tirso', 16, 65);
insert into transporta values(2, 'Polcia de Santo Tirso', 8, 66);
insert into transporta values(2, 'Polcia de Albufeira', 13, 66);
insert into transporta values(2, 'Polcia de Albufeira', 5, 67);
insert into transporta values(2, 'Junta de Freguesia de Braga', 8, 67);
insert into transporta values(2, 'Junta de Freguesia de Braga', 8, 68);
insert into transporta values(2, 'Junta de Freguesia de Ovar', 15, 68);
insert into transporta values(2, 'Junta de Freguesia de Ovar', 19, 69);
insert into transporta values(2, 'Junta de Freguesia de Amadora', 9, 69);
insert into transporta values(2, 'Junta de Freguesia de Amadora', 5, 70);
insert into transporta values(0, 'Bombeiros de Ericeira', 7, 70);
insert into transporta values(0, 'Bombeiros de Ericeira', 18, 71);
insert into transporta values(2, 'Bombeiros de Ericeira', 9, 71);
insert into transporta values(2, 'Bombeiros de Ericeira', 17, 72);
insert into transporta values(1, 'Polcia de Alccer do Sal', 14, 72);
insert into transporta values(1, 'Polcia de Alccer do Sal', 5, 73);
insert into transporta values(2, 'Polcia de Alccer do Sal', 11, 73);
insert into transporta values(2, 'Polcia de Alccer do Sal', 8, 74);
insert into transporta values(2, 'Bombeiros de Marzovelos', 7, 74);
insert into transporta values(2, 'Bombeiros de Marzovelos', 19, 75);
insert into transporta values(2, 'Polcia de Seia', 5, 75);
insert into transporta values(2, 'Polcia de Seia', 10, 76);
insert into transporta values(2, 'Polcia de Mes', 20, 76);
insert into transporta values(2, 'Polcia de Mes', 11, 77);
insert into transporta values(3, 'Polcia de Mes', 18, 77);
insert into transporta values(3, 'Polcia de Mes', 10, 78);
insert into transporta values(2, 'Bombeiros de Fafe', 17, 78);
insert into transporta values(2, 'Bombeiros de Fafe', 15, 79);
insert into transporta values(2, 'Junta de Freguesia de Montijo', 17, 79);
insert into transporta values(2, 'Junta de Freguesia de Montijo', 11, 80);
insert into transporta values(2, 'Polcia de Vila Real', 15, 80);
insert into transporta values(2, 'Polcia de Vila Real', 18, 81);
insert into transporta values(2, 'Junta de Freguesia de Vila Nova de Gaia', 18, 81);
insert into transporta values(2, 'Junta de Freguesia de Vila Nova de Gaia', 14, 82);
insert into transporta values(2, 'Bombeiros de Machico', 13, 82);
insert into transporta values(2, 'Bombeiros de Machico', 11, 83);
insert into transporta values(0, 'Bombeiros de Monchique', 18, 83);
insert into transporta values(0, 'Bombeiros de Monchique', 12, 84);
insert into transporta values(2, 'Bombeiros de Monchique', 20, 84);
insert into transporta values(2, 'Bombeiros de Monchique', 5, 85);
insert into transporta values(2, 'Junta de Freguesia de Peniche', 20, 85);
insert into transporta values(2, 'Junta de Freguesia de Peniche', 16, 86);
insert into transporta values(2, 'Polcia de Lisboa', 7, 86);
insert into transporta values(2, 'Polcia de Lisboa', 19, 87);
insert into transporta values(2, 'Bombeiros de Valongo', 10, 87);
insert into transporta values(2, 'Bombeiros de Valongo', 19, 88);
insert into transporta values(2, 'Polcia de Rio Maior', 15, 88);
insert into transporta values(2, 'Polcia de Rio Maior', 15, 89);
insert into transporta values(1, 'Polcia de Macedo de Cavaleiros', 7, 89);
insert into transporta values(1, 'Polcia de Macedo de Cavaleiros', 10, 90);
insert into transporta values(2, 'Polcia de Macedo de Cavaleiros', 14, 90);
insert into transporta values(2, 'Polcia de Macedo de Cavaleiros', 17, 91);
insert into transporta values(2, 'Junta de Freguesia de Coina', 20, 91);
insert into transporta values(2, 'Junta de Freguesia de Coina', 7, 92);
insert into transporta values(2, 'Bombeiros de vora', 20, 92);
insert into transporta values(2, 'Bombeiros de vora', 13, 93);
insert into transporta values(2, 'Junta de Freguesia de Estarreja', 16, 93);
insert into transporta values(2, 'Junta de Freguesia de Estarreja', 7, 94);
insert into transporta values(2, 'Bombeiros de Abrantes', 14, 94);
insert into transporta values(2, 'Bombeiros de Abrantes', 13, 95);
insert into transporta values(0, 'Polcia de Portalegre', 10, 95);
insert into transporta values(0, 'Polcia de Portalegre', 20, 96);
insert into transporta values(1, 'Polcia de Portalegre', 20, 96);
insert into transporta values(1, 'Polcia de Portalegre', 16, 97);
insert into transporta values(2, 'Polcia de Portalegre', 12, 97);
insert into transporta values(2, 'Polcia de Portalegre', 16, 98);
insert into transporta values(3, 'Polcia de Portalegre', 18, 98);
insert into transporta values(3, 'Polcia de Portalegre', 15, 99);
insert into transporta values(2, 'Junta de Freguesia de Barreiro', 19, 99);
insert into transporta values(2, 'Junta de Freguesia de Barreiro', 6, 100);
insert into transporta values(2, 'Junta de Freguesia de Trancoso', 18, 100);
insert into transporta values(2, 'Junta de Freguesia de Trancoso', 11, 101);
insert into transporta values(2, 'Junta de Freguesia de Sines', 20, 101);



insert into alocado values(4, 'Bombeiros de Bragana', 9, 0);
insert into alocado values(1, 'Bombeiros de Vila Real', 3, 0);
insert into alocado values(1, 'Bombeiros de Vila Real', 4, 1);
insert into alocado values(1, 'Junta de Freguesia de Mirandela', 3, 1);
insert into alocado values(1, 'Junta de Freguesia de Mirandela', 7, 2);
insert into alocado values(1, 'Bombeiros de Braga', 1, 2);
insert into alocado values(1, 'Bombeiros de Braga', 3, 3);
insert into alocado values(4, 'Bombeiros de Braga', 5, 3);
insert into alocado values(4, 'Bombeiros de Braga', 8, 4);
insert into alocado values(1, 'Junta de Freguesia de Fundo', 6, 4);
insert into alocado values(1, 'Junta de Freguesia de Fundo', 3, 5);
insert into alocado values(1, 'Junta de Freguesia de Seixal', 10, 5);
insert into alocado values(1, 'Junta de Freguesia de Seixal', 10, 6);
insert into alocado values(1, 'Polcia de Sagres', 9, 6);
insert into alocado values(1, 'Polcia de Sagres', 4, 7);
insert into alocado values(1, 'Polcia de Moura', 7, 7);
insert into alocado values(1, 'Polcia de Moura', 6, 8);
insert into alocado values(2, 'Polcia de Moura', 5, 8);
insert into alocado values(2, 'Polcia de Moura', 6, 9);
insert into alocado values(4, 'Polcia de Moura', 10, 9);
insert into alocado values(4, 'Polcia de Moura', 7, 10);
insert into alocado values(0, 'Bombeiros de Silves', 8, 10);
insert into alocado values(0, 'Bombeiros de Silves', 9, 11);
insert into alocado values(1, 'Bombeiros de Silves', 9, 11);
insert into alocado values(1, 'Bombeiros de Silves', 9, 12);
insert into alocado values(1, 'Polcia de Fafe', 8, 12);
insert into alocado values(1, 'Polcia de Fafe', 3, 13);
insert into alocado values(4, 'Polcia de Fafe', 7, 13);
insert into alocado values(4, 'Polcia de Fafe', 2, 14);
insert into alocado values(1, 'Polcia de Olho', 6, 14);
insert into alocado values(1, 'Polcia de Olho', 10, 15);
insert into alocado values(1, 'Bombeiros de Lixa', 8, 15);
insert into alocado values(1, 'Bombeiros de Lixa', 4, 16);
insert into alocado values(1, 'Polcia de lhavo', 1, 16);
insert into alocado values(1, 'Polcia de lhavo', 9, 17);
insert into alocado values(4, 'Polcia de lhavo', 1, 17);
insert into alocado values(4, 'Polcia de lhavo', 3, 18);
insert into alocado values(1, 'Junta de Freguesia de Leiria', 6, 18);
insert into alocado values(1, 'Junta de Freguesia de Leiria', 2, 19);
insert into alocado values(4, 'Junta de Freguesia de Leiria', 4, 19);
insert into alocado values(4, 'Junta de Freguesia de Leiria', 7, 20);
insert into alocado values(1, 'Polcia de Bragana', 1, 20);
insert into alocado values(1, 'Polcia de Bragana', 10, 21);
insert into alocado values(1, 'Junta de Freguesia de Moura', 1, 21);
insert into alocado values(1, 'Junta de Freguesia de Moura', 2, 22);
insert into alocado values(2, 'Junta de Freguesia de Moura', 8, 22);
insert into alocado values(2, 'Junta de Freguesia de Moura', 9, 23);
insert into alocado values(1, 'Bombeiros de Tavira', 4, 23);
insert into alocado values(1, 'Bombeiros de Tavira', 10, 24);
insert into alocado values(1, 'Bombeiros de Funchal', 10, 24);
insert into alocado values(1, 'Bombeiros de Funchal', 6, 25);
insert into alocado values(4, 'Bombeiros de Funchal', 4, 25);
insert into alocado values(4, 'Bombeiros de Funchal', 6, 26);
insert into alocado values(1, 'Junta de Freguesia de Marco de Canavezes', 10, 26);
insert into alocado values(1, 'Junta de Freguesia de Marco de Canavezes', 9, 27);
insert into alocado values(2, 'Junta de Freguesia de Marco de Canavezes', 6, 27);
insert into alocado values(2, 'Junta de Freguesia de Marco de Canavezes', 3, 28);
insert into alocado values(0, 'Polcia de Marco de Canavezes', 10, 28);
insert into alocado values(0, 'Polcia de Marco de Canavezes', 3, 29);
insert into alocado values(1, 'Polcia de Marco de Canavezes', 1, 29);
insert into alocado values(1, 'Polcia de Marco de Canavezes', 10, 30);
insert into alocado values(4, 'Polcia de Marco de Canavezes', 8, 30);
insert into alocado values(4, 'Polcia de Marco de Canavezes', 8, 31);
insert into alocado values(0, 'Polcia de Seixal', 7, 31);
insert into alocado values(0, 'Polcia de Seixal', 8, 32);
insert into alocado values(1, 'Polcia de Seixal', 2, 32);
insert into alocado values(1, 'Polcia de Seixal', 7, 33);
insert into alocado values(1, 'Polcia de Alvor', 5, 33);
insert into alocado values(1, 'Polcia de Alvor', 10, 34);
insert into alocado values(1, 'Polcia de Vizela', 2, 34);
insert into alocado values(1, 'Polcia de Vizela', 2, 35);
insert into alocado values(1, 'Bombeiros de Barreiro', 7, 35);
insert into alocado values(1, 'Bombeiros de Barreiro', 8, 36);
insert into alocado values(4, 'Bombeiros de Barreiro', 1, 36);
insert into alocado values(4, 'Bombeiros de Barreiro', 3, 37);
insert into alocado values(0, 'Bombeiros de Alfena', 3, 37);
insert into alocado values(0, 'Bombeiros de Alfena', 9, 38);
insert into alocado values(1, 'Bombeiros de Alfena', 8, 38);
insert into alocado values(1, 'Bombeiros de Alfena', 4, 39);
insert into alocado values(4, 'Bombeiros de Alfena', 5, 39);
insert into alocado values(4, 'Bombeiros de Alfena', 6, 40);
insert into alocado values(1, 'Polcia de Alcobaa', 2, 40);
insert into alocado values(1, 'Polcia de Alcobaa', 10, 41);
insert into alocado values(1, 'Polcia de Braga', 8, 41);
insert into alocado values(1, 'Polcia de Braga', 8, 42);
insert into alocado values(1, 'Junta de Freguesia de Pvoa de Varzim', 2, 42);
insert into alocado values(1, 'Junta de Freguesia de Pvoa de Varzim', 4, 43);
insert into alocado values(1, 'Bombeiros de Coina', 3, 43);
insert into alocado values(1, 'Bombeiros de Coina', 6, 44);
insert into alocado values(1, 'Bombeiros de Porto', 9, 44);
insert into alocado values(1, 'Bombeiros de Porto', 1, 45);
insert into alocado values(4, 'Bombeiros de Porto', 1, 45);
insert into alocado values(4, 'Bombeiros de Porto', 7, 46);
insert into alocado values(1, 'Bombeiros de Guarda', 10, 46);
insert into alocado values(1, 'Bombeiros de Guarda', 4, 47);
insert into alocado values(1, 'Polcia de Arcozelo', 4, 47);
insert into alocado values(1, 'Polcia de Arcozelo', 4, 48);
insert into alocado values(1, 'Bombeiros de Leiria', 8, 48);
insert into alocado values(1, 'Bombeiros de Leiria', 9, 49);
insert into alocado values(1, 'Polcia de Gouveia', 3, 49);
insert into alocado values(1, 'Polcia de Gouveia', 6, 50);
insert into alocado values(1, 'Junta de Freguesia de Horta', 6, 50);
insert into alocado values(1, 'Junta de Freguesia de Horta', 9, 51);
insert into alocado values(2, 'Junta de Freguesia de Horta', 2, 51);
insert into alocado values(2, 'Junta de Freguesia de Horta', 1, 52);
insert into alocado values(4, 'Junta de Freguesia de Horta', 8, 52);
insert into alocado values(4, 'Junta de Freguesia de Horta', 3, 53);
insert into alocado values(1, 'Bombeiros de Gouveia', 9, 53);
insert into alocado values(1, 'Bombeiros de Gouveia', 7, 54);
insert into alocado values(2, 'Bombeiros de Gouveia', 6, 54);
insert into alocado values(2, 'Bombeiros de Gouveia', 3, 55);
insert into alocado values(1, 'Polcia de Lourosa', 6, 55);
insert into alocado values(1, 'Polcia de Lourosa', 10, 56);
insert into alocado values(4, 'Polcia de Lourosa', 2, 56);
insert into alocado values(4, 'Polcia de Lourosa', 2, 57);
insert into alocado values(1, 'Junta de Freguesia de Queluz', 7, 57);
insert into alocado values(1, 'Junta de Freguesia de Queluz', 3, 58);
insert into alocado values(1, 'Bombeiros de Santana', 10, 58);
insert into alocado values(1, 'Bombeiros de Santana', 4, 59);
insert into alocado values(1, 'Bombeiros de Sines', 3, 59);
insert into alocado values(1, 'Bombeiros de Sines', 2, 60);
insert into alocado values(4, 'Bombeiros de Sines', 1, 60);
insert into alocado values(4, 'Bombeiros de Sines', 7, 61);
insert into alocado values(1, 'Polcia de Monchique', 8, 61);
insert into alocado values(1, 'Polcia de Monchique', 8, 62);
insert into alocado values(1, 'Bombeiros de Alcobaa', 4, 62);
insert into alocado values(1, 'Bombeiros de Alcobaa', 8, 63);
insert into alocado values(1, 'Bombeiros de Viseu', 3, 63);
insert into alocado values(1, 'Bombeiros de Viseu', 1, 64);
insert into alocado values(1, 'Bombeiros de Alvor', 4, 64);
insert into alocado values(1, 'Bombeiros de Alvor', 7, 65);
insert into alocado values(1, 'Junta de Freguesia de Cartaxo', 10, 65);
insert into alocado values(1, 'Junta de Freguesia de Cartaxo', 8, 66);
insert into alocado values(1, 'Junta de Freguesia de Tavira', 10, 66);
insert into alocado values(1, 'Junta de Freguesia de Tavira', 5, 67);
insert into alocado values(1, 'Polcia de Portimo', 9, 67);
insert into alocado values(1, 'Polcia de Portimo', 10, 68);
insert into alocado values(4, 'Polcia de Portimo', 7, 68);
insert into alocado values(4, 'Polcia de Portimo', 9, 69);
insert into alocado values(1, 'Bombeiros de Amadora', 7, 69);
insert into alocado values(1, 'Bombeiros de Amadora', 1, 70);
insert into alocado values(4, 'Bombeiros de Amadora', 5, 70);
insert into alocado values(4, 'Bombeiros de Amadora', 7, 71);
insert into alocado values(1, 'Bombeiros de Oliveira do Hospital', 1, 71);
insert into alocado values(1, 'Bombeiros de Oliveira do Hospital', 10, 72);
insert into alocado values(4, 'Bombeiros de Oliveira do Hospital', 4, 72);
insert into alocado values(4, 'Bombeiros de Oliveira do Hospital', 9, 73);
insert into alocado values(1, 'Polcia de Costa da Caparica', 5, 73);
insert into alocado values(1, 'Polcia de Costa da Caparica', 8, 74);
insert into alocado values(3, 'Polcia de Costa da Caparica', 10, 74);
insert into alocado values(3, 'Polcia de Costa da Caparica', 6, 75);
insert into alocado values(4, 'Polcia de Costa da Caparica', 9, 75);
insert into alocado values(4, 'Polcia de Costa da Caparica', 2, 76);
insert into alocado values(1, 'Polcia de Alcochete', 6, 76);
insert into alocado values(1, 'Polcia de Alcochete', 3, 77);
insert into alocado values(1, 'Polcia de Penafiel', 4, 77);
insert into alocado values(1, 'Polcia de Penafiel', 1, 78);
insert into alocado values(4, 'Polcia de Penafiel', 9, 78);
insert into alocado values(4, 'Polcia de Penafiel', 6, 79);
insert into alocado values(1, 'Polcia de Montemor-o-Novo', 2, 79);
insert into alocado values(1, 'Polcia de Montemor-o-Novo', 3, 80);
insert into alocado values(4, 'Polcia de Montemor-o-Novo', 6, 80);
insert into alocado values(4, 'Polcia de Montemor-o-Novo', 7, 81);
insert into alocado values(1, 'Junta de Freguesia de Machico', 9, 81);
insert into alocado values(1, 'Junta de Freguesia de Machico', 9, 82);
insert into alocado values(1, 'Polcia de Silves', 5, 82);
insert into alocado values(1, 'Polcia de Silves', 3, 83);
insert into alocado values(4, 'Polcia de Silves', 2, 83);
insert into alocado values(4, 'Polcia de Silves', 5, 84);
insert into alocado values(1, 'Junta de Freguesia de Almada', 3, 84);
insert into alocado values(1, 'Junta de Freguesia de Almada', 4, 85);
insert into alocado values(1, 'Junta de Freguesia de Seia', 4, 85);
insert into alocado values(1, 'Junta de Freguesia de Seia', 3, 86);
insert into alocado values(4, 'Junta de Freguesia de Seia', 7, 86);
insert into alocado values(4, 'Junta de Freguesia de Seia', 5, 87);
insert into alocado values(1, 'Polcia de Santo Tirso', 2, 87);
insert into alocado values(1, 'Polcia de Santo Tirso', 10, 88);
insert into alocado values(1, 'Polcia de Albufeira', 7, 88);
insert into alocado values(1, 'Polcia de Albufeira', 5, 89);
insert into alocado values(1, 'Junta de Freguesia de Braga', 10, 89);
insert into alocado values(1, 'Junta de Freguesia de Braga', 1, 90);
insert into alocado values(1, 'Junta de Freguesia de Ovar', 8, 90);
insert into alocado values(1, 'Junta de Freguesia de Ovar', 8, 91);
insert into alocado values(4, 'Junta de Freguesia de Ovar', 8, 91);
insert into alocado values(4, 'Junta de Freguesia de Ovar', 3, 92);
insert into alocado values(1, 'Junta de Freguesia de Amadora', 6, 92);
insert into alocado values(1, 'Junta de Freguesia de Amadora', 3, 93);
insert into alocado values(0, 'Bombeiros de Ericeira', 10, 93);
insert into alocado values(0, 'Bombeiros de Ericeira', 4, 94);
insert into alocado values(1, 'Bombeiros de Ericeira', 4, 94);
insert into alocado values(1, 'Bombeiros de Ericeira', 2, 95);
insert into alocado values(0, 'Polcia de Alccer do Sal', 3, 95);
insert into alocado values(0, 'Polcia de Alccer do Sal', 7, 96);
insert into alocado values(1, 'Polcia de Alccer do Sal', 4, 96);
insert into alocado values(1, 'Polcia de Alccer do Sal', 5, 97);
insert into alocado values(1, 'Bombeiros de Marzovelos', 5, 97);
insert into alocado values(1, 'Bombeiros de Marzovelos', 8, 98);
insert into alocado values(1, 'Polcia de Seia', 1, 98);
insert into alocado values(1, 'Polcia de Seia', 3, 99);
insert into alocado values(4, 'Polcia de Seia', 9, 99);
insert into alocado values(4, 'Polcia de Seia', 5, 100);
insert into alocado values(1, 'Polcia de Mes', 2, 100);
insert into alocado values(1, 'Polcia de Mes', 6, 101);
insert into alocado values(2, 'Polcia de Mes', 4, 101);



insert into acciona values(0, 'Bombeiros de Vila Real', 0);
insert into acciona values(1, 'Bombeiros de Vila Real', 1);
insert into acciona values(2, 'Bombeiros de Vila Real', 1);
insert into acciona values(3, 'Bombeiros de Vila Real', 1);
insert into acciona values(0, 'Junta de Freguesia de Mirandela', 1);
insert into acciona values(1, 'Junta de Freguesia de Mirandela', 1);
insert into acciona values(2, 'Bombeiros de Vila Real', 2);
insert into acciona values(3, 'Bombeiros de Vila Real', 3);
insert into acciona values(0, 'Junta de Freguesia de Mirandela', 3);
insert into acciona values(1, 'Junta de Freguesia de Mirandela', 3);
insert into acciona values(2, 'Junta de Freguesia de Mirandela', 3);
insert into acciona values(3, 'Junta de Freguesia de Mirandela', 3);
insert into acciona values(0, 'Junta de Freguesia de Mirandela', 4);
insert into acciona values(1, 'Junta de Freguesia de Mirandela', 4);
insert into acciona values(1, 'Junta de Freguesia de Mirandela', 5);
insert into acciona values(2, 'Junta de Freguesia de Mirandela', 5);
insert into acciona values(2, 'Junta de Freguesia de Mirandela', 6);
insert into acciona values(3, 'Junta de Freguesia de Mirandela', 6);
insert into acciona values(0, 'Bombeiros de Braga', 6);
insert into acciona values(1, 'Bombeiros de Braga', 6);
insert into acciona values(3, 'Junta de Freguesia de Mirandela', 7);
insert into acciona values(0, 'Bombeiros de Braga', 7);
insert into acciona values(0, 'Bombeiros de Braga', 8);
insert into acciona values(1, 'Bombeiros de Braga', 9);
insert into acciona values(2, 'Bombeiros de Braga', 9);
insert into acciona values(3, 'Bombeiros de Braga', 9);
insert into acciona values(4, 'Bombeiros de Braga', 9);
insert into acciona values(2, 'Bombeiros de Braga', 10);
insert into acciona values(3, 'Bombeiros de Braga', 10);
insert into acciona values(4, 'Bombeiros de Braga', 10);
insert into acciona values(0, 'Junta de Freguesia de Fundo', 10);
insert into acciona values(1, 'Junta de Freguesia de Fundo', 10);
insert into acciona values(3, 'Bombeiros de Braga', 11);
insert into acciona values(4, 'Bombeiros de Braga', 12);
insert into acciona values(0, 'Junta de Freguesia de Fundo', 12);
insert into acciona values(1, 'Junta de Freguesia de Fundo', 12);
insert into acciona values(2, 'Junta de Freguesia de Fundo', 12);
insert into acciona values(0, 'Junta de Freguesia de Fundo', 13);
insert into acciona values(1, 'Junta de Freguesia de Fundo', 14);
insert into acciona values(2, 'Junta de Freguesia de Fundo', 15);
insert into acciona values(0, 'Junta de Freguesia de Seixal', 16);
insert into acciona values(1, 'Junta de Freguesia de Seixal', 17);
insert into acciona values(2, 'Junta de Freguesia de Seixal', 17);
insert into acciona values(3, 'Junta de Freguesia de Seixal', 17);
insert into acciona values(0, 'Polcia de Sagres', 17);
insert into acciona values(2, 'Junta de Freguesia de Seixal', 18);
insert into acciona values(3, 'Junta de Freguesia de Seixal', 19);
insert into acciona values(0, 'Polcia de Sagres', 19);
insert into acciona values(1, 'Polcia de Sagres', 19);
insert into acciona values(0, 'Polcia de Sagres', 20);
insert into acciona values(1, 'Polcia de Sagres', 20);
insert into acciona values(2, 'Polcia de Sagres', 20);
insert into acciona values(1, 'Polcia de Sagres', 21);
insert into acciona values(2, 'Polcia de Sagres', 21);
insert into acciona values(2, 'Polcia de Sagres', 22);
insert into acciona values(0, 'Polcia de Moura', 22);
insert into acciona values(0, 'Polcia de Moura', 23);
insert into acciona values(1, 'Polcia de Moura', 23);
insert into acciona values(2, 'Polcia de Moura', 23);
insert into acciona values(3, 'Polcia de Moura', 23);
insert into acciona values(1, 'Polcia de Moura', 24);
insert into acciona values(2, 'Polcia de Moura', 24);
insert into acciona values(3, 'Polcia de Moura', 24);
insert into acciona values(2, 'Polcia de Moura', 25);
insert into acciona values(3, 'Polcia de Moura', 25);
insert into acciona values(3, 'Polcia de Moura', 26);
insert into acciona values(4, 'Polcia de Moura', 26);
insert into acciona values(4, 'Polcia de Moura', 27);
insert into acciona values(0, 'Bombeiros de Silves', 28);
insert into acciona values(1, 'Bombeiros de Silves', 28);
insert into acciona values(2, 'Bombeiros de Silves', 28);
insert into acciona values(1, 'Bombeiros de Silves', 29);
insert into acciona values(2, 'Bombeiros de Silves', 29);
insert into acciona values(2, 'Bombeiros de Silves', 30);
insert into acciona values(0, 'Polcia de Fafe', 30);
insert into acciona values(0, 'Polcia de Fafe', 31);
insert into acciona values(1, 'Polcia de Fafe', 31);
insert into acciona values(1, 'Polcia de Fafe', 32);
insert into acciona values(2, 'Polcia de Fafe', 32);
insert into acciona values(3, 'Polcia de Fafe', 32);
insert into acciona values(4, 'Polcia de Fafe', 32);
insert into acciona values(2, 'Polcia de Fafe', 33);
insert into acciona values(3, 'Polcia de Fafe', 33);
insert into acciona values(4, 'Polcia de Fafe', 33);
insert into acciona values(3, 'Polcia de Fafe', 34);
insert into acciona values(4, 'Polcia de Fafe', 34);
insert into acciona values(0, 'Polcia de Olho', 34);
insert into acciona values(4, 'Polcia de Fafe', 35);
insert into acciona values(0, 'Polcia de Olho', 35);
insert into acciona values(1, 'Polcia de Olho', 35);
insert into acciona values(2, 'Polcia de Olho', 35);
insert into acciona values(0, 'Polcia de Olho', 36);
insert into acciona values(1, 'Polcia de Olho', 36);
insert into acciona values(2, 'Polcia de Olho', 36);
insert into acciona values(3, 'Polcia de Olho', 36);
insert into acciona values(0, 'Bombeiros de Lixa', 36);
insert into acciona values(1, 'Polcia de Olho', 37);
insert into acciona values(2, 'Polcia de Olho', 37);
insert into acciona values(2, 'Polcia de Olho', 38);
insert into acciona values(3, 'Polcia de Olho', 38);
insert into acciona values(3, 'Polcia de Olho', 39);
insert into acciona values(0, 'Bombeiros de Lixa', 39);
insert into acciona values(1, 'Bombeiros de Lixa', 39);
insert into acciona values(0, 'Bombeiros de Lixa', 40);
insert into acciona values(1, 'Bombeiros de Lixa', 41);
insert into acciona values(2, 'Bombeiros de Lixa', 42);
insert into acciona values(0, 'Polcia de lhavo', 42);
insert into acciona values(1, 'Polcia de lhavo', 42);
insert into acciona values(2, 'Polcia de lhavo', 42);
insert into acciona values(3, 'Polcia de lhavo', 42);
insert into acciona values(0, 'Polcia de lhavo', 43);
insert into acciona values(1, 'Polcia de lhavo', 43);
insert into acciona values(2, 'Polcia de lhavo', 43);
insert into acciona values(1, 'Polcia de lhavo', 44);
insert into acciona values(2, 'Polcia de lhavo', 44);
insert into acciona values(3, 'Polcia de lhavo', 44);
insert into acciona values(2, 'Polcia de lhavo', 45);
insert into acciona values(3, 'Polcia de lhavo', 45);
insert into acciona values(4, 'Polcia de lhavo', 45);
insert into acciona values(3, 'Polcia de lhavo', 46);
insert into acciona values(4, 'Polcia de lhavo', 47);
insert into acciona values(0, 'Junta de Freguesia de Leiria', 47);
insert into acciona values(1, 'Junta de Freguesia de Leiria', 47);
insert into acciona values(2, 'Junta de Freguesia de Leiria', 47);
insert into acciona values(0, 'Junta de Freguesia de Leiria', 48);
insert into acciona values(1, 'Junta de Freguesia de Leiria', 48);
insert into acciona values(2, 'Junta de Freguesia de Leiria', 48);
insert into acciona values(3, 'Junta de Freguesia de Leiria', 48);
insert into acciona values(4, 'Junta de Freguesia de Leiria', 48);
insert into acciona values(1, 'Junta de Freguesia de Leiria', 49);
insert into acciona values(2, 'Junta de Freguesia de Leiria', 49);
insert into acciona values(3, 'Junta de Freguesia de Leiria', 49);
insert into acciona values(2, 'Junta de Freguesia de Leiria', 50);
insert into acciona values(3, 'Junta de Freguesia de Leiria', 50);
insert into acciona values(3, 'Junta de Freguesia de Leiria', 51);
insert into acciona values(4, 'Junta de Freguesia de Leiria', 51);
insert into acciona values(0, 'Polcia de Bragana', 51);
insert into acciona values(1, 'Polcia de Bragana', 51);
insert into acciona values(2, 'Polcia de Bragana', 51);
insert into acciona values(4, 'Junta de Freguesia de Leiria', 52);
insert into acciona values(0, 'Polcia de Bragana', 52);
insert into acciona values(1, 'Polcia de Bragana', 52);
insert into acciona values(2, 'Polcia de Bragana', 52);
insert into acciona values(0, 'Junta de Freguesia de Moura', 52);
insert into acciona values(0, 'Polcia de Bragana', 53);
insert into acciona values(1, 'Polcia de Bragana', 53);
insert into acciona values(2, 'Polcia de Bragana', 53);
insert into acciona values(1, 'Polcia de Bragana', 54);
insert into acciona values(2, 'Polcia de Bragana', 54);
insert into acciona values(0, 'Junta de Freguesia de Moura', 54);
insert into acciona values(2, 'Polcia de Bragana', 55);
insert into acciona values(0, 'Junta de Freguesia de Moura', 55);
insert into acciona values(0, 'Junta de Freguesia de Moura', 56);
insert into acciona values(1, 'Junta de Freguesia de Moura', 56);
insert into acciona values(2, 'Junta de Freguesia de Moura', 56);
insert into acciona values(0, 'Bombeiros de Tavira', 56);
insert into acciona values(1, 'Bombeiros de Tavira', 56);
insert into acciona values(1, 'Junta de Freguesia de Moura', 57);
insert into acciona values(2, 'Junta de Freguesia de Moura', 57);
insert into acciona values(0, 'Bombeiros de Tavira', 57);
insert into acciona values(1, 'Bombeiros de Tavira', 57);
insert into acciona values(2, 'Junta de Freguesia de Moura', 58);
insert into acciona values(0, 'Bombeiros de Tavira', 58);
insert into acciona values(1, 'Bombeiros de Tavira', 58);
insert into acciona values(2, 'Bombeiros de Tavira', 58);
insert into acciona values(0, 'Bombeiros de Tavira', 59);
insert into acciona values(1, 'Bombeiros de Tavira', 60);
insert into acciona values(2, 'Bombeiros de Tavira', 60);
insert into acciona values(3, 'Bombeiros de Tavira', 60);
insert into acciona values(0, 'Bombeiros de Funchal', 60);
insert into acciona values(2, 'Bombeiros de Tavira', 61);
insert into acciona values(3, 'Bombeiros de Tavira', 62);
insert into acciona values(0, 'Bombeiros de Funchal', 62);
insert into acciona values(1, 'Bombeiros de Funchal', 62);
insert into acciona values(2, 'Bombeiros de Funchal', 62);
insert into acciona values(3, 'Bombeiros de Funchal', 62);
insert into acciona values(0, 'Bombeiros de Funchal', 63);
insert into acciona values(1, 'Bombeiros de Funchal', 64);
insert into acciona values(2, 'Bombeiros de Funchal', 65);
insert into acciona values(3, 'Bombeiros de Funchal', 65);
insert into acciona values(4, 'Bombeiros de Funchal', 65);
insert into acciona values(0, 'Junta de Freguesia de Marco de Canavezes', 65);
insert into acciona values(1, 'Junta de Freguesia de Marco de Canavezes', 65);
insert into acciona values(3, 'Bombeiros de Funchal', 66);
insert into acciona values(4, 'Bombeiros de Funchal', 66);
insert into acciona values(0, 'Junta de Freguesia de Marco de Canavezes', 66);
insert into acciona values(1, 'Junta de Freguesia de Marco de Canavezes', 66);
insert into acciona values(4, 'Bombeiros de Funchal', 67);
insert into acciona values(0, 'Junta de Freguesia de Marco de Canavezes', 68);
insert into acciona values(1, 'Junta de Freguesia de Marco de Canavezes', 68);
insert into acciona values(2, 'Junta de Freguesia de Marco de Canavezes', 68);
insert into acciona values(1, 'Junta de Freguesia de Marco de Canavezes', 69);
insert into acciona values(2, 'Junta de Freguesia de Marco de Canavezes', 69);
insert into acciona values(2, 'Junta de Freguesia de Marco de Canavezes', 70);
insert into acciona values(3, 'Junta de Freguesia de Marco de Canavezes', 70);
insert into acciona values(0, 'Polcia de Marco de Canavezes', 70);
insert into acciona values(3, 'Junta de Freguesia de Marco de Canavezes', 71);
insert into acciona values(0, 'Polcia de Marco de Canavezes', 71);
insert into acciona values(1, 'Polcia de Marco de Canavezes', 71);
insert into acciona values(2, 'Polcia de Marco de Canavezes', 71);
insert into acciona values(0, 'Polcia de Marco de Canavezes', 72);
insert into acciona values(1, 'Polcia de Marco de Canavezes', 72);
insert into acciona values(2, 'Polcia de Marco de Canavezes', 72);
insert into acciona values(1, 'Polcia de Marco de Canavezes', 73);
insert into acciona values(2, 'Polcia de Marco de Canavezes', 73);
insert into acciona values(3, 'Polcia de Marco de Canavezes', 73);
insert into acciona values(2, 'Polcia de Marco de Canavezes', 74);
insert into acciona values(3, 'Polcia de Marco de Canavezes', 74);
insert into acciona values(3, 'Polcia de Marco de Canavezes', 75);
insert into acciona values(4, 'Polcia de Marco de Canavezes', 75);
insert into acciona values(0, 'Polcia de Seixal', 75);
insert into acciona values(4, 'Polcia de Marco de Canavezes', 76);
insert into acciona values(0, 'Polcia de Seixal', 77);
insert into acciona values(1, 'Polcia de Seixal', 77);
insert into acciona values(2, 'Polcia de Seixal', 77);
insert into acciona values(0, 'Polcia de Alvor', 77);
insert into acciona values(1, 'Polcia de Alvor', 77);
insert into acciona values(1, 'Polcia de Seixal', 78);
insert into acciona values(2, 'Polcia de Seixal', 78);
insert into acciona values(0, 'Polcia de Alvor', 78);
insert into acciona values(1, 'Polcia de Alvor', 78);
insert into acciona values(2, 'Polcia de Seixal', 79);
insert into acciona values(0, 'Polcia de Alvor', 79);
insert into acciona values(1, 'Polcia de Alvor', 79);
insert into acciona values(2, 'Polcia de Alvor', 79);
insert into acciona values(0, 'Polcia de Vizela', 79);
insert into acciona values(0, 'Polcia de Alvor', 80);
insert into acciona values(1, 'Polcia de Alvor', 80);
insert into acciona values(2, 'Polcia de Alvor', 80);
insert into acciona values(0, 'Polcia de Vizela', 80);
insert into acciona values(1, 'Polcia de Alvor', 81);
insert into acciona values(2, 'Polcia de Alvor', 81);
insert into acciona values(0, 'Polcia de Vizela', 81);
insert into acciona values(1, 'Polcia de Vizela', 81);
insert into acciona values(2, 'Polcia de Vizela', 81);
insert into acciona values(2, 'Polcia de Alvor', 82);
insert into acciona values(0, 'Polcia de Vizela', 82);
insert into acciona values(0, 'Polcia de Vizela', 83);
insert into acciona values(1, 'Polcia de Vizela', 84);
insert into acciona values(2, 'Polcia de Vizela', 84);
insert into acciona values(0, 'Bombeiros de Barreiro', 84);
insert into acciona values(1, 'Bombeiros de Barreiro', 84);
insert into acciona values(2, 'Bombeiros de Barreiro', 84);
insert into acciona values(2, 'Polcia de Vizela', 85);
insert into acciona values(0, 'Bombeiros de Barreiro', 85);
insert into acciona values(1, 'Bombeiros de Barreiro', 85);
insert into acciona values(0, 'Bombeiros de Barreiro', 86);
insert into acciona values(1, 'Bombeiros de Barreiro', 86);
insert into acciona values(2, 'Bombeiros de Barreiro', 86);
insert into acciona values(1, 'Bombeiros de Barreiro', 87);
insert into acciona values(2, 'Bombeiros de Barreiro', 88);
insert into acciona values(3, 'Bombeiros de Barreiro', 89);
insert into acciona values(4, 'Bombeiros de Barreiro', 89);
insert into acciona values(0, 'Bombeiros de Alfena', 89);
insert into acciona values(1, 'Bombeiros de Alfena', 89);
insert into acciona values(2, 'Bombeiros de Alfena', 89);
insert into acciona values(4, 'Bombeiros de Barreiro', 90);
insert into acciona values(0, 'Bombeiros de Alfena', 90);
insert into acciona values(1, 'Bombeiros de Alfena', 90);
insert into acciona values(0, 'Bombeiros de Alfena', 91);
insert into acciona values(1, 'Bombeiros de Alfena', 91);
insert into acciona values(2, 'Bombeiros de Alfena', 91);
insert into acciona values(1, 'Bombeiros de Alfena', 92);
insert into acciona values(2, 'Bombeiros de Alfena', 92);
insert into acciona values(3, 'Bombeiros de Alfena', 92);
insert into acciona values(2, 'Bombeiros de Alfena', 93);
insert into acciona values(3, 'Bombeiros de Alfena', 94);
insert into acciona values(4, 'Bombeiros de Alfena', 94);
insert into acciona values(4, 'Bombeiros de Alfena', 95);
insert into acciona values(0, 'Polcia de Alcobaa', 95);
insert into acciona values(0, 'Polcia de Alcobaa', 96);
insert into acciona values(1, 'Polcia de Alcobaa', 96);
insert into acciona values(1, 'Polcia de Alcobaa', 97);
insert into acciona values(2, 'Polcia de Alcobaa', 97);
insert into acciona values(3, 'Polcia de Alcobaa', 97);
insert into acciona values(2, 'Polcia de Alcobaa', 98);
insert into acciona values(3, 'Polcia de Alcobaa', 98);
insert into acciona values(0, 'Polcia de Braga', 98);
insert into acciona values(1, 'Polcia de Braga', 98);
insert into acciona values(2, 'Polcia de Braga', 98);
insert into acciona values(3, 'Polcia de Alcobaa', 99);
insert into acciona values(0, 'Polcia de Braga', 99);
insert into acciona values(1, 'Polcia de Braga', 99);
insert into acciona values(2, 'Polcia de Braga', 99);
insert into acciona values(0, 'Junta de Freguesia de Pvoa de Varzim', 99);
insert into acciona values(0, 'Polcia de Braga', 100);
insert into acciona values(1, 'Polcia de Braga', 100);
insert into acciona values(1, 'Polcia de Braga', 101);
insert into acciona values(2, 'Polcia de Braga', 101);
insert into acciona values(0, 'Junta de Freguesia de Pvoa de Varzim', 101);
insert into acciona values(1, 'Junta de Freguesia de Pvoa de Varzim', 101);



insert into coordenador values(0);
insert into coordenador values(1);
insert into coordenador values(2);
insert into coordenador values(3);
insert into coordenador values(4);
insert into coordenador values(5);
insert into coordenador values(6);
insert into coordenador values(7);
insert into coordenador values(8);
insert into coordenador values(9);
insert into coordenador values(10);
insert into coordenador values(11);
insert into coordenador values(12);
insert into coordenador values(13);
insert into coordenador values(14);
insert into coordenador values(15);
insert into coordenador values(16);
insert into coordenador values(17);
insert into coordenador values(18);
insert into coordenador values(19);
insert into coordenador values(20);
insert into coordenador values(21);
insert into coordenador values(22);
insert into coordenador values(23);
insert into coordenador values(24);
insert into coordenador values(25);
insert into coordenador values(26);
insert into coordenador values(27);
insert into coordenador values(28);
insert into coordenador values(29);
insert into coordenador values(30);
insert into coordenador values(31);
insert into coordenador values(32);
insert into coordenador values(33);
insert into coordenador values(34);
insert into coordenador values(35);
insert into coordenador values(36);
insert into coordenador values(37);
insert into coordenador values(38);
insert into coordenador values(39);
insert into coordenador values(40);
insert into coordenador values(41);
insert into coordenador values(42);
insert into coordenador values(43);
insert into coordenador values(44);
insert into coordenador values(45);
insert into coordenador values(46);
insert into coordenador values(47);
insert into coordenador values(48);
insert into coordenador values(49);
insert into coordenador values(50);
insert into coordenador values(51);
insert into coordenador values(52);
insert into coordenador values(53);
insert into coordenador values(54);
insert into coordenador values(55);
insert into coordenador values(56);
insert into coordenador values(57);
insert into coordenador values(58);
insert into coordenador values(59);
insert into coordenador values(60);
insert into coordenador values(61);
insert into coordenador values(62);
insert into coordenador values(63);
insert into coordenador values(64);
insert into coordenador values(65);
insert into coordenador values(66);
insert into coordenador values(67);
insert into coordenador values(68);
insert into coordenador values(69);
insert into coordenador values(70);
insert into coordenador values(71);
insert into coordenador values(72);
insert into coordenador values(73);
insert into coordenador values(74);
insert into coordenador values(75);
insert into coordenador values(76);
insert into coordenador values(77);
insert into coordenador values(78);
insert into coordenador values(79);
insert into coordenador values(80);
insert into coordenador values(81);
insert into coordenador values(82);
insert into coordenador values(83);
insert into coordenador values(84);
insert into coordenador values(85);
insert into coordenador values(86);
insert into coordenador values(87);
insert into coordenador values(88);
insert into coordenador values(89);
insert into coordenador values(90);
insert into coordenador values(91);
insert into coordenador values(92);
insert into coordenador values(93);
insert into coordenador values(94);
insert into coordenador values(95);
insert into coordenador values(96);
insert into coordenador values(97);
insert into coordenador values(98);
insert into coordenador values(99);
insert into coordenador values(100);
insert into coordenador values(101);



insert into audita values(0, 0, 'Polcia de Sagres', 20, '2016-02-11 20:14:06', '2016-02-11 20:16:17', '2016-02-11 20:14:06', 'Auditado.');
insert into audita values(1, 3, 'Polcia de lhavo', 44, '2017-01-11 00:35:34', '2017-01-11 00:53:26', '2017-01-11 00:35:34', 'Auditado.');
insert into audita values(2, 0, 'Polcia de Seixal', 75, '2016-03-26 18:17:18', '2016-03-26 18:31:39', '2016-03-26 18:17:18', 'Auditado.');
insert into audita values(3, 0, 'Polcia de Marco de Canavezes', 72, '2018-11-14 17:32:50', '2018-11-14 17:36:04', '2018-11-14 17:32:50', 'Auditado.');
insert into audita values(4, 2, 'Polcia de Alcobaa', 98, '2016-05-12 10:55:32', '2016-05-12 11:06:07', '2016-05-12 10:55:32', 'Auditado.');
insert into audita values(5, 4, 'Junta de Freguesia de Leiria', 48, '2016-05-06 03:32:48', '2016-05-06 03:46:33', '2016-05-06 03:32:48', 'Auditado.');
insert into audita values(6, 4, 'Polcia de Moura', 26, '2016-07-30 16:30:14', '2016-07-30 16:33:15', '2016-07-30 16:30:14', 'Auditado.');
insert into audita values(7, 4, 'Bombeiros de Braga', 12, '2016-03-13 04:49:00', '2016-03-13 04:59:33', '2016-03-13 04:49:00', 'Auditado.');
insert into audita values(8, 1, 'Junta de Freguesia de Leiria', 48, '2016-06-11 21:08:48', '2016-06-11 21:13:50', '2016-06-11 21:08:48', 'Auditado.');
insert into audita values(9, 1, 'Polcia de Bragana', 51, '2016-07-26 09:20:12', '2016-07-26 09:40:02', '2016-07-26 09:20:12', 'Auditado.');
insert into audita values(10, 2, 'Bombeiros de Funchal', 62, '2017-11-25 03:11:06', '2017-11-25 03:21:04', '2017-11-25 03:11:06', 'Auditado.');
insert into audita values(11, 3, 'Bombeiros de Tavira', 60, '2018-07-31 14:48:35', '2018-07-31 14:51:36', '2018-07-31 14:48:35', 'Auditado.');
insert into audita values(12, 1, 'Bombeiros de Barreiro', 85, '2017-03-07 22:21:13', '2017-03-07 22:24:56', '2017-03-07 22:21:13', 'Auditado.');
insert into audita values(13, 1, 'Polcia de Bragana', 53, '2017-11-15 14:50:21', '2017-11-15 15:04:17', '2017-11-15 14:50:21', 'Auditado.');
insert into audita values(14, 0, 'Polcia de Olho', 36, '2018-09-04 10:22:24', '2018-09-04 10:41:04', '2018-09-04 10:22:24', 'Auditado.');
insert into audita values(15, 3, 'Bombeiros de Vila Real', 1, '2017-06-25 11:40:16', '2017-06-25 11:47:17', '2017-06-25 11:40:16', 'Auditado.');
insert into audita values(16, 3, 'Polcia de Olho', 38, '2016-09-15 03:44:25', '2016-09-15 03:54:40', '2016-09-15 03:44:25', 'Auditado.');
insert into audita values(17, 4, 'Polcia de Fafe', 35, '2017-08-06 01:22:21', '2017-08-06 01:34:04', '2017-08-06 01:22:21', 'Auditado.');
insert into audita values(18, 0, 'Bombeiros de Tavira', 57, '2017-03-23 20:11:38', '2017-03-23 20:27:38', '2017-03-23 20:11:38', 'Auditado.');
insert into audita values(19, 1, 'Junta de Freguesia de Fundo', 10, '2016-12-14 04:14:47', '2016-12-14 04:30:02', '2016-12-14 04:14:47', 'Auditado.');
insert into audita values(20, 1, 'Junta de Freguesia de Mirandela', 1, '2018-01-06 16:00:04', '2018-01-06 16:06:06', '2018-01-06 16:00:04', 'Auditado.');
insert into audita values(21, 1, 'Polcia de Alcobaa', 96, '2016-06-19 12:23:47', '2016-06-19 12:37:31', '2016-06-19 12:23:47', 'Auditado.');
insert into audita values(22, 0, 'Junta de Freguesia de Leiria', 47, '2016-12-19 13:33:50', '2016-12-19 13:38:10', '2016-12-19 13:33:50', 'Auditado.');
insert into audita values(23, 2, 'Polcia de Bragana', 54, '2016-08-01 23:35:02', '2016-08-01 23:46:51', '2016-08-01 23:35:02', 'Auditado.');
insert into audita values(24, 1, 'Polcia de Marco de Canavezes', 73, '2018-10-18 20:11:59', '2018-10-18 20:29:40', '2018-10-18 20:11:59', 'Auditado.');
insert into audita values(25, 3, 'Polcia de Alcobaa', 99, '2016-08-16 15:40:39', '2016-08-16 16:00:11', '2016-08-16 15:40:39', 'Auditado.');
insert into audita values(26, 2, 'Polcia de Vizela', 81, '2017-09-04 18:02:55', '2017-09-04 18:19:55', '2017-09-04 18:02:55', 'Auditado.');
insert into audita values(27, 1, 'Junta de Freguesia de Fundo', 12, '2018-06-05 15:53:35', '2018-06-05 15:55:58', '2018-06-05 15:53:35', 'Auditado.');
insert into audita values(28, 0, 'Junta de Freguesia de Marco de Canavezes', 68, '2018-07-26 15:13:32', '2018-07-26 15:32:27', '2018-07-26 15:13:32', 'Auditado.');
insert into audita values(29, 0, 'Junta de Freguesia de Fundo', 12, '2017-12-10 04:53:30', '2017-12-10 05:12:41', '2017-12-10 04:53:30', 'Auditado.');
insert into audita values(30, 0, 'Polcia de Olho', 36, '2018-07-01 05:24:45', '2018-07-01 05:30:02', '2018-07-01 05:24:45', 'Auditado.');
insert into audita values(31, 2, 'Polcia de lhavo', 43, '2018-05-04 04:32:30', '2018-05-04 04:46:47', '2018-05-04 04:32:30', 'Auditado.');
insert into audita values(32, 3, 'Bombeiros de Funchal', 62, '2018-04-10 03:27:13', '2018-04-10 03:43:45', '2018-04-10 03:27:13', 'Auditado.');
insert into audita values(33, 1, 'Polcia de Olho', 35, '2016-08-22 17:37:54', '2016-08-22 17:49:16', '2016-08-22 17:37:54', 'Auditado.');
insert into audita values(34, 3, 'Junta de Freguesia de Leiria', 50, '2017-12-29 18:25:05', '2017-12-29 18:38:53', '2017-12-29 18:25:05', 'Auditado.');
insert into audita values(35, 1, 'Polcia de Olho', 36, '2017-04-29 02:27:49', '2017-04-29 02:31:38', '2017-04-29 02:27:49', 'Auditado.');
insert into audita values(36, 2, 'Polcia de Alvor', 81, '2016-07-23 07:24:58', '2016-07-23 07:35:32', '2016-07-23 07:24:58', 'Auditado.');
insert into audita values(37, 1, 'Junta de Freguesia de Mirandela', 1, '2016-09-04 13:10:49', '2016-09-04 13:17:54', '2016-09-04 13:10:49', 'Auditado.');
insert into audita values(38, 0, 'Polcia de Alcobaa', 96, '2018-02-17 15:22:21', '2018-02-17 15:35:32', '2018-02-17 15:22:21', 'Auditado.');
insert into audita values(39, 2, 'Junta de Freguesia de Leiria', 49, '2017-01-01 11:22:52', '2017-01-01 11:35:13', '2017-01-01 11:22:52', 'Auditado.');
insert into audita values(40, 2, 'Polcia de lhavo', 44, '2017-02-06 13:43:12', '2017-02-06 13:50:28', '2017-02-06 13:43:12', 'Auditado.');
insert into audita values(41, 1, 'Bombeiros de Tavira', 58, '2016-01-18 15:43:00', '2016-01-18 16:02:07', '2016-01-18 15:43:00', 'Auditado.');
insert into audita values(42, 4, 'Polcia de Marco de Canavezes', 76, '2016-12-29 03:50:19', '2016-12-29 03:57:53', '2016-12-29 03:50:19', 'Auditado.');
insert into audita values(43, 2, 'Bombeiros de Silves', 29, '2018-08-01 01:34:08', '2018-08-01 01:44:37', '2018-08-01 01:34:08', 'Auditado.');
insert into audita values(44, 0, 'Polcia de Vizela', 81, '2017-12-25 01:05:05', '2017-12-25 01:13:24', '2017-12-25 01:05:05', 'Auditado.');
insert into audita values(45, 1, 'Polcia de Seixal', 77, '2017-06-22 20:37:37', '2017-06-22 20:44:08', '2017-06-22 20:37:37', 'Auditado.');
insert into audita values(46, 1, 'Bombeiros de Alfena', 92, '2016-10-28 13:29:47', '2016-10-28 13:42:53', '2016-10-28 13:29:47', 'Auditado.');
insert into audita values(47, 1, 'Junta de Freguesia de Marco de Canavezes', 65, '2017-07-27 13:10:23', '2017-07-27 13:13:58', '2017-07-27 13:10:23', 'Auditado.');
insert into audita values(48, 4, 'Bombeiros de Braga', 9, '2017-11-13 01:08:41', '2017-11-13 01:21:53', '2017-11-13 01:08:41', 'Auditado.');
insert into audita values(49, 2, 'Polcia de Sagres', 21, '2018-08-09 18:55:50', '2018-08-09 19:13:06', '2018-08-09 18:55:50', 'Auditado.');
insert into audita values(50, 4, 'Bombeiros de Funchal', 67, '2018-04-12 19:48:12', '2018-04-12 19:51:05', '2018-04-12 19:48:12', 'Auditado.');
insert into audita values(51, 1, 'Polcia de Sagres', 20, '2018-04-25 13:27:52', '2018-04-25 13:34:20', '2018-04-25 13:27:52', 'Auditado.');
insert into audita values(52, 1, 'Polcia de Fafe', 31, '2018-11-01 02:11:31', '2018-11-01 02:28:54', '2018-11-01 02:11:31', 'Auditado.');
insert into audita values(53, 0, 'Polcia de Vizela', 79, '2018-12-14 15:04:25', '2018-12-14 15:07:19', '2018-12-14 15:04:25', 'Auditado.');
insert into audita values(54, 0, 'Bombeiros de Alfena', 90, '2016-11-26 11:11:42', '2016-11-26 11:27:27', '2016-11-26 11:11:42', 'Auditado.');
insert into audita values(55, 0, 'Junta de Freguesia de Moura', 54, '2017-02-23 05:54:06', '2017-02-23 06:09:51', '2017-02-23 05:54:06', 'Auditado.');
insert into audita values(56, 1, 'Bombeiros de Funchal', 62, '2018-01-11 05:17:57', '2018-01-11 05:21:17', '2018-01-11 05:17:57', 'Auditado.');
insert into audita values(57, 4, 'Junta de Freguesia de Leiria', 52, '2016-08-05 14:51:29', '2016-08-05 15:06:12', '2016-08-05 14:51:29', 'Auditado.');
insert into audita values(58, 0, 'Polcia de Braga', 99, '2016-08-08 07:16:12', '2016-08-08 07:19:07', '2016-08-08 07:16:12', 'Auditado.');
insert into audita values(59, 1, 'Polcia de lhavo', 43, '2016-03-03 05:18:32', '2016-03-03 05:37:55', '2016-03-03 05:18:32', 'Auditado.');
insert into audita values(60, 2, 'Polcia de Sagres', 22, '2017-10-23 07:49:50', '2017-10-23 08:09:18', '2017-10-23 07:49:50', 'Auditado.');
insert into audita values(61, 4, 'Polcia de Moura', 27, '2017-12-14 19:12:08', '2017-12-14 19:27:26', '2017-12-14 19:12:08', 'Auditado.');
insert into audita values(62, 4, 'Bombeiros de Alfena', 94, '2016-06-18 23:27:05', '2016-06-18 23:31:57', '2016-06-18 23:27:05', 'Auditado.');
insert into audita values(63, 1, 'Bombeiros de Lixa', 39, '2016-10-16 05:07:38', '2016-10-16 05:12:09', '2016-10-16 05:07:38', 'Auditado.');
insert into audita values(64, 2, 'Bombeiros de Alfena', 89, '2018-10-19 04:52:38', '2018-10-19 05:00:44', '2018-10-19 04:52:38', 'Auditado.');
insert into audita values(65, 0, 'Junta de Freguesia de Fundo', 12, '2017-07-17 06:56:50', '2017-07-17 07:15:11', '2017-07-17 06:56:50', 'Auditado.');
insert into audita values(66, 4, 'Polcia de lhavo', 45, '2017-07-19 16:42:42', '2017-07-19 16:45:34', '2017-07-19 16:42:42', 'Auditado.');
insert into audita values(67, 2, 'Junta de Freguesia de Fundo', 15, '2017-09-03 13:01:10', '2017-09-03 13:18:15', '2017-09-03 13:01:10', 'Auditado.');
insert into audita values(68, 2, 'Bombeiros de Braga', 10, '2017-06-06 06:26:03', '2017-06-06 06:38:29', '2017-06-06 06:26:03', 'Auditado.');
insert into audita values(69, 2, 'Bombeiros de Vila Real', 2, '2016-10-24 09:16:24', '2016-10-24 09:28:34', '2016-10-24 09:16:24', 'Auditado.');
insert into audita values(70, 1, 'Polcia de lhavo', 42, '2018-06-01 18:31:32', '2018-06-01 18:46:59', '2018-06-01 18:31:32', 'Auditado.');
insert into audita values(71, 0, 'Polcia de Alvor', 79, '2016-09-27 22:31:42', '2016-09-27 22:47:40', '2016-09-27 22:31:42', 'Auditado.');
insert into audita values(72, 0, 'Polcia de Alcobaa', 95, '2018-12-17 12:54:09', '2018-12-17 12:58:28', '2018-12-17 12:54:09', 'Auditado.');
insert into audita values(73, 2, 'Junta de Freguesia de Leiria', 50, '2018-10-11 20:13:50', '2018-10-11 20:23:08', '2018-10-11 20:13:50', 'Auditado.');
insert into audita values(74, 0, 'Polcia de Braga', 98, '2017-08-06 18:55:57', '2017-08-06 19:07:54', '2017-08-06 18:55:57', 'Auditado.');
insert into audita values(75, 2, 'Polcia de Sagres', 22, '2016-11-21 15:23:07', '2016-11-21 15:41:33', '2016-11-21 15:23:07', 'Auditado.');
insert into audita values(76, 2, 'Bombeiros de Tavira', 60, '2017-06-26 13:11:35', '2017-06-26 13:13:43', '2017-06-26 13:11:35', 'Auditado.');
insert into audita values(77, 1, 'Polcia de Marco de Canavezes', 73, '2018-05-05 07:19:39', '2018-05-05 07:37:24', '2018-05-05 07:19:39', 'Auditado.');
insert into audita values(78, 1, 'Polcia de Braga', 101, '2016-05-23 07:42:53', '2016-05-23 07:57:53', '2016-05-23 07:42:53', 'Auditado.');
insert into audita values(79, 1, 'Junta de Freguesia de Marco de Canavezes', 69, '2018-04-07 08:54:47', '2018-04-07 09:14:17', '2018-04-07 08:54:47', 'Auditado.');
insert into audita values(80, 2, 'Junta de Freguesia de Mirandela', 6, '2018-02-25 08:33:45', '2018-02-25 08:49:47', '2018-02-25 08:33:45', 'Auditado.');
insert into audita values(81, 1, 'Polcia de Alcobaa', 96, '2016-04-17 13:28:33', '2016-04-17 13:42:19', '2016-04-17 13:28:33', 'Auditado.');
insert into audita values(82, 2, 'Polcia de lhavo', 43, '2018-03-03 15:15:37', '2018-03-03 15:27:51', '2018-03-03 15:15:37', 'Auditado.');
insert into audita values(83, 0, 'Polcia de Vizela', 79, '2018-11-21 14:35:17', '2018-11-21 14:43:16', '2018-11-21 14:35:17', 'Auditado.');
insert into audita values(84, 2, 'Junta de Freguesia de Marco de Canavezes', 68, '2017-01-19 22:16:50', '2017-01-19 22:35:01', '2017-01-19 22:16:50', 'Auditado.');
insert into audita values(85, 0, 'Bombeiros de Tavira', 56, '2018-10-14 06:02:41', '2018-10-14 06:16:50', '2018-10-14 06:02:41', 'Auditado.');
insert into audita values(86, 4, 'Polcia de lhavo', 47, '2017-03-25 00:28:09', '2017-03-25 00:36:27', '2017-03-25 00:28:09', 'Auditado.');
insert into audita values(87, 3, 'Polcia de lhavo', 46, '2016-02-14 02:59:29', '2016-02-14 03:14:29', '2016-02-14 02:59:29', 'Auditado.');
insert into audita values(88, 0, 'Polcia de Marco de Canavezes', 72, '2016-08-14 03:36:20', '2016-08-14 03:43:09', '2016-08-14 03:36:20', 'Auditado.');
insert into audita values(89, 2, 'Bombeiros de Alfena', 92, '2016-12-13 18:12:40', '2016-12-13 18:19:31', '2016-12-13 18:12:40', 'Auditado.');
insert into audita values(90, 2, 'Polcia de lhavo', 45, '2018-06-03 11:46:38', '2018-06-03 12:06:30', '2018-06-03 11:46:38', 'Auditado.');
insert into audita values(91, 0, 'Polcia de lhavo', 43, '2016-05-19 06:13:42', '2016-05-19 06:26:53', '2016-05-19 06:13:42', 'Auditado.');
insert into audita values(92, 3, 'Bombeiros de Tavira', 60, '2017-11-03 08:41:57', '2017-11-03 08:55:55', '2017-11-03 08:41:57', 'Auditado.');
insert into audita values(93, 0, 'Junta de Freguesia de Marco de Canavezes', 65, '2017-12-31 08:42:48', '2017-12-31 08:50:53', '2017-12-31 08:42:48', 'Auditado.');
insert into audita values(94, 2, 'Bombeiros de Tavira', 61, '2017-12-24 21:00:53', '2017-12-24 21:16:38', '2017-12-24 21:00:53', 'Auditado.');
insert into audita values(95, 3, 'Bombeiros de Tavira', 60, '2017-09-08 20:43:06', '2017-09-08 20:59:09', '2017-09-08 20:43:06', 'Auditado.');
insert into audita values(96, 0, 'Junta de Freguesia de Moura', 52, '2017-11-15 14:13:11', '2017-11-15 14:22:21', '2017-11-15 14:13:11', 'Auditado.');
insert into audita values(97, 1, 'Junta de Freguesia de Leiria', 48, '2018-04-04 07:28:59', '2018-04-04 07:46:39', '2018-04-04 07:28:59', 'Auditado.');
insert into audita values(98, 1, 'Junta de Freguesia de Fundo', 10, '2018-02-09 11:47:09', '2018-02-09 12:05:10', '2018-02-09 11:47:09', 'Auditado.');
insert into audita values(99, 1, 'Polcia de Olho', 37, '2016-09-27 08:04:04', '2016-09-27 08:19:30', '2016-09-27 08:04:04', 'Auditado.');
insert into audita values(100, 0, 'Polcia de Vizela', 79, '2016-01-09 23:44:20', '2016-01-10 00:01:22', '2016-01-09 23:44:20', 'Auditado.');
insert into audita values(101, 0, 'Junta de Freguesia de Fundo', 13, '2016-09-14 04:19:27', '2016-09-14 04:32:34', '2016-09-14 04:19:27', 'Auditado.');



insert into solicita values(0, '2017-12-17 17:15:25', 57, '2017-07-09 08:36:30', '2017-07-09 08:45:44');
insert into solicita values(1, '2017-11-23 23:50:37', 81, '2017-04-18 20:19:42', '2017-04-18 20:32:45');
insert into solicita values(2, '2016-01-25 09:00:54', 15, '2018-12-29 02:36:06', '2018-12-29 02:42:33');
insert into solicita values(3, '2016-11-12 22:07:17', 39, '2016-12-25 00:06:46', '2016-12-25 00:16:59');
insert into solicita values(4, '2017-05-14 07:36:54', 43, '2017-07-20 21:02:12', '2017-07-20 21:05:23');
insert into solicita values(5, '2016-02-20 21:24:59', 45, '2016-05-31 20:23:08', '2016-05-31 20:35:23');
insert into solicita values(6, '2018-09-12 04:49:07', 29, '2016-08-01 10:45:07', '2016-08-01 11:04:22');
insert into solicita values(7, '2016-08-23 11:19:57', 89, '2016-06-18 20:45:43', '2016-06-18 21:03:31');
insert into solicita values(8, '2017-06-07 05:36:23', 72, '2018-09-07 10:15:31', '2018-09-07 10:19:06');
insert into solicita values(9, '2016-08-15 10:54:24', 10, '2017-09-12 06:55:26', '2017-09-12 07:01:14');
insert into solicita values(10, '2018-09-02 08:49:55', 96, '2016-03-31 11:36:30', '2016-03-31 11:52:37');
insert into solicita values(11, '2018-09-02 08:49:55', 96, '2018-07-20 21:33:34', '2018-07-20 21:45:47');
insert into solicita values(12, '2016-11-06 07:12:26', 56, '2018-11-18 18:18:34', '2018-11-18 18:35:58');
insert into solicita values(13, '2016-08-16 23:19:35', 99, '2017-09-12 09:35:32', '2017-09-12 09:52:53');
insert into solicita values(14, '2017-04-05 15:32:35', 40, '2017-06-15 18:49:55', '2017-06-15 18:52:35');
insert into solicita values(15, '2018-06-16 13:37:47', 7, '2016-06-25 18:52:46', '2016-06-25 19:01:28');
insert into solicita values(16, '2017-05-08 23:33:12', 47, '2018-08-15 03:38:03', '2018-08-15 03:56:50');
insert into solicita values(17, '2016-12-17 22:01:39', 44, '2018-07-30 00:09:21', '2018-07-30 00:12:27');
insert into solicita values(18, '2018-02-14 14:57:39', 97, '2018-08-18 09:25:58', '2018-08-18 09:32:45');
insert into solicita values(19, '2018-06-14 19:15:59', 54, '2017-09-27 04:48:12', '2017-09-27 04:53:14');
insert into solicita values(20, '2017-04-28 07:18:01', 33, '2016-09-22 22:23:41', '2016-09-22 22:30:14');
insert into solicita values(21, '2018-10-26 16:33:17', 60, '2016-05-07 17:14:55', '2016-05-07 17:34:43');
insert into solicita values(22, '2016-02-06 00:23:04', 11, '2018-03-01 15:19:01', '2018-03-01 15:23:18');
insert into solicita values(23, '2018-05-08 23:23:04', 52, '2017-05-20 04:42:27', '2017-05-20 05:01:23');
insert into solicita values(24, '2016-11-17 13:48:11', 4, '2017-08-20 09:24:50', '2017-08-20 09:42:07');
insert into solicita values(25, '2017-09-09 03:33:38', 78, '2016-03-24 06:30:09', '2016-03-24 06:36:13');
insert into solicita values(26, '2016-08-15 19:27:13', 5, '2017-12-03 08:43:38', '2017-12-03 08:58:00');
insert into solicita values(27, '2017-05-08 23:33:12', 47, '2017-02-27 10:46:13', '2017-02-27 10:59:54');
insert into solicita values(28, '2016-11-12 22:07:17', 39, '2017-12-18 12:45:58', '2017-12-18 13:05:21');
insert into solicita values(29, '2016-02-27 07:22:04', 37, '2017-06-07 11:11:49', '2017-06-07 11:26:18');
insert into solicita values(30, '2017-08-16 02:44:26', 85, '2018-09-29 23:14:28', '2018-09-29 23:27:14');
insert into solicita values(31, '2017-06-05 21:51:28', 96, '2016-11-07 21:56:10', '2016-11-07 22:02:03');
insert into solicita values(32, '2017-07-17 07:08:46', 78, '2017-06-20 16:21:07', '2017-06-20 16:25:29');
insert into solicita values(33, '2018-11-14 23:09:06', 100, '2016-04-04 06:00:39', '2016-04-04 06:05:03');
insert into solicita values(34, '2017-06-05 21:51:28', 96, '2018-06-26 01:04:09', '2018-06-26 01:09:47');
insert into solicita values(35, '2016-11-23 04:06:50', 88, '2016-06-14 03:30:02', '2016-06-14 03:41:03');
insert into solicita values(36, '2016-06-18 06:24:54', 90, '2018-10-30 02:43:22', '2018-10-30 02:55:28');
insert into solicita values(37, '2018-03-13 18:12:58', 53, '2018-04-03 02:17:29', '2018-04-03 02:29:10');
insert into solicita values(38, '2017-08-05 08:22:02', 53, '2018-10-04 01:19:32', '2018-10-04 01:25:58');
insert into solicita values(39, '2017-09-24 06:00:35', 20, '2018-09-04 17:46:56', '2018-09-04 17:50:00');
insert into solicita values(40, '2017-08-07 19:46:42', 20, '2016-03-15 18:51:06', '2016-03-15 18:53:29');
insert into solicita values(41, '2018-07-11 00:25:39', 47, '2017-05-02 01:03:44', '2017-05-02 01:08:34');
insert into solicita values(42, '2016-06-18 06:24:54', 90, '2018-04-13 02:15:30', '2018-04-13 02:25:32');
insert into solicita values(43, '2017-07-09 05:38:29', 74, '2016-01-24 19:13:33', '2016-01-24 19:22:37');
insert into solicita values(44, '2018-09-07 15:10:33', 78, '2017-11-13 13:00:57', '2017-11-13 13:04:27');
insert into solicita values(45, '2017-10-20 11:34:11', 44, '2016-08-20 06:30:38', '2016-08-20 06:49:35');
insert into solicita values(46, '2017-10-31 05:05:23', 28, '2018-06-06 19:44:58', '2018-06-06 19:48:26');
insert into solicita values(47, '2017-05-07 16:53:18', 3, '2018-11-18 21:34:29', '2018-11-18 21:43:01');
insert into solicita values(48, '2018-09-11 22:08:20', 83, '2018-07-04 12:02:46', '2018-07-04 12:20:54');
insert into solicita values(49, '2018-05-07 18:13:33', 70, '2016-02-06 06:50:24', '2016-02-06 07:05:17');
insert into solicita values(50, '2018-07-07 03:05:29', 31, '2016-08-31 08:52:27', '2016-08-31 09:07:46');
insert into solicita values(51, '2017-04-03 03:40:11', 63, '2017-02-16 10:42:59', '2017-02-16 10:45:48');
insert into solicita values(52, '2018-04-25 02:54:02', 8, '2018-11-29 10:14:18', '2018-11-29 10:25:38');
insert into solicita values(53, '2017-08-17 10:56:54', 49, '2016-04-30 20:49:16', '2016-04-30 21:07:44');
insert into solicita values(54, '2016-12-24 00:51:48', 0, '2018-01-27 07:05:04', '2018-01-27 07:10:17');
insert into solicita values(55, '2018-02-08 16:42:47', 20, '2018-10-21 01:50:58', '2018-10-21 01:56:18');
insert into solicita values(56, '2018-05-08 23:23:04', 52, '2017-07-08 01:00:30', '2017-07-08 01:02:52');
insert into solicita values(57, '2016-11-23 04:06:50', 88, '2016-08-08 19:18:17', '2016-08-08 19:37:09');
insert into solicita values(58, '2017-04-28 07:18:01', 33, '2016-03-20 04:06:59', '2016-03-20 04:20:43');
insert into solicita values(59, '2018-04-11 15:56:49', 15, '2017-03-27 01:25:17', '2017-03-27 01:33:49');
insert into solicita values(60, '2016-05-03 15:23:13', 66, '2018-10-08 02:50:03', '2018-10-08 02:58:15');
insert into solicita values(61, '2018-06-11 13:05:23', 65, '2018-02-26 02:19:44', '2018-02-26 02:27:59');
insert into solicita values(62, '2018-10-07 20:23:02', 52, '2016-11-06 01:30:47', '2016-11-06 01:39:09');
insert into solicita values(63, '2017-05-11 13:39:04', 26, '2017-03-31 04:14:49', '2017-03-31 04:19:18');
insert into solicita values(64, '2017-06-16 02:24:12', 55, '2018-06-16 05:54:53', '2018-06-16 06:12:10');
insert into solicita values(65, '2018-12-13 23:57:55', 95, '2017-01-31 08:02:29', '2017-01-31 08:05:49');
insert into solicita values(66, '2018-01-02 09:46:34', 89, '2016-11-10 05:08:58', '2016-11-10 05:15:12');
insert into solicita values(67, '2018-04-19 22:01:13', 57, '2016-03-18 14:31:15', '2016-03-18 14:45:56');
insert into solicita values(68, '2018-12-03 07:35:27', 46, '2018-01-08 20:52:44', '2018-01-08 21:10:29');
insert into solicita values(69, '2017-02-13 16:37:54', 76, '2016-03-02 20:56:59', '2016-03-02 21:00:19');
insert into solicita values(70, '2017-10-31 11:39:52', 12, '2018-06-03 01:06:21', '2018-06-03 01:10:11');
insert into solicita values(71, '2017-04-15 16:03:45', 85, '2017-04-15 09:58:14', '2017-04-15 10:07:08');
insert into solicita values(72, '2017-02-19 06:18:00', 79, '2018-11-18 04:16:12', '2018-11-18 04:27:55');
insert into solicita values(73, '2016-08-05 17:15:32', 55, '2018-03-11 05:26:04', '2018-03-11 05:31:17');
insert into solicita values(74, '2017-01-31 09:47:32', 47, '2016-06-29 16:53:39', '2016-06-29 17:12:56');
insert into solicita values(75, '2018-03-02 03:24:24', 20, '2016-03-30 12:31:07', '2016-03-30 12:33:43');
insert into solicita values(76, '2016-05-03 15:23:13', 66, '2017-01-08 05:26:12', '2017-01-08 05:43:30');
insert into solicita values(77, '2016-11-30 17:09:03', 5, '2018-12-18 18:40:52', '2018-12-18 18:43:49');
insert into solicita values(78, '2018-10-06 17:41:03', 18, '2016-06-16 18:12:12', '2016-06-16 18:23:26');
insert into solicita values(79, '2016-04-08 01:05:48', 75, '2016-07-05 07:00:48', '2016-07-05 07:06:19');
insert into solicita values(80, '2016-05-16 21:55:18', 67, '2018-10-31 17:54:38', '2018-10-31 18:09:29');
insert into solicita values(81, '2016-12-17 22:01:39', 44, '2016-09-24 10:08:02', '2016-09-24 10:14:33');
insert into solicita values(82, '2018-03-04 03:18:16', 13, '2018-07-13 19:04:44', '2018-07-13 19:21:09');
insert into solicita values(83, '2018-05-14 22:04:36', 91, '2017-06-30 20:26:51', '2017-06-30 20:32:08');
insert into solicita values(84, '2016-08-15 10:54:24', 10, '2016-09-15 07:22:23', '2016-09-15 07:39:05');
insert into solicita values(85, '2016-03-19 18:30:31', 36, '2017-02-28 03:38:17', '2017-02-28 03:56:32');
insert into solicita values(86, '2018-04-27 03:43:49', 92, '2018-02-05 21:52:47', '2018-02-05 22:06:43');
insert into solicita values(87, '2017-05-17 08:27:39', 96, '2017-04-15 18:25:47', '2017-04-15 18:44:55');
insert into solicita values(88, '2018-09-11 22:08:20', 83, '2017-06-23 16:18:59', '2017-06-23 16:36:19');
insert into solicita values(89, '2016-10-04 08:46:19', 48, '2017-12-16 06:30:13', '2017-12-16 06:45:32');
insert into solicita values(90, '2016-10-30 03:57:05', 88, '2018-10-05 04:19:08', '2018-10-05 04:25:31');
insert into solicita values(91, '2016-10-11 06:35:39', 86, '2018-07-29 12:28:33', '2018-07-29 12:33:53');
insert into solicita values(92, '2018-01-20 07:32:11', 89, '2017-07-24 08:21:36', '2017-07-24 08:26:56');
insert into solicita values(93, '2016-11-09 13:40:30', 37, '2017-08-15 02:01:14', '2017-08-15 02:12:17');
insert into solicita values(94, '2018-12-31 07:45:52', 35, '2016-02-11 15:28:33', '2016-02-11 15:47:55');
insert into solicita values(95, '2018-03-01 07:52:17', 58, '2017-04-08 21:10:32', '2017-04-08 21:28:22');
insert into solicita values(96, '2017-05-10 14:42:30', 44, '2016-11-08 06:27:28', '2016-11-08 06:32:13');
insert into solicita values(97, '2016-12-24 00:51:48', 0, '2017-10-31 10:35:57', '2017-10-31 10:55:02');
insert into solicita values(98, '2016-11-06 14:08:37', 69, '2016-09-02 03:31:23', '2016-09-02 03:49:01');
insert into solicita values(99, '2018-09-12 04:49:07', 29, '2017-02-21 15:41:19', '2017-02-21 16:00:49');
insert into solicita values(100, '2016-04-15 20:03:49', 25, '2017-02-23 13:52:22', '2017-02-23 13:58:08');
insert into solicita values(101, '2018-04-14 16:02:03', 24, '2018-11-21 20:54:48', '2018-11-21 21:01:34');



----------------------------------------

insert into eventoEmergencia values(920456234, '2018-04-20 00:16:20', 'Dillaz', 'Oliveira do Hospital', 42);



insert into camara values(102);
insert into video values('2018-08-30 16:31:14', '2018-08-30 16:41:14', 102);
insert into segmentoVideo values(0, 70, '2018-08-30 16:31:14', 102);
insert into vigia values('Monchique', 102);

insert into entidadeMeio values('Cmara Municipal de Portimo');



insert into processoSocorro values(102);



insert into meio values(0, 'Carrinha', 'Cmara Municipal de Portimo');
insert into meioCombate values(0, 'Cmara Municipal de Portimo');

insert into acciona values(0, 'Cmara Municipal de Portimo', 0);
insert into acciona values(0, 'Cmara Municipal de Portimo', 1);
insert into acciona values(0, 'Cmara Municipal de Portimo', 2);
insert into acciona values(0, 'Cmara Municipal de Portimo', 3);
insert into acciona values(0, 'Cmara Municipal de Portimo', 4);
insert into acciona values(0, 'Cmara Municipal de Portimo', 5);
insert into acciona values(0, 'Cmara Municipal de Portimo', 6);
insert into acciona values(0, 'Cmara Municipal de Portimo', 7);
insert into acciona values(0, 'Cmara Municipal de Portimo', 8);
insert into acciona values(0, 'Cmara Municipal de Portimo', 9);
insert into acciona values(0, 'Cmara Municipal de Portimo', 10);
insert into acciona values(0, 'Cmara Municipal de Portimo', 11);
insert into acciona values(0, 'Cmara Municipal de Portimo', 12);
insert into acciona values(0, 'Cmara Municipal de Portimo', 13);
insert into acciona values(0, 'Cmara Municipal de Portimo', 14);
insert into acciona values(0, 'Cmara Municipal de Portimo', 15);
insert into acciona values(0, 'Cmara Municipal de Portimo', 16);
insert into acciona values(0, 'Cmara Municipal de Portimo', 17);
insert into acciona values(0, 'Cmara Municipal de Portimo', 18);
insert into acciona values(0, 'Cmara Municipal de Portimo', 19);
insert into acciona values(0, 'Cmara Municipal de Portimo', 20);
insert into acciona values(0, 'Cmara Municipal de Portimo', 21);
insert into acciona values(0, 'Cmara Municipal de Portimo', 22);
insert into acciona values(0, 'Cmara Municipal de Portimo', 23);
insert into acciona values(0, 'Cmara Municipal de Portimo', 24);
insert into acciona values(0, 'Cmara Municipal de Portimo', 25);
insert into acciona values(0, 'Cmara Municipal de Portimo', 26);
insert into acciona values(0, 'Cmara Municipal de Portimo', 27);
insert into acciona values(0, 'Cmara Municipal de Portimo', 28);
insert into acciona values(0, 'Cmara Municipal de Portimo', 29);
insert into acciona values(0, 'Cmara Municipal de Portimo', 30);
insert into acciona values(0, 'Cmara Municipal de Portimo', 31);
insert into acciona values(0, 'Cmara Municipal de Portimo', 32);
insert into acciona values(0, 'Cmara Municipal de Portimo', 33);
insert into acciona values(0, 'Cmara Municipal de Portimo', 34);
insert into acciona values(0, 'Cmara Municipal de Portimo', 35);
insert into acciona values(0, 'Cmara Municipal de Portimo', 36);
insert into acciona values(0, 'Cmara Municipal de Portimo', 37);
insert into acciona values(0, 'Cmara Municipal de Portimo', 38);
insert into acciona values(0, 'Cmara Municipal de Portimo', 39);
insert into acciona values(0, 'Cmara Municipal de Portimo', 40);
insert into acciona values(0, 'Cmara Municipal de Portimo', 41);
insert into acciona values(0, 'Cmara Municipal de Portimo', 42);
insert into acciona values(0, 'Cmara Municipal de Portimo', 43);
insert into acciona values(0, 'Cmara Municipal de Portimo', 44);
insert into acciona values(0, 'Cmara Municipal de Portimo', 45);
insert into acciona values(0, 'Cmara Municipal de Portimo', 46);
insert into acciona values(0, 'Cmara Municipal de Portimo', 47);
insert into acciona values(0, 'Cmara Municipal de Portimo', 48);
insert into acciona values(0, 'Cmara Municipal de Portimo', 49);
insert into acciona values(0, 'Cmara Municipal de Portimo', 50);
insert into acciona values(0, 'Cmara Municipal de Portimo', 51);
insert into acciona values(0, 'Cmara Municipal de Portimo', 52);
insert into acciona values(0, 'Cmara Municipal de Portimo', 53);
insert into acciona values(0, 'Cmara Municipal de Portimo', 54);
insert into acciona values(0, 'Cmara Municipal de Portimo', 55);
insert into acciona values(0, 'Cmara Municipal de Portimo', 56);
insert into acciona values(0, 'Cmara Municipal de Portimo', 57);
insert into acciona values(0, 'Cmara Municipal de Portimo', 58);
insert into acciona values(0, 'Cmara Municipal de Portimo', 59);
insert into acciona values(0, 'Cmara Municipal de Portimo', 60);
insert into acciona values(0, 'Cmara Municipal de Portimo', 61);
insert into acciona values(0, 'Cmara Municipal de Portimo', 62);
insert into acciona values(0, 'Cmara Municipal de Portimo', 63);
insert into acciona values(0, 'Cmara Municipal de Portimo', 64);
insert into acciona values(0, 'Cmara Municipal de Portimo', 65);
insert into acciona values(0, 'Cmara Municipal de Portimo', 66);
insert into acciona values(0, 'Cmara Municipal de Portimo', 67);
insert into acciona values(0, 'Cmara Municipal de Portimo', 68);
insert into acciona values(0, 'Cmara Municipal de Portimo', 69);
insert into acciona values(0, 'Cmara Municipal de Portimo', 70);
insert into acciona values(0, 'Cmara Municipal de Portimo', 71);
insert into acciona values(0, 'Cmara Municipal de Portimo', 72);
insert into acciona values(0, 'Cmara Municipal de Portimo', 73);
insert into acciona values(0, 'Cmara Municipal de Portimo', 74);
insert into acciona values(0, 'Cmara Municipal de Portimo', 75);
insert into acciona values(0, 'Cmara Municipal de Portimo', 76);
insert into acciona values(0, 'Cmara Municipal de Portimo', 77);
insert into acciona values(0, 'Cmara Municipal de Portimo', 78);
insert into acciona values(0, 'Cmara Municipal de Portimo', 79);
insert into acciona values(0, 'Cmara Municipal de Portimo', 80);
insert into acciona values(0, 'Cmara Municipal de Portimo', 81);
insert into acciona values(0, 'Cmara Municipal de Portimo', 82);
insert into acciona values(0, 'Cmara Municipal de Portimo', 83);
insert into acciona values(0, 'Cmara Municipal de Portimo', 84);
insert into acciona values(0, 'Cmara Municipal de Portimo', 85);
insert into acciona values(0, 'Cmara Municipal de Portimo', 86);
insert into acciona values(0, 'Cmara Municipal de Portimo', 87);
insert into acciona values(0, 'Cmara Municipal de Portimo', 88);
insert into acciona values(0, 'Cmara Municipal de Portimo', 89);
insert into acciona values(0, 'Cmara Municipal de Portimo', 90);
insert into acciona values(0, 'Cmara Municipal de Portimo', 91);
insert into acciona values(0, 'Cmara Municipal de Portimo', 92);
insert into acciona values(0, 'Cmara Municipal de Portimo', 93);
insert into acciona values(0, 'Cmara Municipal de Portimo', 94);
insert into acciona values(0, 'Cmara Municipal de Portimo', 95);
insert into acciona values(0, 'Cmara Municipal de Portimo', 96);
insert into acciona values(0, 'Cmara Municipal de Portimo', 97);
insert into acciona values(0, 'Cmara Municipal de Portimo', 98);
insert into acciona values(0, 'Cmara Municipal de Portimo', 99);
insert into acciona values(0, 'Cmara Municipal de Portimo', 100);
insert into acciona values(0, 'Cmara Municipal de Portimo', 101);