DROP TABLE IF EXISTS camara CASCADE;
DROP TABLE IF EXISTS video CASCADE;
DROP TABLE IF EXISTS segmentoVideo CASCADE;
DROP TABLE IF EXISTS vigia CASCADE;
DROP TABLE IF EXISTS eventoEmergencia CASCADE;
DROP TABLE IF EXISTS processoSocorro CASCADE;
DROP TABLE IF EXISTS entidadeMeio CASCADE;
DROP TABLE IF EXISTS meio CASCADE;
DROP TABLE IF EXISTS local CASCADE;
DROP TABLE IF EXISTS meioCombate CASCADE;
DROP TABLE IF EXISTS meioApoio CASCADE;
DROP TABLE IF EXISTS meioSocorro CASCADE;
DROP TABLE IF EXISTS transporta CASCADE;
DROP TABLE IF EXISTS alocado CASCADE;
DROP TABLE IF EXISTS acciona CASCADE;
DROP TABLE IF EXISTS coordenador CASCADE;
DROP TABLE IF EXISTS audita CASCADE;
DROP TABLE IF EXISTS solicita CASCADE;

----------------------------------------
-- Table Creation
----------------------------------------

CREATE TABLE camara(
    numCamara INT NOT NULL UNIQUE,
    PRIMARY KEY(numCamara)
);

CREATE TABLE video(
    dataHoraInicio TIMESTAMP NOT NULL,
    dataHoraFim TIMESTAMP NOT NULL,
    numCamara INT NOT NULL,
    PRIMARY KEY(dataHoraInicio, numCamara),
    FOREIGN KEY(numCamara) REFERENCES camara(numCamara) ON DELETE CASCADE
);

CREATE TABLE segmentoVideo (
    numSegmento INT NOT NULL,
    duracao INT NOT NULL,
    dataHoraInicio TIMESTAMP NOT NULL,
    numCamara INT NOT NULL,
    PRIMARY KEY(numSegmento, dataHoraInicio, numCamara),
    FOREIGN KEY(dataHoraInicio, numCamara) REFERENCES video(dataHoraInicio, numCamara) ON DELETE CASCADE
);

CREATE TABLE local(
    moradaLocal VARCHAR(255),
    PRIMARY KEY(moradaLocal)
);

CREATE TABLE vigia(
    moradaLocal VARCHAR(255),
    numCamara INT NOT NULL,
    PRIMARY KEY(moradaLocal, numCamara),
    FOREIGN KEY(moradaLocal) REFERENCES local(moradaLocal) ON DELETE CASCADE,
    FOREIGN KEY(numCamara) REFERENCES camara(numCamara) ON DELETE CASCADE
);

CREATE TABLE processoSocorro(
    numProcessoSocorro INT NOT NULL,
    PRIMARY KEY(numProcessoSocorro)
);

CREATE TABLE eventoEmergencia(
    numTelefone VARCHAR(13) NOT NULL,
    instanteChamada TIMESTAMP NOT NULL,
    nomePessoa VARCHAR(255),
    moradaLocal VARCHAR(255),
    numProcessoSocorro INT NOT NULL,
    PRIMARY KEY(numTelefone, instanteChamada),
    --UNIQUE (nomePessoa, moradaLocal),
    FOREIGN KEY(moradaLocal) REFERENCES local(moradaLocal) ON DELETE CASCADE,
    FOREIGN KEY(numProcessoSocorro) REFERENCES processoSocorro(numProcessoSocorro) ON DELETE CASCADE
);

CREATE TABLE entidadeMeio(
    nomeEntidade VARCHAR(255) NOT NULL,
    PRIMARY KEY(nomeEntidade)
);

CREATE TABLE meio(
    numMeio INT NOT NULL,
    nomeMeio VARCHAR(255) NOT NULL,
    nomeEntidade VARCHAR(255) NOT NULL,
    PRIMARY KEY(numMeio, nomeEntidade),
    FOREIGN KEY(nomeEntidade) REFERENCES entidadeMeio(nomeEntidade) ON DELETE CASCADE
);

CREATE TABLE meioCombate(
    numMeio INT NOT NULL,
    nomeEntidade VARCHAR(255) NOT NULL,
    PRIMARY KEY(numMeio, nomeEntidade),
    FOREIGN KEY(numMeio, nomeEntidade) REFERENCES meio(numMeio, nomeEntidade) ON DELETE CASCADE
);

CREATE TABLE meioApoio(
    numMeio INT NOT NULL,
    nomeEntidade VARCHAR(255) NOT NULL,
    PRIMARY KEY(numMeio, nomeEntidade),
    FOREIGN KEY(numMeio, nomeEntidade) REFERENCES meio(numMeio, nomeEntidade) ON DELETE CASCADE
);

CREATE TABLE meioSocorro(
    numMeio INT NOT NULL,
    nomeEntidade VARCHAR(255) NOT NULL,
    PRIMARY KEY(numMeio, nomeEntidade),
    FOREIGN KEY(numMeio, nomeEntidade) REFERENCES meio(numMeio, nomeEntidade) ON DELETE CASCADE
);

CREATE TABLE transporta(
    numMeio INT NOT NULL,
    nomeEntidade VARCHAR(255) NOT NULL,
    numVitimas INT,
    numProcessoSocorro INT NOT NULL ,
    PRIMARY KEY(numMeio, nomeEntidade, numProcessoSocorro),
    FOREIGN KEY(numMeio, nomeEntidade) REFERENCES meioSocorro(numMeio, nomeEntidade) ON DELETE CASCADE,
    FOREIGN KEY(numProcessoSocorro) REFERENCES processoSocorro(numProcessoSocorro) ON DELETE CASCADE
);

CREATE TABLE alocado(
    numMeio INT NOT NULL,
    nomeEntidade VARCHAR(255) NOT NULL,
    numHoras INT NOT NULL,
    numProcessoSocorro INT NOT NULL,
    FOREIGN KEY(numMeio, nomeEntidade) REFERENCES meioApoio(numMeio, nomeEntidade) ON DELETE CASCADE,
    FOREIGN KEY(numProcessoSocorro) REFERENCES processoSocorro(numProcessoSocorro) ON DELETE CASCADE
);

CREATE TABLE acciona(
    numMeio INT NOT NULL,
    nomeEntidade VARCHAR(255) NOT NULL,
    numProcessoSocorro INT NOT NULL,
    PRIMARY KEY(numMeio, nomeEntidade, numProcessoSocorro),
    FOREIGN KEY(numMeio, nomeEntidade) REFERENCES meio(numMeio, nomeEntidade) ON DELETE CASCADE,
    FOREIGN KEY(numProcessoSocorro) REFERENCES processoSocorro(numProcessoSocorro) ON DELETE CASCADE
);

CREATE TABLE coordenador(
    idCoordenador INT NOT NULL UNIQUE,
    PRIMARY KEY(idCoordenador)
);

CREATE TABLE audita(
    idCoordenador INT NOT NULL UNIQUE,
    numMeio INT NOT NULL,
    nomeEntidade VARCHAR(255) NOT NULL,
    numProcessoSocorro INT NOT NULL,
    dataHoraInicio TIMESTAMP NOT NULL,
    dataHoraFim TIMESTAMP NOT NULL,
    dataAuditoria TIMESTAMP NOT NULL,
    texto TEXT NOT NULL,
    PRIMARY KEY(idCoordenador, numMeio, nomeEntidade, numProcessoSocorro, dataHoraInicio, dataHoraFim, dataAuditoria, texto),
    FOREIGN KEY(numMeio, nomeEntidade, numProcessoSocorro) REFERENCES acciona(numMeio, nomeEntidade, numProcessoSocorro) ON DELETE CASCADE,
    FOREIGN KEY(idCoordenador) REFERENCES coordenador(idCoordenador) ON DELETE CASCADE
);

CREATE TABLE solicita(
    idCoordenador INT NOT NULL UNIQUE,
    dataHoraInicioVideo TIMESTAMP NOT NULL,
    numCamara INT NOT NULL,
    dataHoraInicio TIMESTAMP NOT NULL,
    dataHoraFim TIMESTAMP NOT NULL,
    PRIMARY KEY(idCoordenador, dataHoraInicioVideo, numCamara),
    FOREIGN KEY(idCoordenador) REFERENCES coordenador(idCoordenador) ON DELETE CASCADE,
    FOREIGN KEY(dataHoraInicioVideo, numCamara) REFERENCES video(dataHoraInicio, numCamara) ON DELETE CASCADE
 );



----------------------------------------
-- Populate Relations 
----------------------------------------

insert into camara values(0);
insert into camara values(1);
insert into camara values(2);
insert into camara values(3);
insert into camara values(4);
insert into camara values(5);
insert into camara values(6);
insert into camara values(7);
insert into camara values(8);
insert into camara values(9);
insert into camara values(10);
insert into camara values(11);
insert into camara values(12);
insert into camara values(13);
insert into camara values(14);
insert into camara values(15);
insert into camara values(16);
insert into camara values(17);
insert into camara values(18);
insert into camara values(19);
insert into camara values(20);
insert into camara values(21);
insert into camara values(22);
insert into camara values(23);
insert into camara values(24);
insert into camara values(25);
insert into camara values(26);
insert into camara values(27);
insert into camara values(28);
insert into camara values(29);
insert into camara values(30);
insert into camara values(31);
insert into camara values(32);
insert into camara values(33);
insert into camara values(34);
insert into camara values(35);
insert into camara values(36);
insert into camara values(37);
insert into camara values(38);
insert into camara values(39);
insert into camara values(40);
insert into camara values(41);
insert into camara values(42);
insert into camara values(43);
insert into camara values(44);
insert into camara values(45);
insert into camara values(46);
insert into camara values(47);
insert into camara values(48);
insert into camara values(49);
insert into camara values(50);
insert into camara values(51);
insert into camara values(52);
insert into camara values(53);
insert into camara values(54);
insert into camara values(55);
insert into camara values(56);
insert into camara values(57);
insert into camara values(58);
insert into camara values(59);
insert into camara values(60);
insert into camara values(61);
insert into camara values(62);
insert into camara values(63);
insert into camara values(64);
insert into camara values(65);
insert into camara values(66);
insert into camara values(67);
insert into camara values(68);
insert into camara values(69);
insert into camara values(70);
insert into camara values(71);
insert into camara values(72);
insert into camara values(73);
insert into camara values(74);
insert into camara values(75);
insert into camara values(76);
insert into camara values(77);
insert into camara values(78);
insert into camara values(79);
insert into camara values(80);
insert into camara values(81);
insert into camara values(82);
insert into camara values(83);
insert into camara values(84);
insert into camara values(85);
insert into camara values(86);
insert into camara values(87);
insert into camara values(88);
insert into camara values(89);
insert into camara values(90);
insert into camara values(91);
insert into camara values(92);
insert into camara values(93);
insert into camara values(94);
insert into camara values(95);
insert into camara values(96);
insert into camara values(97);
insert into camara values(98);
insert into camara values(99);
insert into camara values(100);
insert into camara values(101);



insert into video values('2018-08-04 10:36:11', '2018-08-04 11:06:11', 0);
insert into video values('2018-03-08 19:01:39', '2018-03-08 19:28:39', 0);
insert into video values('2016-02-27 10:07:18', '2016-02-27 10:25:18', 0);
insert into video values('2018-10-21 10:58:30', '2018-10-21 11:12:30', 1);
insert into video values('2017-04-26 03:44:11', '2017-04-26 03:54:11', 1);
insert into video values('2017-03-08 20:49:16', '2017-03-08 21:06:16', 2);
insert into video values('2017-08-29 01:17:34', '2017-08-29 01:44:34', 2);
insert into video values('2018-08-13 15:51:39', '2018-08-13 16:16:39', 2);
insert into video values('2017-10-29 19:02:16', '2017-10-29 19:27:16', 3);
insert into video values('2017-02-12 09:09:42', '2017-02-12 09:20:42', 3);
insert into video values('2016-02-11 13:45:09', '2016-02-11 14:13:09', 4);
insert into video values('2016-05-30 06:37:24', '2016-05-30 06:56:24', 4);
insert into video values('2017-03-13 21:46:34', '2017-03-13 22:09:34', 5);
insert into video values('2016-07-07 15:17:55', '2016-07-07 15:32:55', 5);
insert into video values('2016-09-25 06:17:50', '2016-09-25 06:39:50', 5);
insert into video values('2016-03-02 10:43:38', '2016-03-02 10:57:38', 6);
insert into video values('2017-12-20 16:02:17', '2017-12-20 16:26:17', 6);
insert into video values('2018-04-17 02:25:30', '2018-04-17 02:48:30', 7);
insert into video values('2017-07-05 02:26:11', '2017-07-05 02:50:11', 7);
insert into video values('2016-09-05 17:12:04', '2016-09-05 17:27:04', 7);
insert into video values('2017-11-07 14:35:33', '2017-11-07 14:50:33', 8);
insert into video values('2016-04-27 13:11:18', '2016-04-27 13:40:18', 8);
insert into video values('2017-04-29 03:59:04', '2017-04-29 04:12:04', 8);
insert into video values('2017-06-29 07:27:31', '2017-06-29 07:39:31', 8);
insert into video values('2017-10-27 10:01:39', '2017-10-27 10:21:39', 9);
insert into video values('2018-02-27 09:39:43', '2018-02-27 09:54:43', 9);
insert into video values('2016-11-25 08:07:00', '2016-11-25 08:18:00', 9);
insert into video values('2018-10-11 00:53:29', '2018-10-11 01:08:29', 10);
insert into video values('2016-06-22 01:48:49', '2016-06-22 02:09:49', 10);
insert into video values('2017-10-02 17:51:28', '2017-10-02 18:02:28', 10);
insert into video values('2016-02-24 22:12:37', '2016-02-24 22:28:37', 11);
insert into video values('2016-06-29 08:02:10', '2016-06-29 08:32:10', 11);
insert into video values('2016-06-07 10:40:42', '2016-06-07 11:00:42', 11);
insert into video values('2016-06-22 05:27:59', '2016-06-22 05:54:59', 11);
insert into video values('2016-02-09 12:53:02', '2016-02-09 13:07:02', 12);
insert into video values('2018-04-02 10:58:48', '2018-04-02 11:13:48', 12);
insert into video values('2018-04-14 22:13:19', '2018-04-14 22:24:19', 12);
insert into video values('2017-12-31 05:11:52', '2017-12-31 05:26:52', 13);
insert into video values('2016-10-18 20:14:35', '2016-10-18 20:26:35', 13);
insert into video values('2018-11-18 11:20:11', '2018-11-18 11:37:11', 13);
insert into video values('2018-08-14 20:15:38', '2018-08-14 20:35:38', 14);
insert into video values('2016-06-10 11:49:19', '2016-06-10 11:59:19', 14);
insert into video values('2018-10-22 14:02:04', '2018-10-22 14:25:04', 14);
insert into video values('2016-10-19 07:29:56', '2016-10-19 07:58:56', 14);
insert into video values('2017-08-04 20:45:58', '2017-08-04 20:56:58', 15);
insert into video values('2018-08-22 04:12:34', '2018-08-22 04:33:34', 15);
insert into video values('2017-09-29 19:08:29', '2017-09-29 19:22:29', 16);
insert into video values('2016-01-18 02:26:01', '2016-01-18 02:53:01', 16);
insert into video values('2016-12-09 05:31:13', '2016-12-09 05:52:13', 16);
insert into video values('2016-09-01 20:02:33', '2016-09-01 20:31:33', 16);
insert into video values('2018-03-29 18:38:57', '2018-03-29 18:57:57', 17);
insert into video values('2018-09-11 08:26:58', '2018-09-11 08:53:58', 17);
insert into video values('2016-07-29 13:56:50', '2016-07-29 14:24:50', 17);
insert into video values('2016-01-28 20:19:01', '2016-01-28 20:49:01', 17);
insert into video values('2018-05-11 23:31:21', '2018-05-12 00:01:21', 18);
insert into video values('2016-01-17 11:22:58', '2016-01-17 11:38:58', 18);
insert into video values('2018-08-20 16:37:29', '2018-08-20 17:05:29', 19);
insert into video values('2016-02-25 12:22:43', '2016-02-25 12:45:43', 19);
insert into video values('2016-12-09 06:10:45', '2016-12-09 06:20:45', 19);
insert into video values('2016-04-02 04:23:24', '2016-04-02 04:44:24', 19);
insert into video values('2018-04-29 22:01:35', '2018-04-29 22:15:35', 20);
insert into video values('2016-01-18 17:01:12', '2016-01-18 17:14:12', 20);
insert into video values('2018-11-17 21:28:22', '2018-11-17 21:57:22', 20);
insert into video values('2018-04-17 21:42:22', '2018-04-17 22:07:22', 21);
insert into video values('2018-04-22 16:34:07', '2018-04-22 17:00:07', 21);
insert into video values('2017-09-28 15:25:01', '2017-09-28 15:44:01', 21);
insert into video values('2017-11-28 01:16:21', '2017-11-28 01:42:21', 22);
insert into video values('2018-05-08 22:56:09', '2018-05-08 23:14:09', 22);
insert into video values('2016-03-13 10:39:26', '2016-03-13 11:06:26', 22);
insert into video values('2016-01-14 23:13:20', '2016-01-14 23:28:20', 22);
insert into video values('2018-03-28 23:09:45', '2018-03-28 23:22:45', 23);
insert into video values('2018-02-26 18:17:46', '2018-02-26 18:27:46', 23);
insert into video values('2017-03-29 23:16:47', '2017-03-29 23:44:47', 24);
insert into video values('2016-04-26 12:52:38', '2016-04-26 13:06:38', 24);
insert into video values('2016-01-16 09:11:18', '2016-01-16 09:23:18', 24);
insert into video values('2018-07-18 17:43:31', '2018-07-18 17:55:31', 24);
insert into video values('2016-06-09 07:25:08', '2016-06-09 07:51:08', 25);
insert into video values('2018-10-07 00:01:44', '2018-10-07 00:26:44', 25);
insert into video values('2018-11-17 20:23:45', '2018-11-17 20:36:45', 26);
insert into video values('2017-10-25 08:42:45', '2017-10-25 09:00:45', 26);
insert into video values('2016-12-05 00:08:38', '2016-12-05 00:36:38', 27);
insert into video values('2018-05-22 06:26:01', '2018-05-22 06:41:01', 27);
insert into video values('2017-08-21 01:34:45', '2017-08-21 01:45:45', 27);
insert into video values('2017-04-04 23:53:30', '2017-04-05 00:03:30', 28);
insert into video values('2016-01-20 22:58:07', '2016-01-20 23:15:07', 28);
insert into video values('2018-12-11 16:21:09', '2018-12-11 16:36:09', 28);
insert into video values('2018-08-12 04:12:13', '2018-08-12 04:23:13', 29);
insert into video values('2016-11-07 15:47:28', '2016-11-07 16:05:28', 29);
insert into video values('2016-05-07 22:30:54', '2016-05-07 23:00:54', 29);
insert into video values('2018-08-19 14:15:50', '2018-08-19 14:36:50', 30);
insert into video values('2017-04-13 20:57:18', '2017-04-13 21:17:18', 30);
insert into video values('2017-07-31 07:23:57', '2017-07-31 07:38:57', 31);
insert into video values('2017-08-28 01:59:56', '2017-08-28 02:19:56', 31);
insert into video values('2018-02-17 01:03:13', '2018-02-17 01:23:13', 31);
insert into video values('2018-05-16 05:35:22', '2018-05-16 05:46:22', 32);
insert into video values('2016-04-24 23:58:44', '2016-04-25 00:13:44', 32);
insert into video values('2017-08-28 09:33:45', '2017-08-28 09:54:45', 33);
insert into video values('2016-09-19 18:32:46', '2016-09-19 19:01:46', 33);
insert into video values('2017-03-12 05:26:38', '2017-03-12 05:39:38', 34);
insert into video values('2016-11-29 03:37:28', '2016-11-29 04:07:28', 34);
insert into video values('2018-02-01 08:00:34', '2018-02-01 08:28:34', 35);
insert into video values('2016-01-12 07:32:50', '2016-01-12 08:02:50', 35);
insert into video values('2018-01-07 06:45:40', '2018-01-07 07:13:40', 35);
insert into video values('2016-05-21 05:39:39', '2016-05-21 05:51:39', 35);
insert into video values('2016-11-11 11:14:51', '2016-11-11 11:41:51', 36);
insert into video values('2017-03-18 14:15:59', '2017-03-18 14:37:59', 36);
insert into video values('2017-10-10 21:10:44', '2017-10-10 21:38:44', 37);
insert into video values('2018-10-29 16:26:12', '2018-10-29 16:36:12', 37);
insert into video values('2018-06-06 16:06:44', '2018-06-06 16:18:44', 38);
insert into video values('2017-09-14 14:58:21', '2017-09-14 15:11:21', 38);
insert into video values('2016-01-06 11:23:03', '2016-01-06 11:53:03', 39);
insert into video values('2016-07-25 07:11:31', '2016-07-25 07:37:31', 39);
insert into video values('2016-04-15 03:23:10', '2016-04-15 03:51:10', 39);
insert into video values('2018-10-01 22:33:20', '2018-10-01 23:01:20', 40);
insert into video values('2016-12-02 11:45:04', '2016-12-02 12:00:04', 40);
insert into video values('2018-12-13 23:24:27', '2018-12-13 23:43:27', 40);
insert into video values('2017-06-07 04:11:15', '2017-06-07 04:35:15', 40);
insert into video values('2018-07-14 11:29:54', '2018-07-14 11:43:54', 41);
insert into video values('2016-08-31 23:09:47', '2016-08-31 23:23:47', 41);
insert into video values('2016-01-04 21:18:45', '2016-01-04 21:35:45', 41);
insert into video values('2016-01-17 13:07:27', '2016-01-17 13:20:27', 42);
insert into video values('2017-11-02 16:38:39', '2017-11-02 16:50:39', 42);
insert into video values('2016-12-19 19:35:11', '2016-12-19 19:46:11', 42);
insert into video values('2016-01-24 23:45:00', '2016-01-25 00:04:00', 42);
insert into video values('2016-04-09 19:24:11', '2016-04-09 19:34:11', 43);
insert into video values('2016-05-18 02:05:17', '2016-05-18 02:31:17', 43);
insert into video values('2016-01-25 00:40:28', '2016-01-25 00:52:28', 43);
insert into video values('2016-02-23 04:53:39', '2016-02-23 05:22:39', 44);
insert into video values('2016-06-17 14:24:10', '2016-06-17 14:44:10', 44);
insert into video values('2018-10-14 14:23:27', '2018-10-14 14:41:27', 44);
insert into video values('2018-01-08 05:51:29', '2018-01-08 06:12:29', 44);
insert into video values('2016-05-18 19:45:50', '2016-05-18 20:03:50', 45);
insert into video values('2016-04-11 04:02:37', '2016-04-11 04:12:37', 45);
insert into video values('2018-06-10 03:21:26', '2018-06-10 03:45:26', 45);
insert into video values('2018-08-08 04:18:24', '2018-08-08 04:42:24', 45);
insert into video values('2018-12-08 00:56:33', '2018-12-08 01:26:33', 46);
insert into video values('2017-02-08 01:30:37', '2017-02-08 01:40:37', 46);
insert into video values('2018-01-25 16:06:56', '2018-01-25 16:16:56', 46);
insert into video values('2016-10-15 05:18:14', '2016-10-15 05:34:14', 46);
insert into video values('2017-02-04 08:22:45', '2017-02-04 08:44:45', 47);
insert into video values('2018-01-14 15:06:13', '2018-01-14 15:27:13', 47);
insert into video values('2017-11-15 00:42:55', '2017-11-15 01:12:55', 47);
insert into video values('2016-10-06 12:51:05', '2016-10-06 13:01:05', 48);
insert into video values('2018-01-20 21:52:47', '2018-01-20 22:05:47', 48);
insert into video values('2016-08-07 02:05:26', '2016-08-07 02:20:26', 49);
insert into video values('2016-10-06 13:48:16', '2016-10-06 14:08:16', 49);
insert into video values('2018-10-03 05:26:26', '2018-10-03 05:54:26', 49);
insert into video values('2018-06-07 03:50:00', '2018-06-07 04:12:00', 49);
insert into video values('2016-01-26 20:19:27', '2016-01-26 20:35:27', 50);
insert into video values('2017-04-05 07:06:00', '2017-04-05 07:33:00', 50);
insert into video values('2018-06-26 16:52:01', '2018-06-26 17:14:01', 51);
insert into video values('2016-11-10 07:38:36', '2016-11-10 08:03:36', 51);
insert into video values('2017-06-13 03:13:40', '2017-06-13 03:23:40', 52);
insert into video values('2017-10-15 10:56:31', '2017-10-15 11:19:31', 52);
insert into video values('2017-03-06 12:45:48', '2017-03-06 13:02:48', 52);
insert into video values('2018-08-14 14:00:20', '2018-08-14 14:13:20', 52);
insert into video values('2017-03-24 20:55:33', '2017-03-24 21:24:33', 53);
insert into video values('2017-10-07 02:19:25', '2017-10-07 02:40:25', 53);
insert into video values('2017-06-10 02:02:55', '2017-06-10 02:24:55', 54);
insert into video values('2016-08-10 03:16:17', '2016-08-10 03:44:17', 54);
insert into video values('2018-05-17 19:53:56', '2018-05-17 20:08:56', 54);
insert into video values('2018-05-11 03:04:31', '2018-05-11 03:20:31', 54);
insert into video values('2018-08-05 22:20:13', '2018-08-05 22:38:13', 55);
insert into video values('2018-12-16 23:50:53', '2018-12-17 00:18:53', 55);
insert into video values('2017-02-13 03:58:52', '2017-02-13 04:25:52', 56);
insert into video values('2018-12-08 16:02:57', '2018-12-08 16:21:57', 56);
insert into video values('2017-07-27 19:54:41', '2017-07-27 20:19:41', 57);
insert into video values('2016-02-28 12:32:29', '2016-02-28 12:42:29', 57);
insert into video values('2016-09-28 22:06:44', '2016-09-28 22:31:44', 57);
insert into video values('2016-02-25 06:34:54', '2016-02-25 06:59:54', 57);
insert into video values('2018-02-28 17:14:07', '2018-02-28 17:34:07', 58);
insert into video values('2017-08-26 10:54:11', '2017-08-26 11:13:11', 58);
insert into video values('2018-10-26 18:35:42', '2018-10-26 19:03:42', 58);
insert into video values('2017-11-08 03:40:08', '2017-11-08 04:04:08', 58);
insert into video values('2018-12-16 03:04:35', '2018-12-16 03:34:35', 59);
insert into video values('2016-07-16 16:03:17', '2016-07-16 16:20:17', 59);
insert into video values('2017-03-27 11:11:12', '2017-03-27 11:38:12', 59);
insert into video values('2018-03-06 14:19:24', '2018-03-06 14:39:24', 59);
insert into video values('2018-04-25 09:49:00', '2018-04-25 10:11:00', 60);
insert into video values('2018-07-26 13:40:44', '2018-07-26 14:10:44', 60);
insert into video values('2017-09-20 16:02:30', '2017-09-20 16:20:30', 61);
insert into video values('2016-10-19 08:44:24', '2016-10-19 09:10:24', 61);
insert into video values('2017-03-17 21:01:49', '2017-03-17 21:25:49', 62);
insert into video values('2016-01-15 06:31:49', '2016-01-15 06:52:49', 62);
insert into video values('2017-07-08 13:53:04', '2017-07-08 14:23:04', 62);
insert into video values('2018-06-28 15:49:50', '2018-06-28 16:17:50', 63);
insert into video values('2016-04-27 20:42:44', '2016-04-27 21:07:44', 63);
insert into video values('2018-05-05 10:28:56', '2018-05-05 10:49:56', 63);
insert into video values('2016-01-22 08:09:19', '2016-01-22 08:37:19', 63);
insert into video values('2017-09-20 20:13:37', '2017-09-20 20:25:37', 64);
insert into video values('2016-07-10 20:22:12', '2016-07-10 20:32:12', 64);
insert into video values('2017-01-19 12:54:57', '2017-01-19 13:04:57', 64);
insert into video values('2018-08-20 18:56:05', '2018-08-20 19:24:05', 65);
insert into video values('2016-08-19 13:42:54', '2016-08-19 14:10:54', 65);
insert into video values('2016-08-18 15:54:52', '2016-08-18 16:16:52', 65);
insert into video values('2018-01-26 21:38:58', '2018-01-26 22:06:58', 66);
insert into video values('2018-11-01 06:07:28', '2018-11-01 06:28:28', 66);
insert into video values('2017-11-14 11:58:28', '2017-11-14 12:19:28', 66);
insert into video values('2017-05-29 19:25:58', '2017-05-29 19:46:58', 66);
insert into video values('2017-04-07 03:21:22', '2017-04-07 03:33:22', 67);
insert into video values('2016-08-21 00:32:31', '2016-08-21 00:46:31', 67);
insert into video values('2016-01-11 09:28:43', '2016-01-11 09:39:43', 67);
insert into video values('2016-05-23 19:15:58', '2016-05-23 19:40:58', 68);
insert into video values('2017-03-15 21:40:29', '2017-03-15 22:07:29', 68);
insert into video values('2018-07-29 16:43:55', '2018-07-29 17:09:55', 68);
insert into video values('2016-09-23 17:11:40', '2016-09-23 17:32:40', 69);
insert into video values('2018-11-06 20:48:02', '2018-11-06 21:05:02', 69);
insert into video values('2017-10-06 04:10:32', '2017-10-06 04:24:32', 70);
insert into video values('2018-06-30 14:35:02', '2018-06-30 15:04:02', 70);
insert into video values('2016-08-16 19:28:25', '2016-08-16 19:45:25', 70);
insert into video values('2018-03-07 01:59:54', '2018-03-07 02:14:54', 71);
insert into video values('2018-05-18 20:39:48', '2018-05-18 20:49:48', 71);
insert into video values('2017-02-01 08:01:55', '2017-02-01 08:13:55', 72);
insert into video values('2016-04-05 02:48:05', '2016-04-05 03:03:05', 72);
insert into video values('2017-10-23 15:16:26', '2017-10-23 15:29:26', 72);
insert into video values('2017-01-25 22:44:22', '2017-01-25 23:10:22', 72);
insert into video values('2018-02-28 05:14:22', '2018-02-28 05:27:22', 73);
insert into video values('2018-10-31 16:24:14', '2018-10-31 16:38:14', 73);
insert into video values('2018-07-14 05:46:29', '2018-07-14 06:09:29', 74);
insert into video values('2018-01-01 16:09:34', '2018-01-01 16:39:34', 74);
insert into video values('2016-09-13 01:00:51', '2016-09-13 01:30:51', 74);
insert into video values('2018-01-28 17:16:28', '2018-01-28 17:45:28', 75);
insert into video values('2016-04-08 09:44:07', '2016-04-08 10:07:07', 75);
insert into video values('2016-11-07 13:39:07', '2016-11-07 13:52:07', 75);
insert into video values('2016-08-20 13:23:00', '2016-08-20 13:47:00', 75);
insert into video values('2016-09-29 19:08:07', '2016-09-29 19:18:07', 76);
insert into video values('2016-05-07 07:05:41', '2016-05-07 07:28:41', 76);
insert into video values('2016-01-24 06:03:25', '2016-01-24 06:30:25', 76);
insert into video values('2018-03-22 00:42:52', '2018-03-22 01:01:52', 77);
insert into video values('2016-05-15 05:02:21', '2016-05-15 05:32:21', 77);
insert into video values('2017-03-18 02:21:38', '2017-03-18 02:36:38', 78);
insert into video values('2016-07-02 01:00:30', '2016-07-02 01:30:30', 78);
insert into video values('2018-08-09 05:31:41', '2018-08-09 05:55:41', 78);
insert into video values('2016-10-02 15:40:19', '2016-10-02 16:09:19', 79);
insert into video values('2016-05-25 10:22:27', '2016-05-25 10:39:27', 79);
insert into video values('2017-02-27 03:47:35', '2017-02-27 04:15:35', 80);
insert into video values('2017-06-28 02:14:25', '2017-06-28 02:38:25', 80);
insert into video values('2017-06-14 21:23:24', '2017-06-14 21:49:24', 81);
insert into video values('2016-11-23 23:33:22', '2016-11-24 00:02:22', 81);
insert into video values('2016-09-12 21:24:31', '2016-09-12 21:51:31', 81);
insert into video values('2016-11-27 21:00:45', '2016-11-27 21:14:45', 82);
insert into video values('2016-05-05 18:14:39', '2016-05-05 18:39:39', 82);
insert into video values('2017-12-20 21:18:32', '2017-12-20 21:32:32', 82);
insert into video values('2016-04-12 07:57:26', '2016-04-12 08:08:26', 83);
insert into video values('2018-08-07 07:18:14', '2018-08-07 07:35:14', 83);
insert into video values('2016-08-29 15:42:37', '2016-08-29 15:58:37', 84);
insert into video values('2017-07-09 06:45:31', '2017-07-09 07:06:31', 84);
insert into video values('2017-06-08 20:30:35', '2017-06-08 20:40:35', 85);
insert into video values('2018-07-04 23:11:45', '2018-07-04 23:37:45', 85);
insert into video values('2017-02-16 23:33:21', '2017-02-16 23:53:21', 85);
insert into video values('2016-02-01 23:28:37', '2016-02-01 23:40:37', 86);
insert into video values('2016-05-23 00:34:42', '2016-05-23 00:44:42', 86);
insert into video values('2017-08-14 03:02:05', '2017-08-14 03:14:05', 86);
insert into video values('2017-05-07 03:09:41', '2017-05-07 03:22:41', 87);
insert into video values('2016-06-08 10:41:32', '2016-06-08 11:04:32', 87);
insert into video values('2016-08-18 00:22:23', '2016-08-18 00:33:23', 87);
insert into video values('2017-11-18 23:34:24', '2017-11-18 23:50:24', 88);
insert into video values('2017-08-28 06:57:51', '2017-08-28 07:19:51', 88);
insert into video values('2016-11-07 02:32:44', '2016-11-07 02:58:44', 88);
insert into video values('2017-01-29 02:31:28', '2017-01-29 02:59:28', 88);
insert into video values('2018-10-03 21:31:30', '2018-10-03 21:57:30', 89);
insert into video values('2016-03-16 11:03:45', '2016-03-16 11:27:45', 89);
insert into video values('2017-08-07 12:00:27', '2017-08-07 12:12:27', 89);
insert into video values('2016-12-22 20:11:39', '2016-12-22 20:30:39', 90);
insert into video values('2017-03-29 16:01:52', '2017-03-29 16:21:52', 90);
insert into video values('2016-11-29 16:04:27', '2016-11-29 16:15:27', 90);
insert into video values('2017-04-29 18:58:19', '2017-04-29 19:15:19', 91);
insert into video values('2018-12-10 09:28:01', '2018-12-10 09:54:01', 91);
insert into video values('2016-02-25 23:05:25', '2016-02-25 23:21:25', 91);
insert into video values('2017-12-17 07:10:00', '2017-12-17 07:39:00', 92);
insert into video values('2018-09-26 23:03:14', '2018-09-26 23:25:14', 92);
insert into video values('2016-06-30 08:17:57', '2016-06-30 08:27:57', 92);
insert into video values('2017-11-04 07:15:16', '2017-11-04 07:35:16', 92);
insert into video values('2016-01-26 08:32:12', '2016-01-26 08:42:12', 93);
insert into video values('2016-02-25 04:11:17', '2016-02-25 04:37:17', 93);
insert into video values('2017-01-10 11:04:26', '2017-01-10 11:20:26', 93);
insert into video values('2016-04-01 20:05:36', '2016-04-01 20:25:36', 93);
insert into video values('2016-03-11 06:15:45', '2016-03-11 06:33:45', 94);
insert into video values('2017-03-03 11:03:58', '2017-03-03 11:18:58', 94);
insert into video values('2016-12-21 19:41:08', '2016-12-21 20:00:08', 95);
insert into video values('2016-08-03 00:03:23', '2016-08-03 00:29:23', 95);
insert into video values('2016-11-03 11:48:54', '2016-11-03 12:17:54', 95);
insert into video values('2017-08-26 00:14:55', '2017-08-26 00:27:55', 95);
insert into video values('2017-05-23 22:35:16', '2017-05-23 22:49:16', 96);
insert into video values('2016-07-31 02:49:53', '2016-07-31 03:01:53', 96);
insert into video values('2017-11-09 23:39:28', '2017-11-10 00:03:28', 97);
insert into video values('2017-07-13 06:32:08', '2017-07-13 06:51:08', 97);
insert into video values('2017-03-10 11:40:54', '2017-03-10 11:52:54', 97);
insert into video values('2018-10-23 04:52:11', '2018-10-23 05:02:11', 98);
insert into video values('2018-05-20 23:07:17', '2018-05-20 23:33:17', 98);
insert into video values('2018-08-10 04:32:32', '2018-08-10 04:54:32', 98);
insert into video values('2018-02-19 13:13:06', '2018-02-19 13:23:06', 99);
insert into video values('2017-03-05 02:14:16', '2017-03-05 02:44:16', 99);
insert into video values('2016-01-28 08:41:55', '2016-01-28 09:01:55', 100);
insert into video values('2018-03-31 05:50:40', '2018-03-31 06:19:40', 100);
insert into video values('2016-04-09 02:33:53', '2016-04-09 02:48:53', 100);
insert into video values('2017-06-21 14:24:36', '2017-06-21 14:34:36', 101);
insert into video values('2016-06-30 16:31:14', '2016-06-30 16:42:14', 101);



insert into segmentoVideo values(0, 2, '2018-08-04 10:36:11', 0);
insert into segmentoVideo values(1, 28, '2018-08-04 10:36:11', 0);
insert into segmentoVideo values(0, 27, '2018-03-08 19:01:39', 0);
insert into segmentoVideo values(0, 2, '2016-02-27 10:07:18', 0);
insert into segmentoVideo values(1, 16, '2016-02-27 10:07:18', 0);
insert into segmentoVideo values(0, 2, '2018-10-21 10:58:30', 1);
insert into segmentoVideo values(1, 12, '2018-10-21 10:58:30', 1);
insert into segmentoVideo values(0, 10, '2017-04-26 03:44:11', 1);
insert into segmentoVideo values(0, 17, '2017-03-08 20:49:16', 2);
insert into segmentoVideo values(0, 2, '2017-08-29 01:17:34', 2);
insert into segmentoVideo values(1, 25, '2017-08-29 01:17:34', 2);
insert into segmentoVideo values(0, 2, '2018-08-13 15:51:39', 2);
insert into segmentoVideo values(1, 23, '2018-08-13 15:51:39', 2);
insert into segmentoVideo values(0, 2, '2017-10-29 19:02:16', 3);
insert into segmentoVideo values(1, 23, '2017-10-29 19:02:16', 3);
insert into segmentoVideo values(0, 11, '2017-02-12 09:09:42', 3);
insert into segmentoVideo values(0, 28, '2016-02-11 13:45:09', 4);
insert into segmentoVideo values(0, 19, '2016-05-30 06:37:24', 4);
insert into segmentoVideo values(0, 2, '2017-03-13 21:46:34', 5);
insert into segmentoVideo values(1, 21, '2017-03-13 21:46:34', 5);
insert into segmentoVideo values(0, 15, '2016-07-07 15:17:55', 5);
insert into segmentoVideo values(0, 2, '2016-09-25 06:17:50', 5);
insert into segmentoVideo values(1, 20, '2016-09-25 06:17:50', 5);
insert into segmentoVideo values(0, 2, '2016-03-02 10:43:38', 6);
insert into segmentoVideo values(1, 12, '2016-03-02 10:43:38', 6);
insert into segmentoVideo values(0, 2, '2017-12-20 16:02:17', 6);
insert into segmentoVideo values(1, 22, '2017-12-20 16:02:17', 6);
insert into segmentoVideo values(0, 23, '2018-04-17 02:25:30', 7);
insert into segmentoVideo values(0, 24, '2017-07-05 02:26:11', 7);
insert into segmentoVideo values(0, 15, '2016-09-05 17:12:04', 7);
insert into segmentoVideo values(0, 2, '2017-11-07 14:35:33', 8);
insert into segmentoVideo values(1, 13, '2017-11-07 14:35:33', 8);
insert into segmentoVideo values(0, 29, '2016-04-27 13:11:18', 8);
insert into segmentoVideo values(0, 2, '2017-04-29 03:59:04', 8);
insert into segmentoVideo values(1, 11, '2017-04-29 03:59:04', 8);
insert into segmentoVideo values(0, 2, '2017-06-29 07:27:31', 8);
insert into segmentoVideo values(1, 10, '2017-06-29 07:27:31', 8);
insert into segmentoVideo values(0, 20, '2017-10-27 10:01:39', 9);
insert into segmentoVideo values(0, 2, '2018-02-27 09:39:43', 9);
insert into segmentoVideo values(1, 13, '2018-02-27 09:39:43', 9);
insert into segmentoVideo values(0, 11, '2016-11-25 08:07:00', 9);
insert into segmentoVideo values(0, 2, '2018-10-11 00:53:29', 10);
insert into segmentoVideo values(1, 13, '2018-10-11 00:53:29', 10);
insert into segmentoVideo values(0, 21, '2016-06-22 01:48:49', 10);
insert into segmentoVideo values(0, 2, '2017-10-02 17:51:28', 10);
insert into segmentoVideo values(1, 9, '2017-10-02 17:51:28', 10);
insert into segmentoVideo values(0, 16, '2016-02-24 22:12:37', 11);
insert into segmentoVideo values(0, 2, '2016-06-29 08:02:10', 11);
insert into segmentoVideo values(1, 28, '2016-06-29 08:02:10', 11);
insert into segmentoVideo values(0, 20, '2016-06-07 10:40:42', 11);
insert into segmentoVideo values(0, 2, '2016-06-22 05:27:59', 11);
insert into segmentoVideo values(1, 25, '2016-06-22 05:27:59', 11);
insert into segmentoVideo values(0, 14, '2016-02-09 12:53:02', 12);
insert into segmentoVideo values(0, 2, '2018-04-02 10:58:48', 12);
insert into segmentoVideo values(1, 13, '2018-04-02 10:58:48', 12);
insert into segmentoVideo values(0, 2, '2018-04-14 22:13:19', 12);
insert into segmentoVideo values(1, 9, '2018-04-14 22:13:19', 12);
insert into segmentoVideo values(0, 15, '2017-12-31 05:11:52', 13);
insert into segmentoVideo values(0, 12, '2016-10-18 20:14:35', 13);
insert into segmentoVideo values(0, 2, '2018-11-18 11:20:11', 13);
insert into segmentoVideo values(1, 15, '2018-11-18 11:20:11', 13);
insert into segmentoVideo values(0, 2, '2018-08-14 20:15:38', 14);
insert into segmentoVideo values(1, 18, '2018-08-14 20:15:38', 14);
insert into segmentoVideo values(0, 2, '2016-06-10 11:49:19', 14);
insert into segmentoVideo values(1, 8, '2016-06-10 11:49:19', 14);
insert into segmentoVideo values(0, 2, '2018-10-22 14:02:04', 14);
insert into segmentoVideo values(1, 21, '2018-10-22 14:02:04', 14);
insert into segmentoVideo values(0, 2, '2016-10-19 07:29:56', 14);
insert into segmentoVideo values(1, 27, '2016-10-19 07:29:56', 14);
insert into segmentoVideo values(0, 11, '2017-08-04 20:45:58', 15);
insert into segmentoVideo values(0, 21, '2018-08-22 04:12:34', 15);
insert into segmentoVideo values(0, 2, '2017-09-29 19:08:29', 16);
insert into segmentoVideo values(1, 12, '2017-09-29 19:08:29', 16);
insert into segmentoVideo values(0, 27, '2016-01-18 02:26:01', 16);
insert into segmentoVideo values(0, 2, '2016-12-09 05:31:13', 16);
insert into segmentoVideo values(1, 19, '2016-12-09 05:31:13', 16);
insert into segmentoVideo values(0, 2, '2016-09-01 20:02:33', 16);
insert into segmentoVideo values(1, 27, '2016-09-01 20:02:33', 16);
insert into segmentoVideo values(0, 2, '2018-03-29 18:38:57', 17);
insert into segmentoVideo values(1, 17, '2018-03-29 18:38:57', 17);
insert into segmentoVideo values(0, 27, '2018-09-11 08:26:58', 17);
insert into segmentoVideo values(0, 2, '2016-07-29 13:56:50', 17);
insert into segmentoVideo values(1, 26, '2016-07-29 13:56:50', 17);
insert into segmentoVideo values(0, 30, '2016-01-28 20:19:01', 17);
insert into segmentoVideo values(0, 30, '2018-05-11 23:31:21', 18);
insert into segmentoVideo values(0, 16, '2016-01-17 11:22:58', 18);
insert into segmentoVideo values(0, 28, '2018-08-20 16:37:29', 19);
insert into segmentoVideo values(0, 2, '2016-02-25 12:22:43', 19);
insert into segmentoVideo values(1, 21, '2016-02-25 12:22:43', 19);
insert into segmentoVideo values(0, 10, '2016-12-09 06:10:45', 19);
insert into segmentoVideo values(0, 2, '2016-04-02 04:23:24', 19);
insert into segmentoVideo values(1, 19, '2016-04-02 04:23:24', 19);
insert into segmentoVideo values(0, 2, '2018-04-29 22:01:35', 20);
insert into segmentoVideo values(1, 12, '2018-04-29 22:01:35', 20);
insert into segmentoVideo values(0, 13, '2016-01-18 17:01:12', 20);
insert into segmentoVideo values(0, 29, '2018-11-17 21:28:22', 20);
insert into segmentoVideo values(0, 25, '2018-04-17 21:42:22', 21);
insert into segmentoVideo values(0, 26, '2018-04-22 16:34:07', 21);
insert into segmentoVideo values(0, 19, '2017-09-28 15:25:01', 21);
insert into segmentoVideo values(0, 2, '2017-11-28 01:16:21', 22);
insert into segmentoVideo values(1, 24, '2017-11-28 01:16:21', 22);
insert into segmentoVideo values(0, 18, '2018-05-08 22:56:09', 22);
insert into segmentoVideo values(0, 27, '2016-03-13 10:39:26', 22);
insert into segmentoVideo values(0, 15, '2016-01-14 23:13:20', 22);
insert into segmentoVideo values(0, 2, '2018-03-28 23:09:45', 23);
insert into segmentoVideo values(1, 11, '2018-03-28 23:09:45', 23);
insert into segmentoVideo values(0, 2, '2018-02-26 18:17:46', 23);
insert into segmentoVideo values(1, 8, '2018-02-26 18:17:46', 23);
insert into segmentoVideo values(0, 2, '2017-03-29 23:16:47', 24);
insert into segmentoVideo values(1, 26, '2017-03-29 23:16:47', 24);
insert into segmentoVideo values(0, 2, '2016-04-26 12:52:38', 24);
insert into segmentoVideo values(1, 12, '2016-04-26 12:52:38', 24);
insert into segmentoVideo values(0, 12, '2016-01-16 09:11:18', 24);
insert into segmentoVideo values(0, 2, '2018-07-18 17:43:31', 24);
insert into segmentoVideo values(1, 10, '2018-07-18 17:43:31', 24);
insert into segmentoVideo values(0, 26, '2016-06-09 07:25:08', 25);
insert into segmentoVideo values(0, 2, '2018-10-07 00:01:44', 25);
insert into segmentoVideo values(1, 23, '2018-10-07 00:01:44', 25);
insert into segmentoVideo values(0, 13, '2018-11-17 20:23:45', 26);
insert into segmentoVideo values(0, 18, '2017-10-25 08:42:45', 26);
insert into segmentoVideo values(0, 28, '2016-12-05 00:08:38', 27);
insert into segmentoVideo values(0, 15, '2018-05-22 06:26:01', 27);
insert into segmentoVideo values(0, 11, '2017-08-21 01:34:45', 27);
insert into segmentoVideo values(0, 10, '2017-04-04 23:53:30', 28);
insert into segmentoVideo values(0, 2, '2016-01-20 22:58:07', 28);
insert into segmentoVideo values(1, 15, '2016-01-20 22:58:07', 28);
insert into segmentoVideo values(0, 2, '2018-12-11 16:21:09', 28);
insert into segmentoVideo values(1, 13, '2018-12-11 16:21:09', 28);
insert into segmentoVideo values(0, 2, '2018-08-12 04:12:13', 29);
insert into segmentoVideo values(1, 9, '2018-08-12 04:12:13', 29);
insert into segmentoVideo values(0, 2, '2016-11-07 15:47:28', 29);
insert into segmentoVideo values(1, 16, '2016-11-07 15:47:28', 29);
insert into segmentoVideo values(0, 2, '2016-05-07 22:30:54', 29);
insert into segmentoVideo values(1, 28, '2016-05-07 22:30:54', 29);
insert into segmentoVideo values(0, 2, '2018-08-19 14:15:50', 30);
insert into segmentoVideo values(1, 19, '2018-08-19 14:15:50', 30);
insert into segmentoVideo values(0, 2, '2017-04-13 20:57:18', 30);
insert into segmentoVideo values(1, 18, '2017-04-13 20:57:18', 30);
insert into segmentoVideo values(0, 15, '2017-07-31 07:23:57', 31);
insert into segmentoVideo values(0, 20, '2017-08-28 01:59:56', 31);
insert into segmentoVideo values(0, 20, '2018-02-17 01:03:13', 31);
insert into segmentoVideo values(0, 2, '2018-05-16 05:35:22', 32);
insert into segmentoVideo values(1, 9, '2018-05-16 05:35:22', 32);
insert into segmentoVideo values(0, 15, '2016-04-24 23:58:44', 32);
insert into segmentoVideo values(0, 21, '2017-08-28 09:33:45', 33);
insert into segmentoVideo values(0, 29, '2016-09-19 18:32:46', 33);
insert into segmentoVideo values(0, 2, '2017-03-12 05:26:38', 34);
insert into segmentoVideo values(1, 11, '2017-03-12 05:26:38', 34);
insert into segmentoVideo values(0, 2, '2016-11-29 03:37:28', 34);
insert into segmentoVideo values(1, 28, '2016-11-29 03:37:28', 34);
insert into segmentoVideo values(0, 28, '2018-02-01 08:00:34', 35);
insert into segmentoVideo values(0, 2, '2016-01-12 07:32:50', 35);
insert into segmentoVideo values(1, 28, '2016-01-12 07:32:50', 35);
insert into segmentoVideo values(0, 28, '2018-01-07 06:45:40', 35);
insert into segmentoVideo values(0, 2, '2016-05-21 05:39:39', 35);
insert into segmentoVideo values(1, 10, '2016-05-21 05:39:39', 35);
insert into segmentoVideo values(0, 2, '2016-11-11 11:14:51', 36);
insert into segmentoVideo values(1, 25, '2016-11-11 11:14:51', 36);
insert into segmentoVideo values(0, 2, '2017-03-18 14:15:59', 36);
insert into segmentoVideo values(1, 20, '2017-03-18 14:15:59', 36);
insert into segmentoVideo values(0, 28, '2017-10-10 21:10:44', 37);
insert into segmentoVideo values(0, 2, '2018-10-29 16:26:12', 37);
insert into segmentoVideo values(1, 8, '2018-10-29 16:26:12', 37);
insert into segmentoVideo values(0, 12, '2018-06-06 16:06:44', 38);
insert into segmentoVideo values(0, 13, '2017-09-14 14:58:21', 38);
insert into segmentoVideo values(0, 30, '2016-01-06 11:23:03', 39);
insert into segmentoVideo values(0, 2, '2016-07-25 07:11:31', 39);
insert into segmentoVideo values(1, 24, '2016-07-25 07:11:31', 39);
insert into segmentoVideo values(0, 2, '2016-04-15 03:23:10', 39);
insert into segmentoVideo values(1, 26, '2016-04-15 03:23:10', 39);
insert into segmentoVideo values(0, 28, '2018-10-01 22:33:20', 40);
insert into segmentoVideo values(0, 15, '2016-12-02 11:45:04', 40);
insert into segmentoVideo values(0, 2, '2018-12-13 23:24:27', 40);
insert into segmentoVideo values(1, 17, '2018-12-13 23:24:27', 40);
insert into segmentoVideo values(0, 2, '2017-06-07 04:11:15', 40);
insert into segmentoVideo values(1, 22, '2017-06-07 04:11:15', 40);
insert into segmentoVideo values(0, 14, '2018-07-14 11:29:54', 41);
insert into segmentoVideo values(0, 2, '2016-08-31 23:09:47', 41);
insert into segmentoVideo values(1, 12, '2016-08-31 23:09:47', 41);
insert into segmentoVideo values(0, 17, '2016-01-04 21:18:45', 41);
insert into segmentoVideo values(0, 2, '2016-01-17 13:07:27', 42);
insert into segmentoVideo values(1, 11, '2016-01-17 13:07:27', 42);
insert into segmentoVideo values(0, 2, '2017-11-02 16:38:39', 42);
insert into segmentoVideo values(1, 10, '2017-11-02 16:38:39', 42);
insert into segmentoVideo values(0, 2, '2016-12-19 19:35:11', 42);
insert into segmentoVideo values(1, 9, '2016-12-19 19:35:11', 42);
insert into segmentoVideo values(0, 2, '2016-01-24 23:45:00', 42);
insert into segmentoVideo values(1, 17, '2016-01-24 23:45:00', 42);
insert into segmentoVideo values(0, 2, '2016-04-09 19:24:11', 43);
insert into segmentoVideo values(1, 8, '2016-04-09 19:24:11', 43);
insert into segmentoVideo values(0, 26, '2016-05-18 02:05:17', 43);
insert into segmentoVideo values(0, 2, '2016-01-25 00:40:28', 43);
insert into segmentoVideo values(1, 10, '2016-01-25 00:40:28', 43);
insert into segmentoVideo values(0, 2, '2016-02-23 04:53:39', 44);
insert into segmentoVideo values(1, 27, '2016-02-23 04:53:39', 44);
insert into segmentoVideo values(0, 20, '2016-06-17 14:24:10', 44);
insert into segmentoVideo values(0, 18, '2018-10-14 14:23:27', 44);
insert into segmentoVideo values(0, 2, '2018-01-08 05:51:29', 44);
insert into segmentoVideo values(1, 19, '2018-01-08 05:51:29', 44);
insert into segmentoVideo values(0, 2, '2016-05-18 19:45:50', 45);
insert into segmentoVideo values(1, 16, '2016-05-18 19:45:50', 45);
insert into segmentoVideo values(0, 10, '2016-04-11 04:02:37', 45);
insert into segmentoVideo values(0, 2, '2018-06-10 03:21:26', 45);
insert into segmentoVideo values(1, 22, '2018-06-10 03:21:26', 45);
insert into segmentoVideo values(0, 2, '2018-08-08 04:18:24', 45);
insert into segmentoVideo values(1, 22, '2018-08-08 04:18:24', 45);
insert into segmentoVideo values(0, 30, '2018-12-08 00:56:33', 46);
insert into segmentoVideo values(0, 10, '2017-02-08 01:30:37', 46);
insert into segmentoVideo values(0, 2, '2018-01-25 16:06:56', 46);
insert into segmentoVideo values(1, 8, '2018-01-25 16:06:56', 46);
insert into segmentoVideo values(0, 16, '2016-10-15 05:18:14', 46);
insert into segmentoVideo values(0, 2, '2017-02-04 08:22:45', 47);
insert into segmentoVideo values(1, 20, '2017-02-04 08:22:45', 47);
insert into segmentoVideo values(0, 21, '2018-01-14 15:06:13', 47);
insert into segmentoVideo values(0, 30, '2017-11-15 00:42:55', 47);
insert into segmentoVideo values(0, 10, '2016-10-06 12:51:05', 48);
insert into segmentoVideo values(0, 13, '2018-01-20 21:52:47', 48);
insert into segmentoVideo values(0, 2, '2016-08-07 02:05:26', 49);
insert into segmentoVideo values(1, 13, '2016-08-07 02:05:26', 49);
insert into segmentoVideo values(0, 2, '2016-10-06 13:48:16', 49);
insert into segmentoVideo values(1, 18, '2016-10-06 13:48:16', 49);
insert into segmentoVideo values(0, 2, '2018-10-03 05:26:26', 49);
insert into segmentoVideo values(1, 26, '2018-10-03 05:26:26', 49);
insert into segmentoVideo values(0, 22, '2018-06-07 03:50:00', 49);
insert into segmentoVideo values(0, 16, '2016-01-26 20:19:27', 50);
insert into segmentoVideo values(0, 2, '2017-04-05 07:06:00', 50);
insert into segmentoVideo values(1, 25, '2017-04-05 07:06:00', 50);
insert into segmentoVideo values(0, 2, '2018-06-26 16:52:01', 51);
insert into segmentoVideo values(1, 20, '2018-06-26 16:52:01', 51);
insert into segmentoVideo values(0, 2, '2016-11-10 07:38:36', 51);
insert into segmentoVideo values(1, 23, '2016-11-10 07:38:36', 51);
insert into segmentoVideo values(0, 10, '2017-06-13 03:13:40', 52);
insert into segmentoVideo values(0, 23, '2017-10-15 10:56:31', 52);
insert into segmentoVideo values(0, 2, '2017-03-06 12:45:48', 52);
insert into segmentoVideo values(1, 15, '2017-03-06 12:45:48', 52);
insert into segmentoVideo values(0, 2, '2018-08-14 14:00:20', 52);
insert into segmentoVideo values(1, 11, '2018-08-14 14:00:20', 52);
insert into segmentoVideo values(0, 2, '2017-03-24 20:55:33', 53);
insert into segmentoVideo values(1, 27, '2017-03-24 20:55:33', 53);
insert into segmentoVideo values(0, 2, '2017-10-07 02:19:25', 53);
insert into segmentoVideo values(1, 19, '2017-10-07 02:19:25', 53);
insert into segmentoVideo values(0, 2, '2017-06-10 02:02:55', 54);
insert into segmentoVideo values(1, 20, '2017-06-10 02:02:55', 54);
insert into segmentoVideo values(0, 28, '2016-08-10 03:16:17', 54);
insert into segmentoVideo values(0, 15, '2018-05-17 19:53:56', 54);
insert into segmentoVideo values(0, 2, '2018-05-11 03:04:31', 54);
insert into segmentoVideo values(1, 14, '2018-05-11 03:04:31', 54);
insert into segmentoVideo values(0, 2, '2018-08-05 22:20:13', 55);
insert into segmentoVideo values(1, 16, '2018-08-05 22:20:13', 55);
insert into segmentoVideo values(0, 2, '2018-12-16 23:50:53', 55);
insert into segmentoVideo values(1, 26, '2018-12-16 23:50:53', 55);
insert into segmentoVideo values(0, 27, '2017-02-13 03:58:52', 56);
insert into segmentoVideo values(0, 19, '2018-12-08 16:02:57', 56);
insert into segmentoVideo values(0, 2, '2017-07-27 19:54:41', 57);
insert into segmentoVideo values(1, 23, '2017-07-27 19:54:41', 57);
insert into segmentoVideo values(0, 10, '2016-02-28 12:32:29', 57);
insert into segmentoVideo values(0, 25, '2016-09-28 22:06:44', 57);
insert into segmentoVideo values(0, 25, '2016-02-25 06:34:54', 57);
insert into segmentoVideo values(0, 2, '2018-02-28 17:14:07', 58);
insert into segmentoVideo values(1, 18, '2018-02-28 17:14:07', 58);
insert into segmentoVideo values(0, 2, '2017-08-26 10:54:11', 58);
insert into segmentoVideo values(1, 17, '2017-08-26 10:54:11', 58);
insert into segmentoVideo values(0, 28, '2018-10-26 18:35:42', 58);
insert into segmentoVideo values(0, 2, '2017-11-08 03:40:08', 58);
insert into segmentoVideo values(1, 22, '2017-11-08 03:40:08', 58);
insert into segmentoVideo values(0, 30, '2018-12-16 03:04:35', 59);
insert into segmentoVideo values(0, 2, '2016-07-16 16:03:17', 59);
insert into segmentoVideo values(1, 15, '2016-07-16 16:03:17', 59);
insert into segmentoVideo values(0, 2, '2017-03-27 11:11:12', 59);
insert into segmentoVideo values(1, 25, '2017-03-27 11:11:12', 59);
insert into segmentoVideo values(0, 20, '2018-03-06 14:19:24', 59);
insert into segmentoVideo values(0, 2, '2018-04-25 09:49:00', 60);
insert into segmentoVideo values(1, 20, '2018-04-25 09:49:00', 60);
insert into segmentoVideo values(0, 30, '2018-07-26 13:40:44', 60);
insert into segmentoVideo values(0, 18, '2017-09-20 16:02:30', 61);
insert into segmentoVideo values(0, 2, '2016-10-19 08:44:24', 61);
insert into segmentoVideo values(1, 24, '2016-10-19 08:44:24', 61);
insert into segmentoVideo values(0, 2, '2017-03-17 21:01:49', 62);
insert into segmentoVideo values(1, 22, '2017-03-17 21:01:49', 62);
insert into segmentoVideo values(0, 21, '2016-01-15 06:31:49', 62);
insert into segmentoVideo values(0, 2, '2017-07-08 13:53:04', 62);
insert into segmentoVideo values(1, 28, '2017-07-08 13:53:04', 62);
insert into segmentoVideo values(0, 2, '2018-06-28 15:49:50', 63);
insert into segmentoVideo values(1, 26, '2018-06-28 15:49:50', 63);
insert into segmentoVideo values(0, 25, '2016-04-27 20:42:44', 63);
insert into segmentoVideo values(0, 2, '2018-05-05 10:28:56', 63);
insert into segmentoVideo values(1, 19, '2018-05-05 10:28:56', 63);
insert into segmentoVideo values(0, 2, '2016-01-22 08:09:19', 63);
insert into segmentoVideo values(1, 26, '2016-01-22 08:09:19', 63);
insert into segmentoVideo values(0, 12, '2017-09-20 20:13:37', 64);
insert into segmentoVideo values(0, 2, '2016-07-10 20:22:12', 64);
insert into segmentoVideo values(1, 8, '2016-07-10 20:22:12', 64);
insert into segmentoVideo values(0, 10, '2017-01-19 12:54:57', 64);
insert into segmentoVideo values(0, 28, '2018-08-20 18:56:05', 65);
insert into segmentoVideo values(0, 2, '2016-08-19 13:42:54', 65);
insert into segmentoVideo values(1, 26, '2016-08-19 13:42:54', 65);
insert into segmentoVideo values(0, 2, '2016-08-18 15:54:52', 65);
insert into segmentoVideo values(1, 20, '2016-08-18 15:54:52', 65);
insert into segmentoVideo values(0, 28, '2018-01-26 21:38:58', 66);
insert into segmentoVideo values(0, 2, '2018-11-01 06:07:28', 66);
insert into segmentoVideo values(1, 19, '2018-11-01 06:07:28', 66);
insert into segmentoVideo values(0, 21, '2017-11-14 11:58:28', 66);
insert into segmentoVideo values(0, 2, '2017-05-29 19:25:58', 66);
insert into segmentoVideo values(1, 19, '2017-05-29 19:25:58', 66);
insert into segmentoVideo values(0, 12, '2017-04-07 03:21:22', 67);
insert into segmentoVideo values(0, 14, '2016-08-21 00:32:31', 67);
insert into segmentoVideo values(0, 2, '2016-01-11 09:28:43', 67);
insert into segmentoVideo values(1, 9, '2016-01-11 09:28:43', 67);
insert into segmentoVideo values(0, 25, '2016-05-23 19:15:58', 68);
insert into segmentoVideo values(0, 2, '2017-03-15 21:40:29', 68);
insert into segmentoVideo values(1, 25, '2017-03-15 21:40:29', 68);
insert into segmentoVideo values(0, 2, '2018-07-29 16:43:55', 68);
insert into segmentoVideo values(1, 24, '2018-07-29 16:43:55', 68);
insert into segmentoVideo values(0, 2, '2016-09-23 17:11:40', 69);
insert into segmentoVideo values(1, 19, '2016-09-23 17:11:40', 69);
insert into segmentoVideo values(0, 2, '2018-11-06 20:48:02', 69);
insert into segmentoVideo values(1, 15, '2018-11-06 20:48:02', 69);
insert into segmentoVideo values(0, 2, '2017-10-06 04:10:32', 70);
insert into segmentoVideo values(1, 12, '2017-10-06 04:10:32', 70);
insert into segmentoVideo values(0, 2, '2018-06-30 14:35:02', 70);
insert into segmentoVideo values(1, 27, '2018-06-30 14:35:02', 70);
insert into segmentoVideo values(0, 2, '2016-08-16 19:28:25', 70);
insert into segmentoVideo values(1, 15, '2016-08-16 19:28:25', 70);
insert into segmentoVideo values(0, 2, '2018-03-07 01:59:54', 71);
insert into segmentoVideo values(1, 13, '2018-03-07 01:59:54', 71);
insert into segmentoVideo values(0, 10, '2018-05-18 20:39:48', 71);
insert into segmentoVideo values(0, 2, '2017-02-01 08:01:55', 72);
insert into segmentoVideo values(1, 10, '2017-02-01 08:01:55', 72);
insert into segmentoVideo values(0, 15, '2016-04-05 02:48:05', 72);
insert into segmentoVideo values(0, 2, '2017-10-23 15:16:26', 72);
insert into segmentoVideo values(1, 11, '2017-10-23 15:16:26', 72);
insert into segmentoVideo values(0, 2, '2017-01-25 22:44:22', 72);
insert into segmentoVideo values(1, 24, '2017-01-25 22:44:22', 72);
insert into segmentoVideo values(0, 2, '2018-02-28 05:14:22', 73);
insert into segmentoVideo values(1, 11, '2018-02-28 05:14:22', 73);
insert into segmentoVideo values(0, 14, '2018-10-31 16:24:14', 73);
insert into segmentoVideo values(0, 23, '2018-07-14 05:46:29', 74);
insert into segmentoVideo values(0, 30, '2018-01-01 16:09:34', 74);
insert into segmentoVideo values(0, 30, '2016-09-13 01:00:51', 74);
insert into segmentoVideo values(0, 29, '2018-01-28 17:16:28', 75);
insert into segmentoVideo values(0, 2, '2016-04-08 09:44:07', 75);
insert into segmentoVideo values(1, 21, '2016-04-08 09:44:07', 75);
insert into segmentoVideo values(0, 2, '2016-11-07 13:39:07', 75);
insert into segmentoVideo values(1, 11, '2016-11-07 13:39:07', 75);
insert into segmentoVideo values(0, 24, '2016-08-20 13:23:00', 75);
insert into segmentoVideo values(0, 2, '2016-09-29 19:08:07', 76);
insert into segmentoVideo values(1, 8, '2016-09-29 19:08:07', 76);
insert into segmentoVideo values(0, 23, '2016-05-07 07:05:41', 76);
insert into segmentoVideo values(0, 2, '2016-01-24 06:03:25', 76);
insert into segmentoVideo values(1, 25, '2016-01-24 06:03:25', 76);
insert into segmentoVideo values(0, 2, '2018-03-22 00:42:52', 77);
insert into segmentoVideo values(1, 17, '2018-03-22 00:42:52', 77);
insert into segmentoVideo values(0, 30, '2016-05-15 05:02:21', 77);
insert into segmentoVideo values(0, 2, '2017-03-18 02:21:38', 78);
insert into segmentoVideo values(1, 13, '2017-03-18 02:21:38', 78);
insert into segmentoVideo values(0, 30, '2016-07-02 01:00:30', 78);
insert into segmentoVideo values(0, 2, '2018-08-09 05:31:41', 78);
insert into segmentoVideo values(1, 22, '2018-08-09 05:31:41', 78);
insert into segmentoVideo values(0, 2, '2016-10-02 15:40:19', 79);
insert into segmentoVideo values(1, 27, '2016-10-02 15:40:19', 79);
insert into segmentoVideo values(0, 17, '2016-05-25 10:22:27', 79);
insert into segmentoVideo values(0, 2, '2017-02-27 03:47:35', 80);
insert into segmentoVideo values(1, 26, '2017-02-27 03:47:35', 80);
insert into segmentoVideo values(0, 2, '2017-06-28 02:14:25', 80);
insert into segmentoVideo values(1, 22, '2017-06-28 02:14:25', 80);
insert into segmentoVideo values(0, 26, '2017-06-14 21:23:24', 81);
insert into segmentoVideo values(0, 2, '2016-11-23 23:33:22', 81);
insert into segmentoVideo values(1, 27, '2016-11-23 23:33:22', 81);
insert into segmentoVideo values(0, 27, '2016-09-12 21:24:31', 81);
insert into segmentoVideo values(0, 14, '2016-11-27 21:00:45', 82);
insert into segmentoVideo values(0, 25, '2016-05-05 18:14:39', 82);
insert into segmentoVideo values(0, 2, '2017-12-20 21:18:32', 82);
insert into segmentoVideo values(1, 12, '2017-12-20 21:18:32', 82);
insert into segmentoVideo values(0, 2, '2016-04-12 07:57:26', 83);
insert into segmentoVideo values(1, 9, '2016-04-12 07:57:26', 83);
insert into segmentoVideo values(0, 17, '2018-08-07 07:18:14', 83);
insert into segmentoVideo values(0, 16, '2016-08-29 15:42:37', 84);
insert into segmentoVideo values(0, 21, '2017-07-09 06:45:31', 84);
insert into segmentoVideo values(0, 2, '2017-06-08 20:30:35', 85);
insert into segmentoVideo values(1, 8, '2017-06-08 20:30:35', 85);
insert into segmentoVideo values(0, 2, '2018-07-04 23:11:45', 85);
insert into segmentoVideo values(1, 24, '2018-07-04 23:11:45', 85);
insert into segmentoVideo values(0, 2, '2017-02-16 23:33:21', 85);
insert into segmentoVideo values(1, 18, '2017-02-16 23:33:21', 85);
insert into segmentoVideo values(0, 12, '2016-02-01 23:28:37', 86);
insert into segmentoVideo values(0, 10, '2016-05-23 00:34:42', 86);
insert into segmentoVideo values(0, 12, '2017-08-14 03:02:05', 86);
insert into segmentoVideo values(0, 13, '2017-05-07 03:09:41', 87);
insert into segmentoVideo values(0, 2, '2016-06-08 10:41:32', 87);
insert into segmentoVideo values(1, 21, '2016-06-08 10:41:32', 87);
insert into segmentoVideo values(0, 11, '2016-08-18 00:22:23', 87);
insert into segmentoVideo values(0, 16, '2017-11-18 23:34:24', 88);
insert into segmentoVideo values(0, 2, '2017-08-28 06:57:51', 88);
insert into segmentoVideo values(1, 20, '2017-08-28 06:57:51', 88);
insert into segmentoVideo values(0, 26, '2016-11-07 02:32:44', 88);
insert into segmentoVideo values(0, 2, '2017-01-29 02:31:28', 88);
insert into segmentoVideo values(1, 26, '2017-01-29 02:31:28', 88);
insert into segmentoVideo values(0, 2, '2018-10-03 21:31:30', 89);
insert into segmentoVideo values(1, 24, '2018-10-03 21:31:30', 89);
insert into segmentoVideo values(0, 24, '2016-03-16 11:03:45', 89);
insert into segmentoVideo values(0, 12, '2017-08-07 12:00:27', 89);
insert into segmentoVideo values(0, 19, '2016-12-22 20:11:39', 90);
insert into segmentoVideo values(0, 20, '2017-03-29 16:01:52', 90);
insert into segmentoVideo values(0, 11, '2016-11-29 16:04:27', 90);
insert into segmentoVideo values(0, 2, '2017-04-29 18:58:19', 91);
insert into segmentoVideo values(1, 15, '2017-04-29 18:58:19', 91);
insert into segmentoVideo values(0, 26, '2018-12-10 09:28:01', 91);
insert into segmentoVideo values(0, 2, '2016-02-25 23:05:25', 91);
insert into segmentoVideo values(1, 14, '2016-02-25 23:05:25', 91);
insert into segmentoVideo values(0, 2, '2017-12-17 07:10:00', 92);
insert into segmentoVideo values(1, 27, '2017-12-17 07:10:00', 92);
insert into segmentoVideo values(0, 22, '2018-09-26 23:03:14', 92);
insert into segmentoVideo values(0, 10, '2016-06-30 08:17:57', 92);
insert into segmentoVideo values(0, 20, '2017-11-04 07:15:16', 92);
insert into segmentoVideo values(0, 10, '2016-01-26 08:32:12', 93);
insert into segmentoVideo values(0, 2, '2016-02-25 04:11:17', 93);
insert into segmentoVideo values(1, 24, '2016-02-25 04:11:17', 93);
insert into segmentoVideo values(0, 16, '2017-01-10 11:04:26', 93);
insert into segmentoVideo values(0, 2, '2016-04-01 20:05:36', 93);
insert into segmentoVideo values(1, 18, '2016-04-01 20:05:36', 93);
insert into segmentoVideo values(0, 2, '2016-03-11 06:15:45', 94);
insert into segmentoVideo values(1, 16, '2016-03-11 06:15:45', 94);
insert into segmentoVideo values(0, 2, '2017-03-03 11:03:58', 94);
insert into segmentoVideo values(1, 13, '2017-03-03 11:03:58', 94);
insert into segmentoVideo values(0, 19, '2016-12-21 19:41:08', 95);
insert into segmentoVideo values(0, 26, '2016-08-03 00:03:23', 95);
insert into segmentoVideo values(0, 29, '2016-11-03 11:48:54', 95);
insert into segmentoVideo values(0, 2, '2017-08-26 00:14:55', 95);
insert into segmentoVideo values(1, 11, '2017-08-26 00:14:55', 95);
insert into segmentoVideo values(0, 14, '2017-05-23 22:35:16', 96);
insert into segmentoVideo values(0, 2, '2016-07-31 02:49:53', 96);
insert into segmentoVideo values(1, 10, '2016-07-31 02:49:53', 96);
insert into segmentoVideo values(0, 2, '2017-11-09 23:39:28', 97);
insert into segmentoVideo values(1, 22, '2017-11-09 23:39:28', 97);
insert into segmentoVideo values(0, 2, '2017-07-13 06:32:08', 97);
insert into segmentoVideo values(1, 17, '2017-07-13 06:32:08', 97);
insert into segmentoVideo values(0, 2, '2017-03-10 11:40:54', 97);
insert into segmentoVideo values(1, 10, '2017-03-10 11:40:54', 97);
insert into segmentoVideo values(0, 2, '2018-10-23 04:52:11', 98);
insert into segmentoVideo values(1, 8, '2018-10-23 04:52:11', 98);
insert into segmentoVideo values(0, 26, '2018-05-20 23:07:17', 98);
insert into segmentoVideo values(0, 22, '2018-08-10 04:32:32', 98);
insert into segmentoVideo values(0, 10, '2018-02-19 13:13:06', 99);
insert into segmentoVideo values(0, 30, '2017-03-05 02:14:16', 99);
insert into segmentoVideo values(0, 20, '2016-01-28 08:41:55', 100);
insert into segmentoVideo values(0, 29, '2018-03-31 05:50:40', 100);
insert into segmentoVideo values(0, 2, '2016-04-09 02:33:53', 100);
insert into segmentoVideo values(1, 13, '2016-04-09 02:33:53', 100);
insert into segmentoVideo values(0, 2, '2017-06-21 14:24:36', 101);
insert into segmentoVideo values(1, 8, '2017-06-21 14:24:36', 101);
insert into segmentoVideo values(0, 2, '2016-06-30 16:31:14', 101);
insert into segmentoVideo values(1, 9, '2016-06-30 16:31:14', 101);



insert into local values('Portimo');
insert into local values('Vila Real');
insert into local values('Bragana');
insert into local values('Viana do Castelo');
insert into local values('Alcobaa');
insert into local values('Sintra');
insert into local values('Funchal');
insert into local values('Portalegre');
insert into local values('Aveiro');
insert into local values('Almada');
insert into local values('Barreiro');
insert into local values('Cartaxo');
insert into local values('Elvas');
insert into local values('Chaves');
insert into local values('Ftima');
insert into local values('Espinho');
insert into local values('Guarda');
insert into local values('Gouveia');
insert into local values('Fundo');
insert into local values('Leiria');
insert into local values('Maia');
insert into local values('Loures');
insert into local values('Moura');
insert into local values('Mirandela');
insert into local values('Penafiel');
insert into local values('Pinhel');
insert into local values('Praia da Vitria');
insert into local values('Queluz');
insert into local values('Ribeira Grande');
insert into local values('Santana');
insert into local values('Santa Cruz');
insert into local values('Seia');
insert into local values('So Pedro do Sul');
insert into local values('Tomar');
insert into local values('Tavira');
insert into local values('Trancoso');
insert into local values('Trofa');
insert into local values('Lisboa');
insert into local values('Porto');
insert into local values('Braga');
insert into local values('Coimbra');
insert into local values('Amadora');
insert into local values('Vila Nova de Gaia');
insert into local values('Setbal');
insert into local values('Beja');
insert into local values('vora');
insert into local values('Faro');
insert into local values('Sines');
insert into local values('Monchique');
insert into local values('Viseu');
insert into local values('Montijo');
insert into local values('Alcochete');
insert into local values('Oliveira do Hospital');
insert into local values('Albufeira');
insert into local values('Olho');
insert into local values('Redondo');
insert into local values('Vila das Aves');
insert into local values('Abrantes');
insert into local values('gueda');
insert into local values('Alccer do Sal');
insert into local values('Alfena');
insert into local values('Costa da Caparica');
insert into local values('Esmoriz');
insert into local values('Estarreja');
insert into local values('Fafe');
insert into local values('Santo Andr');
insert into local values('Felgueiras');
insert into local values('Gondomar');
insert into local values('Nazar');
insert into local values('Horta');
insert into local values('Lagoa');
insert into local values('Lagos');
insert into local values('Sagres');
insert into local values('Loul');
insert into local values('Castro Daire');
insert into local values('Marco de Canavezes');
insert into local values('Montemor-o-Novo');
insert into local values('Ovar');
insert into local values('Peniche');
insert into local values('Ericeira');
insert into local values('Pombal');
insert into local values('Cascais');
insert into local values('Rio Maior');
insert into local values('Sabugal');
insert into local values('Santo Tirso');
insert into local values('Seixal');
insert into local values('Silves');
insert into local values('Tondela');
insert into local values('Valongo');
insert into local values('Vizela');
insert into local values('lhavo');
insert into local values('Lamego');
insert into local values('Lixa');
insert into local values('Lourosa');
insert into local values('Macedo de Cavaleiros');
insert into local values('Machico');
insert into local values('Mes');
insert into local values('Alvor');
insert into local values('Arcozelo');
insert into local values('Coina');
insert into local values('Marzovelos');
insert into local values('Pvoa de Varzim');



insert into vigia values('Marzovelos', 0);
insert into vigia values('Monchique', 1);
insert into vigia values('Viana do Castelo', 2);
insert into vigia values('Lagos', 3);
insert into vigia values('Aveiro', 4);
insert into vigia values('Beja', 5);
insert into vigia values('Seixal', 6);
insert into vigia values('Tondela', 7);
insert into vigia values('Barreiro', 8);
insert into vigia values('Mes', 9);
insert into vigia values('Tondela', 10);
insert into vigia values('Marzovelos', 11);
insert into vigia values('Redondo', 12);
insert into vigia values('Seixal', 13);
insert into vigia values('Portalegre', 14);
insert into vigia values('Costa da Caparica', 15);
insert into vigia values('Pvoa de Varzim', 16);
insert into vigia values('Pinhel', 17);
insert into vigia values('Leiria', 18);
insert into vigia values('Braga', 19);
insert into vigia values('Funchal', 20);
insert into vigia values('Ribeira Grande', 21);
insert into vigia values('Coina', 22);
insert into vigia values('Ftima', 23);
insert into vigia values('Oliveira do Hospital', 24);
insert into vigia values('So Pedro do Sul', 25);
insert into vigia values('So Pedro do Sul', 26);
insert into vigia values('Sintra', 27);
insert into vigia values('Porto', 28);
insert into vigia values('Marzovelos', 29);
insert into vigia values('Alvor', 30);
insert into vigia values('Abrantes', 31);
insert into vigia values('Queluz', 32);
insert into vigia values('Lagos', 33);
insert into vigia values('Arcozelo', 34);
insert into vigia values('gueda', 35);
insert into vigia values('Monchique', 36);
insert into vigia values('Machico', 37);
insert into vigia values('Beja', 38);
insert into vigia values('Fundo', 39);
insert into vigia values('Montijo', 40);
insert into vigia values('Tavira', 41);
insert into vigia values('Marzovelos', 42);
insert into vigia values('Marco de Canavezes', 43);
insert into vigia values('Trancoso', 44);
insert into vigia values('Leiria', 45);
insert into vigia values('Mes', 46);
insert into vigia values('Alfena', 47);
insert into vigia values('Loul', 48);
insert into vigia values('Gouveia', 49);
insert into vigia values('Rio Maior', 50);
insert into vigia values('Albufeira', 51);
insert into vigia values('So Pedro do Sul', 52);
insert into vigia values('Loures', 53);
insert into vigia values('Tondela', 54);
insert into vigia values('Santana', 55);
insert into vigia values('Ftima', 56);
insert into vigia values('Horta', 57);
insert into vigia values('Almada', 58);
insert into vigia values('Peniche', 59);
insert into vigia values('Tavira', 60);
insert into vigia values('Setbal', 61);
insert into vigia values('Montemor-o-Novo', 62);
insert into vigia values('Vila das Aves', 63);
insert into vigia values('Pinhel', 64);
insert into vigia values('Braga', 65);
insert into vigia values('Alcobaa', 66);
insert into vigia values('Barreiro', 67);
insert into vigia values('Valongo', 68);
insert into vigia values('Cartaxo', 69);
insert into vigia values('Vila Real', 70);
insert into vigia values('Horta', 71);
insert into vigia values('Trofa', 72);
insert into vigia values('Peniche', 73);
insert into vigia values('Sabugal', 74);
insert into vigia values('Sintra', 75);
insert into vigia values('Horta', 76);
insert into vigia values('Viseu', 77);
insert into vigia values('Loul', 78);
insert into vigia values('Barreiro', 79);
insert into vigia values('Ribeira Grande', 80);
insert into vigia values('Tomar', 81);
insert into vigia values('Arcozelo', 82);
insert into vigia values('Nazar', 83);
insert into vigia values('Loul', 84);
insert into vigia values('Vizela', 85);
insert into vigia values('Viseu', 86);
insert into vigia values('Pombal', 87);
insert into vigia values('Viana do Castelo', 88);
insert into vigia values('Peniche', 89);
insert into vigia values('Coina', 90);
insert into vigia values('Alfena', 91);
insert into vigia values('Bragana', 92);
insert into vigia values('Silves', 93);
insert into vigia values('Coina', 94);
insert into vigia values('Ericeira', 95);
insert into vigia values('Nazar', 96);
insert into vigia values('Santo Tirso', 97);
insert into vigia values('Castro Daire', 98);
insert into vigia values('Ftima', 99);
insert into vigia values('Trofa', 100);
insert into vigia values('Porto', 101);



insert into processoSocorro values(0);
insert into processoSocorro values(1);
insert into processoSocorro values(2);
insert into processoSocorro values(3);
insert into processoSocorro values(4);
insert into processoSocorro values(5);
insert into processoSocorro values(6);
insert into processoSocorro values(7);
insert into processoSocorro values(8);
insert into processoSocorro values(9);
insert into processoSocorro values(10);
insert into processoSocorro values(11);
insert into processoSocorro values(12);
insert into processoSocorro values(13);
insert into processoSocorro values(14);
insert into processoSocorro values(15);
insert into processoSocorro values(16);
insert into processoSocorro values(17);
insert into processoSocorro values(18);
insert into processoSocorro values(19);
insert into processoSocorro values(20);
insert into processoSocorro values(21);
insert into processoSocorro values(22);
insert into processoSocorro values(23);
insert into processoSocorro values(24);
insert into processoSocorro values(25);
insert into processoSocorro values(26);
insert into processoSocorro values(27);
insert into processoSocorro values(28);
insert into processoSocorro values(29);
insert into processoSocorro values(30);
insert into processoSocorro values(31);
insert into processoSocorro values(32);
insert into processoSocorro values(33);
insert into processoSocorro values(34);
insert into processoSocorro values(35);
insert into processoSocorro values(36);
insert into processoSocorro values(37);
insert into processoSocorro values(38);
insert into processoSocorro values(39);
insert into processoSocorro values(40);
insert into processoSocorro values(41);
insert into processoSocorro values(42);
insert into processoSocorro values(43);
insert into processoSocorro values(44);
insert into processoSocorro values(45);
insert into processoSocorro values(46);
insert into processoSocorro values(47);
insert into processoSocorro values(48);
insert into processoSocorro values(49);
insert into processoSocorro values(50);
insert into processoSocorro values(51);
insert into processoSocorro values(52);
insert into processoSocorro values(53);
insert into processoSocorro values(54);
insert into processoSocorro values(55);
insert into processoSocorro values(56);
insert into processoSocorro values(57);
insert into processoSocorro values(58);
insert into processoSocorro values(59);
insert into processoSocorro values(60);
insert into processoSocorro values(61);
insert into processoSocorro values(62);
insert into processoSocorro values(63);
insert into processoSocorro values(64);
insert into processoSocorro values(65);
insert into processoSocorro values(66);
insert into processoSocorro values(67);
insert into processoSocorro values(68);
insert into processoSocorro values(69);
insert into processoSocorro values(70);
insert into processoSocorro values(71);
insert into processoSocorro values(72);
insert into processoSocorro values(73);
insert into processoSocorro values(74);
insert into processoSocorro values(75);
insert into processoSocorro values(76);
insert into processoSocorro values(77);
insert into processoSocorro values(78);
insert into processoSocorro values(79);
insert into processoSocorro values(80);
insert into processoSocorro values(81);
insert into processoSocorro values(82);
insert into processoSocorro values(83);
insert into processoSocorro values(84);
insert into processoSocorro values(85);
insert into processoSocorro values(86);
insert into processoSocorro values(87);
insert into processoSocorro values(88);
insert into processoSocorro values(89);
insert into processoSocorro values(90);
insert into processoSocorro values(91);
insert into processoSocorro values(92);
insert into processoSocorro values(93);
insert into processoSocorro values(94);
insert into processoSocorro values(95);
insert into processoSocorro values(96);
insert into processoSocorro values(97);
insert into processoSocorro values(98);
insert into processoSocorro values(99);
insert into processoSocorro values(100);
insert into processoSocorro values(101);



insert into eventoEmergencia values(960000000, '2016-07-19 05:26:20', 'Ana', 'Rio Maior', 0);
insert into eventoEmergencia values(960000001, '2016-10-04 20:42:32', 'Simo', 'lhavo', 1);
insert into eventoEmergencia values(960000002, '2018-05-23 14:50:07', 'Bruno Fernandes', 'Beja', 2);
insert into eventoEmergencia values(960000003, '2018-07-17 02:59:36', 'Joo', 'Mirandela', 3);
insert into eventoEmergencia values(960000004, '2018-08-15 07:33:50', 'Madalena', 'Ericeira', 4);
insert into eventoEmergencia values(960000005, '2016-08-05 08:06:53', 'Simo', 'Trancoso', 5);
insert into eventoEmergencia values(960000006, '2016-10-13 07:30:23', 'Miguel', 'Pinhel', 6);
insert into eventoEmergencia values(960000007, '2018-01-25 09:55:25', 'der', 'Cartaxo', 7);
insert into eventoEmergencia values(960000008, '2018-07-07 03:34:42', 'Bruno Fernandes', 'Horta', 8);
insert into eventoEmergencia values(960000009, '2018-05-30 11:04:47', 'Catarina', 'Lixa', 9);
insert into eventoEmergencia values(960000010, '2017-04-13 07:48:09', 'Toms', 'Arcozelo', 10);
insert into eventoEmergencia values(960000011, '2016-07-19 15:34:32', 'Carolina', 'Amadora', 11);
insert into eventoEmergencia values(960000012, '2017-04-02 01:43:45', 'Rita', 'Oliveira do Hospital', 12);
insert into eventoEmergencia values(960000013, '2017-06-14 15:23:47', 'Miguel', 'Ribeira Grande', 13);
insert into eventoEmergencia values(960000014, '2016-02-03 19:31:09', 'Joana', 'Peniche', 14);
insert into eventoEmergencia values(960000015, '2017-01-29 10:21:16', 'Cames', 'Faro', 15);
insert into eventoEmergencia values(960000016, '2017-08-09 00:31:23', 'Cames', 'Vila Real', 16);
insert into eventoEmergencia values(960000017, '2016-11-04 17:14:36', 'Joo', 'Redondo', 17);
insert into eventoEmergencia values(960000018, '2017-05-08 13:40:41', 'Lus', 'Queluz', 18);
insert into eventoEmergencia values(960000019, '2017-08-07 14:17:35', 'Margarida', 'Ftima', 19);
insert into eventoEmergencia values(960000020, '2017-10-03 01:19:52', 'Cames', 'Cartaxo', 20);
insert into eventoEmergencia values(960000021, '2018-11-05 01:32:22', 'Joo', 'Coina', 21);
insert into eventoEmergencia values(960000022, '2018-03-16 19:16:09', 'Simo', 'vora', 22);
insert into eventoEmergencia values(960000023, '2016-12-30 16:39:42', 'der', 'Sabugal', 23);
insert into eventoEmergencia values(960000024, '2018-04-17 13:20:27', 'Cames', 'Porto', 24);
insert into eventoEmergencia values(960000025, '2016-06-10 05:55:29', 'Joo', 'gueda', 25);
insert into eventoEmergencia values(960000026, '2018-12-22 23:00:04', 'Rita', 'Coina', 26);
insert into eventoEmergencia values(960000027, '2018-10-23 23:48:38', 'Bruno Fernandes', 'Mirandela', 27);
insert into eventoEmergencia values(960000028, '2017-07-31 07:01:01', 'Sancidino', 'Pinhel', 28);
insert into eventoEmergencia values(960000029, '2016-04-20 09:02:52', 'Sancidino', 'Viana do Castelo', 29);
insert into eventoEmergencia values(960000030, '2018-06-29 21:25:09', 'Cames', 'Ribeira Grande', 30);
insert into eventoEmergencia values(960000031, '2016-09-26 03:58:08', 'Simo', 'Alcochete', 31);
insert into eventoEmergencia values(960000032, '2018-11-05 10:16:04', 'Joo', 'lhavo', 32);
insert into eventoEmergencia values(960000033, '2016-12-14 15:12:54', 'Ricardo', 'vora', 33);
insert into eventoEmergencia values(960000034, '2018-02-08 01:34:10', 'Sancidino', 'Valongo', 34);
insert into eventoEmergencia values(960000035, '2018-01-27 21:25:21', 'Lus', 'Trancoso', 35);
insert into eventoEmergencia values(960000036, '2016-11-13 15:25:10', 'Lus', 'Trofa', 36);
insert into eventoEmergencia values(960000037, '2017-06-25 12:21:23', 'Simo', 'Pinhel', 37);
insert into eventoEmergencia values(960000038, '2016-01-28 10:14:57', 'Pedro', 'Nazar', 38);
insert into eventoEmergencia values(960000039, '2017-04-15 19:31:19', 'Simo', 'Elvas', 39);
insert into eventoEmergencia values(960000040, '2017-01-26 13:42:01', 'Ana', 'Aveiro', 40);
insert into eventoEmergencia values(960000041, '2017-12-09 21:52:21', 'Joana', 'So Pedro do Sul', 41);
insert into eventoEmergencia values(960000042, '2017-07-31 16:17:56', 'Toms', 'Alfena', 42);
insert into eventoEmergencia values(960000043, '2018-01-29 20:25:41', 'Maria', 'Monchique', 43);
insert into eventoEmergencia values(960000044, '2018-07-31 09:05:15', 'Bruno Fernandes', 'Silves', 44);
insert into eventoEmergencia values(960000045, '2017-10-24 08:50:46', 'Cames', 'Ericeira', 45);
insert into eventoEmergencia values(960000046, '2016-06-30 03:29:37', 'Lus', 'Loul', 46);
insert into eventoEmergencia values(960000047, '2016-08-25 08:20:47', 'Sancidino', 'Fundo', 47);
insert into eventoEmergencia values(960000048, '2018-09-12 16:52:54', 'Carolina', 'Funchal', 48);
insert into eventoEmergencia values(960000049, '2017-01-14 19:24:44', 'Ricardo', 'Sintra', 49);
insert into eventoEmergencia values(960000050, '2017-09-24 08:57:38', 'Bruno Fernandes', 'Sabugal', 50);
insert into eventoEmergencia values(960000051, '2017-04-15 21:22:28', 'Jonas', 'Beja', 51);
insert into eventoEmergencia values(960000052, '2016-02-08 20:50:51', 'Bruno Fernandes', 'Aveiro', 52);
insert into eventoEmergencia values(960000053, '2018-07-26 13:38:09', 'Simo', 'Marco de Canavezes', 53);
insert into eventoEmergencia values(960000054, '2017-08-04 12:37:39', 'Marega', 'Trofa', 54);
insert into eventoEmergencia values(960000055, '2018-08-15 12:55:27', 'Pedro', 'Alcobaa', 55);
insert into eventoEmergencia values(960000056, '2017-05-16 02:59:52', 'Cristiano Ronaldo', 'Lamego', 56);
insert into eventoEmergencia values(960000057, '2016-08-28 07:57:04', 'Jonas', 'Vila Real', 57);
insert into eventoEmergencia values(960000058, '2017-07-19 15:27:39', 'Joana', 'Pinhel', 58);
insert into eventoEmergencia values(960000059, '2017-05-07 09:48:28', 'Bruno Fernandes', 'Coina', 59);
insert into eventoEmergencia values(960000060, '2016-12-13 23:29:03', 'Joo', 'Ovar', 60);
insert into eventoEmergencia values(960000061, '2016-09-10 13:43:25', 'Miguel', 'Loul', 61);
insert into eventoEmergencia values(960000062, '2017-12-15 23:41:39', 'der', 'Horta', 62);
insert into eventoEmergencia values(960000063, '2017-01-04 08:19:33', 'Miguel', 'Gondomar', 63);
insert into eventoEmergencia values(960000064, '2018-09-17 00:08:36', 'Bruno Fernandes', 'Lourosa', 64);
insert into eventoEmergencia values(960000065, '2017-12-16 14:29:33', 'Margarida', 'Ovar', 65);
insert into eventoEmergencia values(960000066, '2018-02-13 06:23:24', 'Marega', 'Seia', 66);
insert into eventoEmergencia values(960000067, '2016-08-25 23:58:58', 'Carolina', 'Estarreja', 67);
insert into eventoEmergencia values(960000068, '2018-02-27 21:01:42', 'Rita', 'Estarreja', 68);
insert into eventoEmergencia values(960000069, '2017-01-27 14:23:01', 'Catarina', 'Tondela', 69);
insert into eventoEmergencia values(960000070, '2016-09-16 01:31:45', 'Rita', 'Cascais', 70);
insert into eventoEmergencia values(960000071, '2016-04-25 00:27:30', 'Pedro', 'Coina', 71);
insert into eventoEmergencia values(960000072, '2018-09-03 09:18:52', 'Simo', 'Santana', 72);
insert into eventoEmergencia values(960000073, '2017-11-11 14:54:51', 'Sancidino', 'Alccer do Sal', 73);
insert into eventoEmergencia values(960000074, '2016-01-28 23:49:16', 'Toms', 'Seia', 74);
insert into eventoEmergencia values(960000075, '2018-08-15 00:01:32', 'Sancidino', 'Fundo', 75);
insert into eventoEmergencia values(960000076, '2018-07-29 11:15:46', 'Joo', 'Abrantes', 76);
insert into eventoEmergencia values(960000077, '2018-01-06 12:13:07', 'Simo', 'Peniche', 77);
insert into eventoEmergencia values(960000078, '2017-04-22 14:11:18', 'Ana', 'Funchal', 78);
insert into eventoEmergencia values(960000079, '2017-10-08 05:20:55', 'der', 'gueda', 79);
insert into eventoEmergencia values(960000080, '2016-04-13 17:57:23', 'Madalena', 'Montijo', 80);
insert into eventoEmergencia values(960000081, '2017-02-21 07:23:22', 'Joo', 'Lagoa', 81);
insert into eventoEmergencia values(960000082, '2016-07-22 01:19:33', 'Ricardo', 'Albufeira', 82);
insert into eventoEmergencia values(960000083, '2017-03-04 12:39:31', 'Miguel', 'Braga', 83);
insert into eventoEmergencia values(960000084, '2018-01-12 05:19:33', 'Madalena', 'Arcozelo', 84);
insert into eventoEmergencia values(960000085, '2018-09-02 08:26:18', 'Cames', 'Sagres', 85);
insert into eventoEmergencia values(960000086, '2018-03-21 20:37:06', 'Carolina', 'Santa Cruz', 86);
insert into eventoEmergencia values(960000087, '2018-03-01 00:48:46', 'Jonas', 'Ftima', 87);
insert into eventoEmergencia values(960000088, '2017-06-12 17:04:48', 'Joo', 'Marco de Canavezes', 88);
insert into eventoEmergencia values(960000089, '2017-10-15 21:46:19', 'Rita', 'Almada', 89);
insert into eventoEmergencia values(960000090, '2016-08-06 03:31:34', 'Toms', 'Castro Daire', 90);
insert into eventoEmergencia values(960000091, '2018-03-20 15:50:56', 'Jonas', 'Cascais', 91);
insert into eventoEmergencia values(960000092, '2017-01-08 03:38:48', 'Maria', 'Alfena', 92);
insert into eventoEmergencia values(960000093, '2017-08-15 18:09:54', 'Pedro', 'Costa da Caparica', 93);
insert into eventoEmergencia values(960000094, '2017-05-06 10:28:30', 'Miguel', 'Loul', 94);
insert into eventoEmergencia values(960000095, '2017-09-03 19:59:34', 'Rita', 'Alccer do Sal', 95);
insert into eventoEmergencia values(960000096, '2016-07-15 07:10:38', 'Rita', 'Sabugal', 96);
insert into eventoEmergencia values(960000097, '2016-07-15 13:11:16', 'Toms', 'Alccer do Sal', 97);
insert into eventoEmergencia values(960000098, '2017-10-29 06:29:06', 'Madalena', 'Oliveira do Hospital', 98);
insert into eventoEmergencia values(960000099, '2018-11-29 09:12:29', 'Lus', 'Rio Maior', 99);
insert into eventoEmergencia values(960000100, '2016-03-29 23:25:56', 'Joana', 'Coina', 100);
insert into eventoEmergencia values(960000101, '2016-09-08 13:32:54', 'Lus', 'Redondo', 101);
insert into eventoEmergencia values(960000102, '2017-05-03 01:05:45', 'Cristiano Ronaldo', 'Lagoa', 0);
insert into eventoEmergencia values(960000103, '2016-06-13 22:21:19', 'Jonas', 'Loul', 1);
insert into eventoEmergencia values(960000104, '2016-04-28 23:56:32', 'Joo', 'Alccer do Sal', 2);
insert into eventoEmergencia values(960000105, '2018-01-01 09:15:46', 'Cames', 'Sagres', 3);
insert into eventoEmergencia values(960000106, '2018-11-13 03:13:56', 'Pedro', 'Seixal', 4);
insert into eventoEmergencia values(960000107, '2016-05-08 16:38:14', 'Joana', 'Santo Tirso', 5);
insert into eventoEmergencia values(960000108, '2017-06-05 19:01:36', 'Cames', 'Loul', 6);
insert into eventoEmergencia values(960000109, '2017-10-11 07:01:05', 'Maria', 'Nazar', 7);
insert into eventoEmergencia values(960000110, '2018-03-30 13:34:00', 'Joo', 'Viseu', 8);
insert into eventoEmergencia values(960000111, '2017-02-25 20:42:25', 'Cristiano Ronaldo', 'Alvor', 9);
insert into eventoEmergencia values(960000112, '2016-06-25 16:01:01', 'Sancidino', 'Braga', 10);
insert into eventoEmergencia values(960000113, '2018-10-27 09:44:01', 'Jonas', 'So Pedro do Sul', 11);
insert into eventoEmergencia values(960000114, '2016-11-07 23:12:03', 'Toms', 'Penafiel', 12);
insert into eventoEmergencia values(960000115, '2018-01-02 21:16:43', 'Margarida', 'Cascais', 13);
insert into eventoEmergencia values(960000116, '2016-07-21 02:11:55', 'Rita', 'Viana do Castelo', 14);
insert into eventoEmergencia values(960000117, '2017-03-11 05:09:11', 'Jonas', 'Setbal', 15);
insert into eventoEmergencia values(960000118, '2018-08-23 07:58:57', 'Ricardo', 'Portimo', 16);
insert into eventoEmergencia values(960000119, '2016-06-24 06:30:53', 'Joo', 'Alvor', 17);
insert into eventoEmergencia values(960000120, '2018-01-26 20:56:07', 'Miguel', 'Santo Andr', 18);
insert into eventoEmergencia values(960000121, '2016-10-06 12:02:11', 'Ana', 'Montemor-o-Novo', 19);
insert into eventoEmergencia values(960000122, '2017-03-04 13:54:50', 'Lus', 'Machico', 20);
insert into eventoEmergencia values(960000123, '2016-04-16 13:56:44', 'Toms', 'Portimo', 21);
insert into eventoEmergencia values(960000124, '2016-05-29 00:58:27', 'Simo', 'Monchique', 22);
insert into eventoEmergencia values(960000125, '2018-11-30 11:57:09', 'Cames', 'Horta', 23);
insert into eventoEmergencia values(960000126, '2016-12-24 21:23:13', 'Ricardo', 'Lamego', 24);
insert into eventoEmergencia values(960000127, '2018-10-29 02:14:34', 'der', 'Horta', 25);
insert into eventoEmergencia values(960000128, '2018-04-15 12:15:58', 'Rita', 'Sines', 26);
insert into eventoEmergencia values(960000129, '2016-04-09 10:08:30', 'Joana', 'Barreiro', 27);
insert into eventoEmergencia values(960000130, '2018-07-21 13:47:55', 'Simo', 'Pombal', 28);
insert into eventoEmergencia values(960000131, '2017-04-18 00:45:04', 'Jonas', 'Sintra', 29);
insert into eventoEmergencia values(960000132, '2016-06-27 06:56:49', 'Catarina', 'Alvor', 30);
insert into eventoEmergencia values(960000133, '2018-05-11 08:21:59', 'Catarina', 'Portalegre', 31);
insert into eventoEmergencia values(960000134, '2016-07-30 22:39:50', 'Sancidino', 'Funchal', 32);
insert into eventoEmergencia values(960000135, '2018-05-10 15:13:43', 'Lus', 'Braga', 33);
insert into eventoEmergencia values(960000136, '2017-12-29 11:06:45', 'Joo', 'Alcochete', 34);
insert into eventoEmergencia values(960000137, '2016-11-11 05:53:18', 'Jonas', 'Castro Daire', 35);
insert into eventoEmergencia values(960000138, '2016-01-16 05:08:28', 'Cames', 'Mes', 36);
insert into eventoEmergencia values(960000139, '2017-03-04 12:16:20', 'Toms', 'Abrantes', 37);
insert into eventoEmergencia values(960000140, '2017-09-12 17:02:38', 'Carolina', 'Alvor', 38);
insert into eventoEmergencia values(960000141, '2016-11-29 18:37:49', 'der', 'Castro Daire', 39);
insert into eventoEmergencia values(960000142, '2017-10-01 00:52:30', 'Joo', 'Estarreja', 40);
insert into eventoEmergencia values(960000143, '2016-08-30 03:46:55', 'Toms', 'Lagos', 41);
insert into eventoEmergencia values(960000144, '2018-10-20 12:27:35', 'der', 'Portalegre', 42);
insert into eventoEmergencia values(960000145, '2018-05-05 00:53:32', 'Madalena', 'Oliveira do Hospital', 43);
insert into eventoEmergencia values(960000146, '2017-09-17 05:05:36', 'Miguel', 'Alvor', 44);
insert into eventoEmergencia values(960000147, '2016-08-05 01:45:04', 'Marega', 'Fundo', 45);
insert into eventoEmergencia values(960000148, '2018-06-04 17:19:12', 'Margarida', 'Lamego', 46);
insert into eventoEmergencia values(960000149, '2016-03-17 17:55:49', 'Catarina', 'Trancoso', 47);



insert into entidadeMeio values('Junta de Freguesia de Esmoriz');
insert into entidadeMeio values('Junta de Freguesia de Montemor-o-Novo');
insert into entidadeMeio values('Junta de Freguesia de Marzovelos');
insert into entidadeMeio values('Bombeiros de Montijo');
insert into entidadeMeio values('Polcia de Vila Real');
insert into entidadeMeio values('Bombeiros de Almada');
insert into entidadeMeio values('Junta de Freguesia de So Pedro do Sul');
insert into entidadeMeio values('Bombeiros de Aveiro');
insert into entidadeMeio values('Polcia de Penafiel');
insert into entidadeMeio values('Bombeiros de Espinho');
insert into entidadeMeio values('Bombeiros de Sabugal');
insert into entidadeMeio values('Junta de Freguesia de Gouveia');
insert into entidadeMeio values('Polcia de Monchique');
insert into entidadeMeio values('Polcia de Leiria');
insert into entidadeMeio values('Bombeiros de Horta');
insert into entidadeMeio values('Polcia de Mirandela');
insert into entidadeMeio values('Junta de Freguesia de Loures');
insert into entidadeMeio values('Junta de Freguesia de Silves');
insert into entidadeMeio values('Polcia de Albufeira');
insert into entidadeMeio values('Polcia de Portalegre');
insert into entidadeMeio values('Polcia de Barreiro');
insert into entidadeMeio values('Bombeiros de Faro');
insert into entidadeMeio values('Bombeiros de Ribeira Grande');
insert into entidadeMeio values('Polcia de Loul');
insert into entidadeMeio values('Junta de Freguesia de Santa Cruz');
insert into entidadeMeio values('Bombeiros de Funchal');
insert into entidadeMeio values('Bombeiros de Braga');
insert into entidadeMeio values('Junta de Freguesia de Praia da Vitria');
insert into entidadeMeio values('Polcia de Faro');
insert into entidadeMeio values('Polcia de Silves');
insert into entidadeMeio values('Polcia de Tondela');
insert into entidadeMeio values('Junta de Freguesia de Lagoa');
insert into entidadeMeio values('Polcia de Loures');
insert into entidadeMeio values('Polcia de Alcobaa');
insert into entidadeMeio values('Junta de Freguesia de Alfena');
insert into entidadeMeio values('Junta de Freguesia de Horta');
insert into entidadeMeio values('Junta de Freguesia de gueda');
insert into entidadeMeio values('Bombeiros de Esmoriz');
insert into entidadeMeio values('Junta de Freguesia de Penafiel');
insert into entidadeMeio values('Junta de Freguesia de Ovar');
insert into entidadeMeio values('Junta de Freguesia de Rio Maior');
insert into entidadeMeio values('Junta de Freguesia de Valongo');
insert into entidadeMeio values('Bombeiros de Barreiro');
insert into entidadeMeio values('Polcia de Santa Cruz');
insert into entidadeMeio values('Junta de Freguesia de Vila Nova de Gaia');
insert into entidadeMeio values('Polcia de Porto');
insert into entidadeMeio values('Junta de Freguesia de Alccer do Sal');
insert into entidadeMeio values('Bombeiros de Cascais');
insert into entidadeMeio values('Junta de Freguesia de Oliveira do Hospital');
insert into entidadeMeio values('Polcia de Espinho');
insert into entidadeMeio values('Junta de Freguesia de Faro');
insert into entidadeMeio values('Polcia de Sabugal');
insert into entidadeMeio values('Junta de Freguesia de Elvas');
insert into entidadeMeio values('Bombeiros de Portalegre');
insert into entidadeMeio values('Bombeiros de Mes');
insert into entidadeMeio values('Bombeiros de Sagres');
insert into entidadeMeio values('Bombeiros de Maia');
insert into entidadeMeio values('Polcia de Pombal');
insert into entidadeMeio values('Polcia de Olho');
insert into entidadeMeio values('Polcia de Sines');
insert into entidadeMeio values('Polcia de Queluz');
insert into entidadeMeio values('Polcia de Horta');
insert into entidadeMeio values('Junta de Freguesia de Viseu');
insert into entidadeMeio values('Junta de Freguesia de Leiria');
insert into entidadeMeio values('Polcia de Marco de Canavezes');
insert into entidadeMeio values('Bombeiros de Mirandela');
insert into entidadeMeio values('Bombeiros de Leiria');
insert into entidadeMeio values('Junta de Freguesia de Lamego');
insert into entidadeMeio values('Bombeiros de Alvor');
insert into entidadeMeio values('Junta de Freguesia de Gondomar');
insert into entidadeMeio values('Polcia de Guarda');
insert into entidadeMeio values('Polcia de Castro Daire');
insert into entidadeMeio values('Bombeiros de Macedo de Cavaleiros');
insert into entidadeMeio values('Junta de Freguesia de Pvoa de Varzim');
insert into entidadeMeio values('Polcia de Trofa');
insert into entidadeMeio values('Polcia de Pvoa de Varzim');
insert into entidadeMeio values('Polcia de Abrantes');
insert into entidadeMeio values('Bombeiros de Ovar');
insert into entidadeMeio values('Bombeiros de Olho');
insert into entidadeMeio values('Junta de Freguesia de Machico');
insert into entidadeMeio values('Bombeiros de Trancoso');
insert into entidadeMeio values('Polcia de Lixa');
insert into entidadeMeio values('Bombeiros de Vila das Aves');
insert into entidadeMeio values('Bombeiros de Gondomar');
insert into entidadeMeio values('Bombeiros de Felgueiras');
insert into entidadeMeio values('Junta de Freguesia de Seixal');
insert into entidadeMeio values('Bombeiros de Elvas');
insert into entidadeMeio values('Polcia de Lagoa');
insert into entidadeMeio values('Junta de Freguesia de Santo Tirso');
insert into entidadeMeio values('Junta de Freguesia de Aveiro');
insert into entidadeMeio values('Junta de Freguesia de Lixa');
insert into entidadeMeio values('Polcia de Ftima');
insert into entidadeMeio values('Junta de Freguesia de Santo Andr');
insert into entidadeMeio values('Junta de Freguesia de Costa da Caparica');
insert into entidadeMeio values('Polcia de Beja');
insert into entidadeMeio values('Bombeiros de Pombal');
insert into entidadeMeio values('Junta de Freguesia de Alcochete');
insert into entidadeMeio values('Bombeiros de Porto');
insert into entidadeMeio values('Bombeiros de Santa Cruz');
insert into entidadeMeio values('Junta de Freguesia de Chaves');
insert into entidadeMeio values('Polcia de Valongo');
insert into entidadeMeio values('Bombeiros de Abrantes');



insert into meio values(0, 'Helicptero', 'Junta de Freguesia de Esmoriz');
insert into meio values(1, 'Helicptero', 'Junta de Freguesia de Esmoriz');
insert into meio values(2, 'Camio', 'Junta de Freguesia de Esmoriz');
insert into meio values(3, 'Carrinha', 'Junta de Freguesia de Esmoriz');
insert into meio values(4, 'Camio', 'Junta de Freguesia de Esmoriz');
insert into meio values(0, 'Camio', 'Junta de Freguesia de Montemor-o-Novo');
insert into meio values(1, 'Carrinha', 'Junta de Freguesia de Montemor-o-Novo');
insert into meio values(2, 'Carrinha', 'Junta de Freguesia de Montemor-o-Novo');
insert into meio values(3, 'Ambulncia', 'Junta de Freguesia de Montemor-o-Novo');
insert into meio values(4, 'Ambulncia', 'Junta de Freguesia de Montemor-o-Novo');
insert into meio values(0, 'Ambulncia', 'Junta de Freguesia de Marzovelos');
insert into meio values(1, 'Ambulncia', 'Junta de Freguesia de Marzovelos');
insert into meio values(2, 'Helicptero', 'Junta de Freguesia de Marzovelos');
insert into meio values(3, 'Ambulncia', 'Junta de Freguesia de Marzovelos');
insert into meio values(4, 'Helicptero', 'Junta de Freguesia de Marzovelos');
insert into meio values(0, 'Helicptero', 'Bombeiros de Montijo');
insert into meio values(1, 'Camio', 'Bombeiros de Montijo');
insert into meio values(2, 'Ambulncia', 'Bombeiros de Montijo');
insert into meio values(3, 'Ambulncia', 'Bombeiros de Montijo');
insert into meio values(4, 'Helicptero', 'Bombeiros de Montijo');
insert into meio values(0, 'Ambulncia', 'Polcia de Vila Real');
insert into meio values(1, 'Camio', 'Polcia de Vila Real');
insert into meio values(2, 'Helicptero', 'Polcia de Vila Real');
insert into meio values(0, 'Carrinha', 'Bombeiros de Almada');
insert into meio values(1, 'Carrinha', 'Bombeiros de Almada');
insert into meio values(2, 'Camio', 'Bombeiros de Almada');
insert into meio values(0, 'Helicptero', 'Junta de Freguesia de So Pedro do Sul');
insert into meio values(1, 'Carrinha', 'Junta de Freguesia de So Pedro do Sul');
insert into meio values(2, 'Helicptero', 'Junta de Freguesia de So Pedro do Sul');
insert into meio values(3, 'Camio', 'Junta de Freguesia de So Pedro do Sul');
insert into meio values(4, 'Camio', 'Junta de Freguesia de So Pedro do Sul');
insert into meio values(0, 'Helicptero', 'Bombeiros de Aveiro');
insert into meio values(1, 'Ambulncia', 'Bombeiros de Aveiro');
insert into meio values(2, 'Helicptero', 'Bombeiros de Aveiro');
insert into meio values(3, 'Ambulncia', 'Bombeiros de Aveiro');
insert into meio values(0, 'Ambulncia', 'Polcia de Penafiel');
insert into meio values(1, 'Helicptero', 'Polcia de Penafiel');
insert into meio values(2, 'Carrinha', 'Polcia de Penafiel');
insert into meio values(3, 'Ambulncia', 'Polcia de Penafiel');
insert into meio values(4, 'Ambulncia', 'Polcia de Penafiel');
insert into meio values(0, 'Ambulncia', 'Bombeiros de Espinho');
insert into meio values(1, 'Carrinha', 'Bombeiros de Espinho');
insert into meio values(2, 'Ambulncia', 'Bombeiros de Espinho');
insert into meio values(3, 'Helicptero', 'Bombeiros de Espinho');
insert into meio values(0, 'Carrinha', 'Bombeiros de Sabugal');
insert into meio values(1, 'Ambulncia', 'Bombeiros de Sabugal');
insert into meio values(2, 'Camio', 'Bombeiros de Sabugal');
insert into meio values(3, 'Helicptero', 'Bombeiros de Sabugal');
insert into meio values(0, 'Ambulncia', 'Junta de Freguesia de Gouveia');
insert into meio values(1, 'Carrinha', 'Junta de Freguesia de Gouveia');
insert into meio values(2, 'Helicptero', 'Junta de Freguesia de Gouveia');
insert into meio values(0, 'Helicptero', 'Polcia de Monchique');
insert into meio values(1, 'Carrinha', 'Polcia de Monchique');
insert into meio values(2, 'Camio', 'Polcia de Monchique');
insert into meio values(3, 'Ambulncia', 'Polcia de Monchique');
insert into meio values(0, 'Ambulncia', 'Polcia de Leiria');
insert into meio values(1, 'Camio', 'Polcia de Leiria');
insert into meio values(2, 'Helicptero', 'Polcia de Leiria');
insert into meio values(0, 'Helicptero', 'Bombeiros de Horta');
insert into meio values(1, 'Carrinha', 'Bombeiros de Horta');
insert into meio values(2, 'Carrinha', 'Bombeiros de Horta');
insert into meio values(0, 'Helicptero', 'Polcia de Mirandela');
insert into meio values(1, 'Camio', 'Polcia de Mirandela');
insert into meio values(2, 'Ambulncia', 'Polcia de Mirandela');
insert into meio values(3, 'Carrinha', 'Polcia de Mirandela');
insert into meio values(4, 'Carrinha', 'Polcia de Mirandela');
insert into meio values(0, 'Ambulncia', 'Junta de Freguesia de Loures');
insert into meio values(1, 'Ambulncia', 'Junta de Freguesia de Loures');
insert into meio values(2, 'Helicptero', 'Junta de Freguesia de Loures');
insert into meio values(3, 'Carrinha', 'Junta de Freguesia de Loures');
insert into meio values(4, 'Carrinha', 'Junta de Freguesia de Loures');
insert into meio values(0, 'Helicptero', 'Junta de Freguesia de Silves');
insert into meio values(1, 'Carrinha', 'Junta de Freguesia de Silves');
insert into meio values(2, 'Carrinha', 'Junta de Freguesia de Silves');
insert into meio values(3, 'Helicptero', 'Junta de Freguesia de Silves');
insert into meio values(4, 'Ambulncia', 'Junta de Freguesia de Silves');
insert into meio values(0, 'Camio', 'Polcia de Albufeira');
insert into meio values(1, 'Carrinha', 'Polcia de Albufeira');
insert into meio values(2, 'Carrinha', 'Polcia de Albufeira');
insert into meio values(3, 'Carrinha', 'Polcia de Albufeira');
insert into meio values(0, 'Ambulncia', 'Polcia de Portalegre');
insert into meio values(1, 'Carrinha', 'Polcia de Portalegre');
insert into meio values(2, 'Ambulncia', 'Polcia de Portalegre');
insert into meio values(0, 'Camio', 'Polcia de Barreiro');
insert into meio values(1, 'Ambulncia', 'Polcia de Barreiro');
insert into meio values(2, 'Carrinha', 'Polcia de Barreiro');
insert into meio values(3, 'Helicptero', 'Polcia de Barreiro');
insert into meio values(0, 'Carrinha', 'Bombeiros de Faro');
insert into meio values(1, 'Camio', 'Bombeiros de Faro');
insert into meio values(2, 'Camio', 'Bombeiros de Faro');
insert into meio values(3, 'Helicptero', 'Bombeiros de Faro');
insert into meio values(4, 'Ambulncia', 'Bombeiros de Faro');
insert into meio values(0, 'Carrinha', 'Bombeiros de Ribeira Grande');
insert into meio values(1, 'Ambulncia', 'Bombeiros de Ribeira Grande');
insert into meio values(2, 'Ambulncia', 'Bombeiros de Ribeira Grande');
insert into meio values(0, 'Helicptero', 'Polcia de Loul');
insert into meio values(1, 'Helicptero', 'Polcia de Loul');
insert into meio values(2, 'Carrinha', 'Polcia de Loul');
insert into meio values(3, 'Ambulncia', 'Polcia de Loul');
insert into meio values(0, 'Carrinha', 'Junta de Freguesia de Santa Cruz');
insert into meio values(1, 'Ambulncia', 'Junta de Freguesia de Santa Cruz');
insert into meio values(2, 'Carrinha', 'Junta de Freguesia de Santa Cruz');
insert into meio values(3, 'Camio', 'Junta de Freguesia de Santa Cruz');
insert into meio values(0, 'Helicptero', 'Bombeiros de Funchal');
insert into meio values(1, 'Carrinha', 'Bombeiros de Funchal');
insert into meio values(2, 'Helicptero', 'Bombeiros de Funchal');
insert into meio values(3, 'Camio', 'Bombeiros de Funchal');
insert into meio values(4, 'Helicptero', 'Bombeiros de Funchal');
insert into meio values(0, 'Helicptero', 'Bombeiros de Braga');
insert into meio values(1, 'Helicptero', 'Bombeiros de Braga');
insert into meio values(2, 'Helicptero', 'Bombeiros de Braga');
insert into meio values(0, 'Camio', 'Junta de Freguesia de Praia da Vitria');
insert into meio values(1, 'Helicptero', 'Junta de Freguesia de Praia da Vitria');
insert into meio values(2, 'Camio', 'Junta de Freguesia de Praia da Vitria');
insert into meio values(3, 'Carrinha', 'Junta de Freguesia de Praia da Vitria');
insert into meio values(0, 'Carrinha', 'Polcia de Faro');
insert into meio values(1, 'Ambulncia', 'Polcia de Faro');
insert into meio values(2, 'Carrinha', 'Polcia de Faro');
insert into meio values(3, 'Helicptero', 'Polcia de Faro');
insert into meio values(4, 'Camio', 'Polcia de Faro');
insert into meio values(0, 'Ambulncia', 'Polcia de Silves');
insert into meio values(1, 'Ambulncia', 'Polcia de Silves');
insert into meio values(2, 'Carrinha', 'Polcia de Silves');
insert into meio values(3, 'Camio', 'Polcia de Silves');
insert into meio values(0, 'Helicptero', 'Polcia de Tondela');
insert into meio values(1, 'Camio', 'Polcia de Tondela');
insert into meio values(2, 'Ambulncia', 'Polcia de Tondela');
insert into meio values(3, 'Helicptero', 'Polcia de Tondela');
insert into meio values(0, 'Carrinha', 'Junta de Freguesia de Lagoa');
insert into meio values(1, 'Helicptero', 'Junta de Freguesia de Lagoa');
insert into meio values(2, 'Camio', 'Junta de Freguesia de Lagoa');
insert into meio values(3, 'Ambulncia', 'Junta de Freguesia de Lagoa');
insert into meio values(0, 'Ambulncia', 'Polcia de Loures');
insert into meio values(1, 'Camio', 'Polcia de Loures');
insert into meio values(2, 'Carrinha', 'Polcia de Loures');
insert into meio values(3, 'Carrinha', 'Polcia de Loures');
insert into meio values(4, 'Camio', 'Polcia de Loures');
insert into meio values(0, 'Carrinha', 'Polcia de Alcobaa');
insert into meio values(1, 'Ambulncia', 'Polcia de Alcobaa');
insert into meio values(2, 'Helicptero', 'Polcia de Alcobaa');
insert into meio values(3, 'Camio', 'Polcia de Alcobaa');
insert into meio values(0, 'Carrinha', 'Junta de Freguesia de Alfena');
insert into meio values(1, 'Ambulncia', 'Junta de Freguesia de Alfena');
insert into meio values(2, 'Ambulncia', 'Junta de Freguesia de Alfena');
insert into meio values(0, 'Carrinha', 'Junta de Freguesia de Horta');
insert into meio values(1, 'Ambulncia', 'Junta de Freguesia de Horta');
insert into meio values(2, 'Helicptero', 'Junta de Freguesia de Horta');
insert into meio values(0, 'Camio', 'Junta de Freguesia de gueda');
insert into meio values(1, 'Camio', 'Junta de Freguesia de gueda');
insert into meio values(2, 'Helicptero', 'Junta de Freguesia de gueda');
insert into meio values(3, 'Ambulncia', 'Junta de Freguesia de gueda');
insert into meio values(0, 'Helicptero', 'Bombeiros de Esmoriz');
insert into meio values(1, 'Camio', 'Bombeiros de Esmoriz');
insert into meio values(2, 'Carrinha', 'Bombeiros de Esmoriz');
insert into meio values(3, 'Ambulncia', 'Bombeiros de Esmoriz');
insert into meio values(4, 'Camio', 'Bombeiros de Esmoriz');
insert into meio values(0, 'Camio', 'Junta de Freguesia de Penafiel');
insert into meio values(1, 'Carrinha', 'Junta de Freguesia de Penafiel');
insert into meio values(2, 'Camio', 'Junta de Freguesia de Penafiel');
insert into meio values(3, 'Camio', 'Junta de Freguesia de Penafiel');
insert into meio values(4, 'Camio', 'Junta de Freguesia de Penafiel');
insert into meio values(0, 'Helicptero', 'Junta de Freguesia de Ovar');
insert into meio values(1, 'Camio', 'Junta de Freguesia de Ovar');
insert into meio values(2, 'Helicptero', 'Junta de Freguesia de Ovar');
insert into meio values(3, 'Helicptero', 'Junta de Freguesia de Ovar');
insert into meio values(4, 'Camio', 'Junta de Freguesia de Ovar');
insert into meio values(0, 'Camio', 'Junta de Freguesia de Rio Maior');
insert into meio values(1, 'Helicptero', 'Junta de Freguesia de Rio Maior');
insert into meio values(2, 'Carrinha', 'Junta de Freguesia de Rio Maior');
insert into meio values(0, 'Helicptero', 'Junta de Freguesia de Valongo');
insert into meio values(1, 'Carrinha', 'Junta de Freguesia de Valongo');
insert into meio values(2, 'Carrinha', 'Junta de Freguesia de Valongo');
insert into meio values(3, 'Carrinha', 'Junta de Freguesia de Valongo');
insert into meio values(4, 'Helicptero', 'Junta de Freguesia de Valongo');
insert into meio values(0, 'Camio', 'Bombeiros de Barreiro');
insert into meio values(1, 'Helicptero', 'Bombeiros de Barreiro');
insert into meio values(2, 'Camio', 'Bombeiros de Barreiro');
insert into meio values(0, 'Helicptero', 'Polcia de Santa Cruz');
insert into meio values(1, 'Ambulncia', 'Polcia de Santa Cruz');
insert into meio values(2, 'Carrinha', 'Polcia de Santa Cruz');
insert into meio values(3, 'Helicptero', 'Polcia de Santa Cruz');
insert into meio values(4, 'Carrinha', 'Polcia de Santa Cruz');
insert into meio values(0, 'Ambulncia', 'Junta de Freguesia de Vila Nova de Gaia');
insert into meio values(1, 'Carrinha', 'Junta de Freguesia de Vila Nova de Gaia');
insert into meio values(2, 'Ambulncia', 'Junta de Freguesia de Vila Nova de Gaia');
insert into meio values(3, 'Helicptero', 'Junta de Freguesia de Vila Nova de Gaia');
insert into meio values(4, 'Carrinha', 'Junta de Freguesia de Vila Nova de Gaia');
insert into meio values(0, 'Ambulncia', 'Polcia de Porto');
insert into meio values(1, 'Carrinha', 'Polcia de Porto');
insert into meio values(2, 'Helicptero', 'Polcia de Porto');
insert into meio values(0, 'Camio', 'Junta de Freguesia de Alccer do Sal');
insert into meio values(1, 'Camio', 'Junta de Freguesia de Alccer do Sal');
insert into meio values(2, 'Camio', 'Junta de Freguesia de Alccer do Sal');
insert into meio values(3, 'Ambulncia', 'Junta de Freguesia de Alccer do Sal');
insert into meio values(4, 'Helicptero', 'Junta de Freguesia de Alccer do Sal');
insert into meio values(0, 'Helicptero', 'Bombeiros de Cascais');
insert into meio values(1, 'Ambulncia', 'Bombeiros de Cascais');
insert into meio values(2, 'Camio', 'Bombeiros de Cascais');
insert into meio values(3, 'Helicptero', 'Bombeiros de Cascais');
insert into meio values(4, 'Carrinha', 'Bombeiros de Cascais');
insert into meio values(0, 'Carrinha', 'Junta de Freguesia de Oliveira do Hospital');
insert into meio values(1, 'Ambulncia', 'Junta de Freguesia de Oliveira do Hospital');
insert into meio values(2, 'Helicptero', 'Junta de Freguesia de Oliveira do Hospital');
insert into meio values(3, 'Ambulncia', 'Junta de Freguesia de Oliveira do Hospital');
insert into meio values(0, 'Helicptero', 'Polcia de Espinho');
insert into meio values(1, 'Helicptero', 'Polcia de Espinho');
insert into meio values(2, 'Carrinha', 'Polcia de Espinho');
insert into meio values(3, 'Helicptero', 'Polcia de Espinho');
insert into meio values(0, 'Camio', 'Junta de Freguesia de Faro');
insert into meio values(1, 'Helicptero', 'Junta de Freguesia de Faro');
insert into meio values(2, 'Ambulncia', 'Junta de Freguesia de Faro');
insert into meio values(3, 'Carrinha', 'Junta de Freguesia de Faro');
insert into meio values(0, 'Carrinha', 'Polcia de Sabugal');
insert into meio values(1, 'Carrinha', 'Polcia de Sabugal');
insert into meio values(2, 'Ambulncia', 'Polcia de Sabugal');
insert into meio values(0, 'Carrinha', 'Junta de Freguesia de Elvas');
insert into meio values(1, 'Helicptero', 'Junta de Freguesia de Elvas');
insert into meio values(2, 'Carrinha', 'Junta de Freguesia de Elvas');
insert into meio values(3, 'Camio', 'Junta de Freguesia de Elvas');
insert into meio values(4, 'Camio', 'Junta de Freguesia de Elvas');
insert into meio values(0, 'Carrinha', 'Bombeiros de Portalegre');
insert into meio values(1, 'Carrinha', 'Bombeiros de Portalegre');
insert into meio values(2, 'Ambulncia', 'Bombeiros de Portalegre');
insert into meio values(0, 'Ambulncia', 'Bombeiros de Mes');
insert into meio values(1, 'Ambulncia', 'Bombeiros de Mes');
insert into meio values(2, 'Camio', 'Bombeiros de Mes');
insert into meio values(3, 'Camio', 'Bombeiros de Mes');
insert into meio values(0, 'Ambulncia', 'Bombeiros de Sagres');
insert into meio values(1, 'Ambulncia', 'Bombeiros de Sagres');
insert into meio values(2, 'Ambulncia', 'Bombeiros de Sagres');
insert into meio values(3, 'Ambulncia', 'Bombeiros de Sagres');
insert into meio values(0, 'Ambulncia', 'Bombeiros de Maia');
insert into meio values(1, 'Camio', 'Bombeiros de Maia');
insert into meio values(2, 'Helicptero', 'Bombeiros de Maia');
insert into meio values(0, 'Carrinha', 'Polcia de Pombal');
insert into meio values(1, 'Carrinha', 'Polcia de Pombal');
insert into meio values(2, 'Carrinha', 'Polcia de Pombal');
insert into meio values(3, 'Carrinha', 'Polcia de Pombal');
insert into meio values(4, 'Ambulncia', 'Polcia de Pombal');
insert into meio values(0, 'Helicptero', 'Polcia de Olho');
insert into meio values(1, 'Carrinha', 'Polcia de Olho');
insert into meio values(2, 'Ambulncia', 'Polcia de Olho');
insert into meio values(3, 'Carrinha', 'Polcia de Olho');
insert into meio values(4, 'Ambulncia', 'Polcia de Olho');
insert into meio values(0, 'Carrinha', 'Polcia de Sines');
insert into meio values(1, 'Ambulncia', 'Polcia de Sines');
insert into meio values(2, 'Camio', 'Polcia de Sines');
insert into meio values(3, 'Carrinha', 'Polcia de Sines');
insert into meio values(4, 'Helicptero', 'Polcia de Sines');
insert into meio values(0, 'Ambulncia', 'Polcia de Queluz');
insert into meio values(1, 'Carrinha', 'Polcia de Queluz');
insert into meio values(2, 'Camio', 'Polcia de Queluz');
insert into meio values(3, 'Carrinha', 'Polcia de Queluz');
insert into meio values(4, 'Carrinha', 'Polcia de Queluz');
insert into meio values(0, 'Ambulncia', 'Polcia de Horta');
insert into meio values(1, 'Helicptero', 'Polcia de Horta');
insert into meio values(2, 'Ambulncia', 'Polcia de Horta');
insert into meio values(0, 'Helicptero', 'Junta de Freguesia de Viseu');
insert into meio values(1, 'Camio', 'Junta de Freguesia de Viseu');
insert into meio values(2, 'Camio', 'Junta de Freguesia de Viseu');
insert into meio values(0, 'Carrinha', 'Junta de Freguesia de Leiria');
insert into meio values(1, 'Camio', 'Junta de Freguesia de Leiria');
insert into meio values(2, 'Carrinha', 'Junta de Freguesia de Leiria');
insert into meio values(3, 'Ambulncia', 'Junta de Freguesia de Leiria');
insert into meio values(0, 'Carrinha', 'Polcia de Marco de Canavezes');
insert into meio values(1, 'Camio', 'Polcia de Marco de Canavezes');
insert into meio values(2, 'Camio', 'Polcia de Marco de Canavezes');
insert into meio values(3, 'Helicptero', 'Polcia de Marco de Canavezes');
insert into meio values(4, 'Ambulncia', 'Polcia de Marco de Canavezes');
insert into meio values(0, 'Helicptero', 'Bombeiros de Mirandela');
insert into meio values(1, 'Camio', 'Bombeiros de Mirandela');
insert into meio values(2, 'Ambulncia', 'Bombeiros de Mirandela');
insert into meio values(3, 'Helicptero', 'Bombeiros de Mirandela');
insert into meio values(0, 'Ambulncia', 'Bombeiros de Leiria');
insert into meio values(1, 'Ambulncia', 'Bombeiros de Leiria');
insert into meio values(2, 'Camio', 'Bombeiros de Leiria');
insert into meio values(0, 'Ambulncia', 'Junta de Freguesia de Lamego');
insert into meio values(1, 'Helicptero', 'Junta de Freguesia de Lamego');
insert into meio values(2, 'Helicptero', 'Junta de Freguesia de Lamego');
insert into meio values(0, 'Helicptero', 'Bombeiros de Alvor');
insert into meio values(1, 'Ambulncia', 'Bombeiros de Alvor');
insert into meio values(2, 'Camio', 'Bombeiros de Alvor');
insert into meio values(3, 'Ambulncia', 'Bombeiros de Alvor');
insert into meio values(0, 'Helicptero', 'Junta de Freguesia de Gondomar');
insert into meio values(1, 'Camio', 'Junta de Freguesia de Gondomar');
insert into meio values(2, 'Helicptero', 'Junta de Freguesia de Gondomar');
insert into meio values(3, 'Helicptero', 'Junta de Freguesia de Gondomar');
insert into meio values(0, 'Helicptero', 'Polcia de Guarda');
insert into meio values(1, 'Helicptero', 'Polcia de Guarda');
insert into meio values(2, 'Ambulncia', 'Polcia de Guarda');
insert into meio values(3, 'Ambulncia', 'Polcia de Guarda');
insert into meio values(0, 'Helicptero', 'Polcia de Castro Daire');
insert into meio values(1, 'Carrinha', 'Polcia de Castro Daire');
insert into meio values(2, 'Carrinha', 'Polcia de Castro Daire');
insert into meio values(0, 'Carrinha', 'Bombeiros de Macedo de Cavaleiros');
insert into meio values(1, 'Carrinha', 'Bombeiros de Macedo de Cavaleiros');
insert into meio values(2, 'Camio', 'Bombeiros de Macedo de Cavaleiros');
insert into meio values(0, 'Ambulncia', 'Junta de Freguesia de Pvoa de Varzim');
insert into meio values(1, 'Ambulncia', 'Junta de Freguesia de Pvoa de Varzim');
insert into meio values(2, 'Ambulncia', 'Junta de Freguesia de Pvoa de Varzim');
insert into meio values(3, 'Ambulncia', 'Junta de Freguesia de Pvoa de Varzim');
insert into meio values(0, 'Carrinha', 'Polcia de Trofa');
insert into meio values(1, 'Carrinha', 'Polcia de Trofa');
insert into meio values(2, 'Carrinha', 'Polcia de Trofa');
insert into meio values(0, 'Camio', 'Polcia de Pvoa de Varzim');
insert into meio values(1, 'Carrinha', 'Polcia de Pvoa de Varzim');
insert into meio values(2, 'Carrinha', 'Polcia de Pvoa de Varzim');
insert into meio values(3, 'Carrinha', 'Polcia de Pvoa de Varzim');
insert into meio values(0, 'Helicptero', 'Polcia de Abrantes');
insert into meio values(1, 'Ambulncia', 'Polcia de Abrantes');
insert into meio values(2, 'Helicptero', 'Polcia de Abrantes');
insert into meio values(3, 'Carrinha', 'Polcia de Abrantes');
insert into meio values(4, 'Carrinha', 'Polcia de Abrantes');
insert into meio values(0, 'Ambulncia', 'Bombeiros de Ovar');
insert into meio values(1, 'Carrinha', 'Bombeiros de Ovar');
insert into meio values(2, 'Carrinha', 'Bombeiros de Ovar');
insert into meio values(3, 'Camio', 'Bombeiros de Ovar');
insert into meio values(4, 'Carrinha', 'Bombeiros de Ovar');
insert into meio values(0, 'Carrinha', 'Bombeiros de Olho');
insert into meio values(1, 'Camio', 'Bombeiros de Olho');
insert into meio values(2, 'Helicptero', 'Bombeiros de Olho');
insert into meio values(0, 'Ambulncia', 'Junta de Freguesia de Machico');
insert into meio values(1, 'Carrinha', 'Junta de Freguesia de Machico');
insert into meio values(2, 'Ambulncia', 'Junta de Freguesia de Machico');
insert into meio values(3, 'Carrinha', 'Junta de Freguesia de Machico');
insert into meio values(0, 'Ambulncia', 'Bombeiros de Trancoso');
insert into meio values(1, 'Carrinha', 'Bombeiros de Trancoso');
insert into meio values(2, 'Camio', 'Bombeiros de Trancoso');
insert into meio values(3, 'Carrinha', 'Bombeiros de Trancoso');
insert into meio values(4, 'Camio', 'Bombeiros de Trancoso');
insert into meio values(0, 'Carrinha', 'Polcia de Lixa');
insert into meio values(1, 'Ambulncia', 'Polcia de Lixa');
insert into meio values(2, 'Ambulncia', 'Polcia de Lixa');
insert into meio values(3, 'Helicptero', 'Polcia de Lixa');
insert into meio values(4, 'Camio', 'Polcia de Lixa');
insert into meio values(0, 'Ambulncia', 'Bombeiros de Vila das Aves');
insert into meio values(1, 'Camio', 'Bombeiros de Vila das Aves');
insert into meio values(2, 'Ambulncia', 'Bombeiros de Vila das Aves');
insert into meio values(3, 'Camio', 'Bombeiros de Vila das Aves');
insert into meio values(0, 'Carrinha', 'Bombeiros de Gondomar');
insert into meio values(1, 'Camio', 'Bombeiros de Gondomar');
insert into meio values(2, 'Carrinha', 'Bombeiros de Gondomar');
insert into meio values(3, 'Carrinha', 'Bombeiros de Gondomar');
insert into meio values(0, 'Ambulncia', 'Bombeiros de Felgueiras');
insert into meio values(1, 'Helicptero', 'Bombeiros de Felgueiras');
insert into meio values(2, 'Camio', 'Bombeiros de Felgueiras');
insert into meio values(0, 'Helicptero', 'Junta de Freguesia de Seixal');
insert into meio values(1, 'Ambulncia', 'Junta de Freguesia de Seixal');
insert into meio values(2, 'Carrinha', 'Junta de Freguesia de Seixal');
insert into meio values(0, 'Helicptero', 'Bombeiros de Elvas');
insert into meio values(1, 'Camio', 'Bombeiros de Elvas');
insert into meio values(2, 'Helicptero', 'Bombeiros de Elvas');
insert into meio values(3, 'Helicptero', 'Bombeiros de Elvas');
insert into meio values(0, 'Carrinha', 'Polcia de Lagoa');
insert into meio values(1, 'Ambulncia', 'Polcia de Lagoa');
insert into meio values(2, 'Helicptero', 'Polcia de Lagoa');
insert into meio values(3, 'Carrinha', 'Polcia de Lagoa');
insert into meio values(4, 'Carrinha', 'Polcia de Lagoa');
insert into meio values(0, 'Helicptero', 'Junta de Freguesia de Santo Tirso');
insert into meio values(1, 'Helicptero', 'Junta de Freguesia de Santo Tirso');
insert into meio values(2, 'Ambulncia', 'Junta de Freguesia de Santo Tirso');
insert into meio values(0, 'Camio', 'Junta de Freguesia de Aveiro');
insert into meio values(1, 'Carrinha', 'Junta de Freguesia de Aveiro');
insert into meio values(2, 'Carrinha', 'Junta de Freguesia de Aveiro');
insert into meio values(0, 'Camio', 'Junta de Freguesia de Lixa');
insert into meio values(1, 'Helicptero', 'Junta de Freguesia de Lixa');
insert into meio values(2, 'Helicptero', 'Junta de Freguesia de Lixa');
insert into meio values(0, 'Camio', 'Polcia de Ftima');
insert into meio values(1, 'Ambulncia', 'Polcia de Ftima');
insert into meio values(2, 'Camio', 'Polcia de Ftima');
insert into meio values(3, 'Ambulncia', 'Polcia de Ftima');
insert into meio values(4, 'Camio', 'Polcia de Ftima');
insert into meio values(0, 'Carrinha', 'Junta de Freguesia de Santo Andr');
insert into meio values(1, 'Helicptero', 'Junta de Freguesia de Santo Andr');
insert into meio values(2, 'Helicptero', 'Junta de Freguesia de Santo Andr');
insert into meio values(3, 'Carrinha', 'Junta de Freguesia de Santo Andr');
insert into meio values(4, 'Camio', 'Junta de Freguesia de Santo Andr');
insert into meio values(0, 'Carrinha', 'Junta de Freguesia de Costa da Caparica');
insert into meio values(1, 'Helicptero', 'Junta de Freguesia de Costa da Caparica');
insert into meio values(2, 'Ambulncia', 'Junta de Freguesia de Costa da Caparica');
insert into meio values(3, 'Carrinha', 'Junta de Freguesia de Costa da Caparica');
insert into meio values(0, 'Helicptero', 'Polcia de Beja');
insert into meio values(1, 'Carrinha', 'Polcia de Beja');
insert into meio values(2, 'Camio', 'Polcia de Beja');
insert into meio values(3, 'Helicptero', 'Polcia de Beja');
insert into meio values(0, 'Ambulncia', 'Bombeiros de Pombal');
insert into meio values(1, 'Ambulncia', 'Bombeiros de Pombal');
insert into meio values(2, 'Helicptero', 'Bombeiros de Pombal');
insert into meio values(3, 'Carrinha', 'Bombeiros de Pombal');
insert into meio values(0, 'Camio', 'Junta de Freguesia de Alcochete');
insert into meio values(1, 'Carrinha', 'Junta de Freguesia de Alcochete');
insert into meio values(2, 'Ambulncia', 'Junta de Freguesia de Alcochete');
insert into meio values(3, 'Ambulncia', 'Junta de Freguesia de Alcochete');
insert into meio values(0, 'Ambulncia', 'Bombeiros de Porto');
insert into meio values(1, 'Ambulncia', 'Bombeiros de Porto');
insert into meio values(2, 'Helicptero', 'Bombeiros de Porto');
insert into meio values(3, 'Ambulncia', 'Bombeiros de Porto');
insert into meio values(0, 'Camio', 'Bombeiros de Santa Cruz');
insert into meio values(1, 'Carrinha', 'Bombeiros de Santa Cruz');
insert into meio values(2, 'Helicptero', 'Bombeiros de Santa Cruz');
insert into meio values(0, 'Carrinha', 'Junta de Freguesia de Chaves');
insert into meio values(1, 'Camio', 'Junta de Freguesia de Chaves');
insert into meio values(2, 'Ambulncia', 'Junta de Freguesia de Chaves');
insert into meio values(3, 'Camio', 'Junta de Freguesia de Chaves');
insert into meio values(0, 'Helicptero', 'Polcia de Valongo');
insert into meio values(1, 'Camio', 'Polcia de Valongo');
insert into meio values(2, 'Carrinha', 'Polcia de Valongo');
insert into meio values(3, 'Helicptero', 'Polcia de Valongo');
insert into meio values(0, 'Camio', 'Bombeiros de Abrantes');
insert into meio values(1, 'Ambulncia', 'Bombeiros de Abrantes');
insert into meio values(2, 'Camio', 'Bombeiros de Abrantes');
insert into meio values(3, 'Carrinha', 'Bombeiros de Abrantes');



insert into meioCombate values(0, 'Junta de Freguesia de Esmoriz');
insert into meioCombate values(3, 'Junta de Freguesia de Esmoriz');
insert into meioCombate values(0, 'Junta de Freguesia de Montemor-o-Novo');
insert into meioCombate values(3, 'Junta de Freguesia de Montemor-o-Novo');
insert into meioCombate values(0, 'Junta de Freguesia de Marzovelos');
insert into meioCombate values(3, 'Junta de Freguesia de Marzovelos');
insert into meioCombate values(0, 'Bombeiros de Montijo');
insert into meioCombate values(3, 'Bombeiros de Montijo');
insert into meioCombate values(0, 'Polcia de Vila Real');
insert into meioCombate values(0, 'Bombeiros de Almada');
insert into meioCombate values(0, 'Junta de Freguesia de So Pedro do Sul');
insert into meioCombate values(3, 'Junta de Freguesia de So Pedro do Sul');
insert into meioCombate values(0, 'Bombeiros de Aveiro');
insert into meioCombate values(3, 'Bombeiros de Aveiro');
insert into meioCombate values(0, 'Polcia de Penafiel');
insert into meioCombate values(3, 'Polcia de Penafiel');
insert into meioCombate values(0, 'Bombeiros de Espinho');
insert into meioCombate values(3, 'Bombeiros de Espinho');
insert into meioCombate values(0, 'Bombeiros de Sabugal');
insert into meioCombate values(3, 'Bombeiros de Sabugal');
insert into meioCombate values(0, 'Junta de Freguesia de Gouveia');
insert into meioCombate values(0, 'Polcia de Monchique');
insert into meioCombate values(3, 'Polcia de Monchique');
insert into meioCombate values(0, 'Polcia de Leiria');
insert into meioCombate values(1, 'Polcia de Leiria');
insert into meioCombate values(0, 'Bombeiros de Horta');
insert into meioCombate values(0, 'Polcia de Mirandela');
insert into meioCombate values(3, 'Polcia de Mirandela');
insert into meioCombate values(0, 'Junta de Freguesia de Loures');
insert into meioCombate values(3, 'Junta de Freguesia de Loures');
insert into meioCombate values(0, 'Junta de Freguesia de Silves');
insert into meioCombate values(3, 'Junta de Freguesia de Silves');
insert into meioCombate values(0, 'Polcia de Albufeira');
insert into meioCombate values(3, 'Polcia de Albufeira');
insert into meioCombate values(0, 'Polcia de Portalegre');
insert into meioCombate values(0, 'Polcia de Barreiro');
insert into meioCombate values(3, 'Polcia de Barreiro');
insert into meioCombate values(0, 'Bombeiros de Faro');
insert into meioCombate values(3, 'Bombeiros de Faro');
insert into meioCombate values(0, 'Bombeiros de Ribeira Grande');
insert into meioCombate values(0, 'Polcia de Loul');
insert into meioCombate values(3, 'Polcia de Loul');
insert into meioCombate values(0, 'Junta de Freguesia de Santa Cruz');
insert into meioCombate values(3, 'Junta de Freguesia de Santa Cruz');
insert into meioCombate values(0, 'Bombeiros de Funchal');
insert into meioCombate values(3, 'Bombeiros de Funchal');
insert into meioCombate values(0, 'Bombeiros de Braga');
insert into meioCombate values(1, 'Bombeiros de Braga');
insert into meioCombate values(0, 'Junta de Freguesia de Praia da Vitria');
insert into meioCombate values(3, 'Junta de Freguesia de Praia da Vitria');
insert into meioCombate values(0, 'Polcia de Faro');
insert into meioCombate values(3, 'Polcia de Faro');
insert into meioCombate values(0, 'Polcia de Silves');
insert into meioCombate values(3, 'Polcia de Silves');
insert into meioCombate values(0, 'Polcia de Tondela');
insert into meioCombate values(3, 'Polcia de Tondela');
insert into meioCombate values(0, 'Junta de Freguesia de Lagoa');
insert into meioCombate values(3, 'Junta de Freguesia de Lagoa');
insert into meioCombate values(0, 'Polcia de Loures');
insert into meioCombate values(3, 'Polcia de Loures');
insert into meioCombate values(0, 'Polcia de Alcobaa');
insert into meioCombate values(3, 'Polcia de Alcobaa');
insert into meioCombate values(0, 'Junta de Freguesia de Alfena');
insert into meioCombate values(0, 'Junta de Freguesia de Horta');
insert into meioCombate values(1, 'Junta de Freguesia de Horta');
insert into meioCombate values(0, 'Junta de Freguesia de gueda');
insert into meioCombate values(3, 'Junta de Freguesia de gueda');
insert into meioCombate values(0, 'Bombeiros de Esmoriz');
insert into meioCombate values(3, 'Bombeiros de Esmoriz');
insert into meioCombate values(0, 'Junta de Freguesia de Penafiel');
insert into meioCombate values(1, 'Junta de Freguesia de Penafiel');
insert into meioCombate values(2, 'Junta de Freguesia de Penafiel');
insert into meioCombate values(3, 'Junta de Freguesia de Penafiel');
insert into meioCombate values(0, 'Junta de Freguesia de Ovar');
insert into meioCombate values(3, 'Junta de Freguesia de Ovar');
insert into meioCombate values(0, 'Junta de Freguesia de Rio Maior');
insert into meioCombate values(0, 'Junta de Freguesia de Valongo');
insert into meioCombate values(3, 'Junta de Freguesia de Valongo');
insert into meioCombate values(0, 'Bombeiros de Barreiro');
insert into meioCombate values(0, 'Polcia de Santa Cruz');
insert into meioCombate values(3, 'Polcia de Santa Cruz');
insert into meioCombate values(0, 'Junta de Freguesia de Vila Nova de Gaia');
insert into meioCombate values(3, 'Junta de Freguesia de Vila Nova de Gaia');
insert into meioCombate values(0, 'Polcia de Porto');
insert into meioCombate values(0, 'Junta de Freguesia de Alccer do Sal');
insert into meioCombate values(3, 'Junta de Freguesia de Alccer do Sal');
insert into meioCombate values(0, 'Bombeiros de Cascais');
insert into meioCombate values(1, 'Bombeiros de Cascais');
insert into meioCombate values(3, 'Bombeiros de Cascais');
insert into meioCombate values(0, 'Junta de Freguesia de Oliveira do Hospital');
insert into meioCombate values(3, 'Junta de Freguesia de Oliveira do Hospital');
insert into meioCombate values(0, 'Polcia de Espinho');
insert into meioCombate values(3, 'Polcia de Espinho');
insert into meioCombate values(0, 'Junta de Freguesia de Faro');
insert into meioCombate values(3, 'Junta de Freguesia de Faro');
insert into meioCombate values(0, 'Polcia de Sabugal');
insert into meioCombate values(0, 'Junta de Freguesia de Elvas');
insert into meioCombate values(3, 'Junta de Freguesia de Elvas');
insert into meioCombate values(0, 'Bombeiros de Portalegre');
insert into meioCombate values(0, 'Bombeiros de Mes');
insert into meioCombate values(3, 'Bombeiros de Mes');
insert into meioCombate values(0, 'Bombeiros de Sagres');
insert into meioCombate values(3, 'Bombeiros de Sagres');
insert into meioCombate values(0, 'Bombeiros de Maia');
insert into meioCombate values(0, 'Polcia de Pombal');
insert into meioCombate values(3, 'Polcia de Pombal');
insert into meioCombate values(0, 'Polcia de Olho');
insert into meioCombate values(3, 'Polcia de Olho');
insert into meioCombate values(0, 'Polcia de Sines');
insert into meioCombate values(2, 'Polcia de Sines');
insert into meioCombate values(3, 'Polcia de Sines');
insert into meioCombate values(0, 'Polcia de Queluz');
insert into meioCombate values(1, 'Polcia de Queluz');
insert into meioCombate values(3, 'Polcia de Queluz');
insert into meioCombate values(4, 'Polcia de Queluz');
insert into meioCombate values(0, 'Polcia de Horta');
insert into meioCombate values(0, 'Junta de Freguesia de Viseu');
insert into meioCombate values(0, 'Junta de Freguesia de Leiria');
insert into meioCombate values(3, 'Junta de Freguesia de Leiria');
insert into meioCombate values(0, 'Polcia de Marco de Canavezes');
insert into meioCombate values(3, 'Polcia de Marco de Canavezes');
insert into meioCombate values(0, 'Bombeiros de Mirandela');
insert into meioCombate values(3, 'Bombeiros de Mirandela');
insert into meioCombate values(0, 'Bombeiros de Leiria');
insert into meioCombate values(0, 'Junta de Freguesia de Lamego');
insert into meioCombate values(2, 'Junta de Freguesia de Lamego');
insert into meioCombate values(0, 'Bombeiros de Alvor');
insert into meioCombate values(3, 'Bombeiros de Alvor');
insert into meioCombate values(0, 'Junta de Freguesia de Gondomar');
insert into meioCombate values(3, 'Junta de Freguesia de Gondomar');
insert into meioCombate values(0, 'Polcia de Guarda');
insert into meioCombate values(3, 'Polcia de Guarda');
insert into meioCombate values(0, 'Polcia de Castro Daire');
insert into meioCombate values(0, 'Bombeiros de Macedo de Cavaleiros');
insert into meioCombate values(0, 'Junta de Freguesia de Pvoa de Varzim');
insert into meioCombate values(3, 'Junta de Freguesia de Pvoa de Varzim');
insert into meioCombate values(0, 'Polcia de Trofa');
insert into meioCombate values(0, 'Polcia de Pvoa de Varzim');
insert into meioCombate values(3, 'Polcia de Pvoa de Varzim');
insert into meioCombate values(0, 'Polcia de Abrantes');
insert into meioCombate values(3, 'Polcia de Abrantes');
insert into meioCombate values(0, 'Bombeiros de Ovar');
insert into meioCombate values(3, 'Bombeiros de Ovar');
insert into meioCombate values(0, 'Bombeiros de Olho');
insert into meioCombate values(0, 'Junta de Freguesia de Machico');
insert into meioCombate values(3, 'Junta de Freguesia de Machico');
insert into meioCombate values(0, 'Bombeiros de Trancoso');
insert into meioCombate values(3, 'Bombeiros de Trancoso');
insert into meioCombate values(0, 'Polcia de Lixa');
insert into meioCombate values(3, 'Polcia de Lixa');
insert into meioCombate values(0, 'Bombeiros de Vila das Aves');
insert into meioCombate values(3, 'Bombeiros de Vila das Aves');
insert into meioCombate values(0, 'Bombeiros de Gondomar');
insert into meioCombate values(3, 'Bombeiros de Gondomar');
insert into meioCombate values(0, 'Bombeiros de Felgueiras');
insert into meioCombate values(0, 'Junta de Freguesia de Seixal');
insert into meioCombate values(0, 'Bombeiros de Elvas');
insert into meioCombate values(3, 'Bombeiros de Elvas');
insert into meioCombate values(0, 'Polcia de Lagoa');
insert into meioCombate values(3, 'Polcia de Lagoa');
insert into meioCombate values(4, 'Polcia de Lagoa');
insert into meioCombate values(0, 'Junta de Freguesia de Santo Tirso');
insert into meioCombate values(0, 'Junta de Freguesia de Aveiro');
insert into meioCombate values(0, 'Junta de Freguesia de Lixa');
insert into meioCombate values(0, 'Polcia de Ftima');
insert into meioCombate values(3, 'Polcia de Ftima');
insert into meioCombate values(0, 'Junta de Freguesia de Santo Andr');
insert into meioCombate values(3, 'Junta de Freguesia de Santo Andr');
insert into meioCombate values(0, 'Junta de Freguesia de Costa da Caparica');
insert into meioCombate values(3, 'Junta de Freguesia de Costa da Caparica');
insert into meioCombate values(0, 'Polcia de Beja');
insert into meioCombate values(3, 'Polcia de Beja');
insert into meioCombate values(0, 'Bombeiros de Pombal');
insert into meioCombate values(3, 'Bombeiros de Pombal');
insert into meioCombate values(0, 'Junta de Freguesia de Alcochete');
insert into meioCombate values(3, 'Junta de Freguesia de Alcochete');
insert into meioCombate values(0, 'Bombeiros de Porto');
insert into meioCombate values(3, 'Bombeiros de Porto');
insert into meioCombate values(0, 'Bombeiros de Santa Cruz');
insert into meioCombate values(0, 'Junta de Freguesia de Chaves');
insert into meioCombate values(3, 'Junta de Freguesia de Chaves');
insert into meioCombate values(0, 'Polcia de Valongo');
insert into meioCombate values(3, 'Polcia de Valongo');
insert into meioCombate values(0, 'Bombeiros de Abrantes');
insert into meioCombate values(3, 'Bombeiros de Abrantes');



insert into meioApoio values(1, 'Junta de Freguesia de Esmoriz');
insert into meioApoio values(4, 'Junta de Freguesia de Esmoriz');
insert into meioApoio values(1, 'Junta de Freguesia de Montemor-o-Novo');
insert into meioApoio values(4, 'Junta de Freguesia de Montemor-o-Novo');
insert into meioApoio values(1, 'Junta de Freguesia de Marzovelos');
insert into meioApoio values(2, 'Junta de Freguesia de Marzovelos');
insert into meioApoio values(3, 'Junta de Freguesia de Marzovelos');
insert into meioApoio values(4, 'Junta de Freguesia de Marzovelos');
insert into meioApoio values(1, 'Bombeiros de Montijo');
insert into meioApoio values(4, 'Bombeiros de Montijo');
insert into meioApoio values(1, 'Polcia de Vila Real');
insert into meioApoio values(1, 'Bombeiros de Almada');
insert into meioApoio values(0, 'Junta de Freguesia de So Pedro do Sul');
insert into meioApoio values(1, 'Junta de Freguesia de So Pedro do Sul');
insert into meioApoio values(4, 'Junta de Freguesia de So Pedro do Sul');
insert into meioApoio values(1, 'Bombeiros de Aveiro');
insert into meioApoio values(1, 'Polcia de Penafiel');
insert into meioApoio values(4, 'Polcia de Penafiel');
insert into meioApoio values(1, 'Bombeiros de Espinho');
insert into meioApoio values(1, 'Bombeiros de Sabugal');
insert into meioApoio values(3, 'Bombeiros de Sabugal');
insert into meioApoio values(1, 'Junta de Freguesia de Gouveia');
insert into meioApoio values(1, 'Polcia de Monchique');
insert into meioApoio values(1, 'Polcia de Leiria');
insert into meioApoio values(1, 'Bombeiros de Horta');
insert into meioApoio values(1, 'Polcia de Mirandela');
insert into meioApoio values(4, 'Polcia de Mirandela');
insert into meioApoio values(1, 'Junta de Freguesia de Loures');
insert into meioApoio values(4, 'Junta de Freguesia de Loures');
insert into meioApoio values(1, 'Junta de Freguesia de Silves');
insert into meioApoio values(4, 'Junta de Freguesia de Silves');
insert into meioApoio values(1, 'Polcia de Albufeira');
insert into meioApoio values(1, 'Polcia de Portalegre');
insert into meioApoio values(1, 'Polcia de Barreiro');
insert into meioApoio values(1, 'Bombeiros de Faro');
insert into meioApoio values(4, 'Bombeiros de Faro');
insert into meioApoio values(1, 'Bombeiros de Ribeira Grande');
insert into meioApoio values(1, 'Polcia de Loul');
insert into meioApoio values(2, 'Polcia de Loul');
insert into meioApoio values(1, 'Junta de Freguesia de Santa Cruz');
insert into meioApoio values(1, 'Bombeiros de Funchal');
insert into meioApoio values(4, 'Bombeiros de Funchal');
insert into meioApoio values(1, 'Bombeiros de Braga');
insert into meioApoio values(0, 'Junta de Freguesia de Praia da Vitria');
insert into meioApoio values(1, 'Junta de Freguesia de Praia da Vitria');
insert into meioApoio values(1, 'Polcia de Faro');
insert into meioApoio values(4, 'Polcia de Faro');
insert into meioApoio values(1, 'Polcia de Silves');
insert into meioApoio values(1, 'Polcia de Tondela');
insert into meioApoio values(1, 'Junta de Freguesia de Lagoa');
insert into meioApoio values(1, 'Polcia de Loures');
insert into meioApoio values(4, 'Polcia de Loures');
insert into meioApoio values(1, 'Polcia de Alcobaa');
insert into meioApoio values(1, 'Junta de Freguesia de Alfena');
insert into meioApoio values(1, 'Junta de Freguesia de Horta');
insert into meioApoio values(1, 'Junta de Freguesia de gueda');
insert into meioApoio values(2, 'Junta de Freguesia de gueda');
insert into meioApoio values(0, 'Bombeiros de Esmoriz');
insert into meioApoio values(1, 'Bombeiros de Esmoriz');
insert into meioApoio values(4, 'Bombeiros de Esmoriz');
insert into meioApoio values(1, 'Junta de Freguesia de Penafiel');
insert into meioApoio values(4, 'Junta de Freguesia de Penafiel');
insert into meioApoio values(1, 'Junta de Freguesia de Ovar');
insert into meioApoio values(4, 'Junta de Freguesia de Ovar');
insert into meioApoio values(1, 'Junta de Freguesia de Rio Maior');
insert into meioApoio values(0, 'Junta de Freguesia de Valongo');
insert into meioApoio values(1, 'Junta de Freguesia de Valongo');
insert into meioApoio values(2, 'Junta de Freguesia de Valongo');
insert into meioApoio values(4, 'Junta de Freguesia de Valongo');
insert into meioApoio values(1, 'Bombeiros de Barreiro');
insert into meioApoio values(1, 'Polcia de Santa Cruz');
insert into meioApoio values(4, 'Polcia de Santa Cruz');
insert into meioApoio values(1, 'Junta de Freguesia de Vila Nova de Gaia');
insert into meioApoio values(4, 'Junta de Freguesia de Vila Nova de Gaia');
insert into meioApoio values(1, 'Polcia de Porto');
insert into meioApoio values(1, 'Junta de Freguesia de Alccer do Sal');
insert into meioApoio values(4, 'Junta de Freguesia de Alccer do Sal');
insert into meioApoio values(1, 'Bombeiros de Cascais');
insert into meioApoio values(4, 'Bombeiros de Cascais');
insert into meioApoio values(1, 'Junta de Freguesia de Oliveira do Hospital');
insert into meioApoio values(1, 'Polcia de Espinho');
insert into meioApoio values(1, 'Junta de Freguesia de Faro');
insert into meioApoio values(1, 'Polcia de Sabugal');
insert into meioApoio values(1, 'Junta de Freguesia de Elvas');
insert into meioApoio values(4, 'Junta de Freguesia de Elvas');
insert into meioApoio values(1, 'Bombeiros de Portalegre');
insert into meioApoio values(1, 'Bombeiros de Mes');
insert into meioApoio values(1, 'Bombeiros de Sagres');
insert into meioApoio values(0, 'Bombeiros de Maia');
insert into meioApoio values(1, 'Bombeiros de Maia');
insert into meioApoio values(1, 'Polcia de Pombal');
insert into meioApoio values(4, 'Polcia de Pombal');
insert into meioApoio values(1, 'Polcia de Olho');
insert into meioApoio values(4, 'Polcia de Olho');
insert into meioApoio values(1, 'Polcia de Sines');
insert into meioApoio values(4, 'Polcia de Sines');
insert into meioApoio values(1, 'Polcia de Queluz');
insert into meioApoio values(4, 'Polcia de Queluz');
insert into meioApoio values(1, 'Polcia de Horta');
insert into meioApoio values(1, 'Junta de Freguesia de Viseu');
insert into meioApoio values(1, 'Junta de Freguesia de Leiria');
insert into meioApoio values(1, 'Polcia de Marco de Canavezes');
insert into meioApoio values(4, 'Polcia de Marco de Canavezes');
insert into meioApoio values(1, 'Bombeiros de Mirandela');
insert into meioApoio values(1, 'Bombeiros de Leiria');
insert into meioApoio values(1, 'Junta de Freguesia de Lamego');
insert into meioApoio values(1, 'Bombeiros de Alvor');
insert into meioApoio values(0, 'Junta de Freguesia de Gondomar');
insert into meioApoio values(1, 'Junta de Freguesia de Gondomar');
insert into meioApoio values(3, 'Junta de Freguesia de Gondomar');
insert into meioApoio values(1, 'Polcia de Guarda');
insert into meioApoio values(1, 'Polcia de Castro Daire');
insert into meioApoio values(2, 'Polcia de Castro Daire');
insert into meioApoio values(1, 'Bombeiros de Macedo de Cavaleiros');
insert into meioApoio values(1, 'Junta de Freguesia de Pvoa de Varzim');
insert into meioApoio values(1, 'Polcia de Trofa');
insert into meioApoio values(1, 'Polcia de Pvoa de Varzim');
insert into meioApoio values(1, 'Polcia de Abrantes');
insert into meioApoio values(4, 'Polcia de Abrantes');
insert into meioApoio values(1, 'Bombeiros de Ovar');
insert into meioApoio values(4, 'Bombeiros de Ovar');
insert into meioApoio values(1, 'Bombeiros de Olho');
insert into meioApoio values(2, 'Bombeiros de Olho');
insert into meioApoio values(1, 'Junta de Freguesia de Machico');
insert into meioApoio values(1, 'Bombeiros de Trancoso');
insert into meioApoio values(4, 'Bombeiros de Trancoso');
insert into meioApoio values(1, 'Polcia de Lixa');
insert into meioApoio values(4, 'Polcia de Lixa');
insert into meioApoio values(1, 'Bombeiros de Vila das Aves');
insert into meioApoio values(1, 'Bombeiros de Gondomar');
insert into meioApoio values(1, 'Bombeiros de Felgueiras');
insert into meioApoio values(1, 'Junta de Freguesia de Seixal');
insert into meioApoio values(1, 'Bombeiros de Elvas');
insert into meioApoio values(1, 'Polcia de Lagoa');
insert into meioApoio values(4, 'Polcia de Lagoa');
insert into meioApoio values(1, 'Junta de Freguesia de Santo Tirso');
insert into meioApoio values(2, 'Junta de Freguesia de Santo Tirso');
insert into meioApoio values(1, 'Junta de Freguesia de Aveiro');
insert into meioApoio values(1, 'Junta de Freguesia de Lixa');
insert into meioApoio values(1, 'Polcia de Ftima');
insert into meioApoio values(4, 'Polcia de Ftima');
insert into meioApoio values(1, 'Junta de Freguesia de Santo Andr');
insert into meioApoio values(4, 'Junta de Freguesia de Santo Andr');
insert into meioApoio values(1, 'Junta de Freguesia de Costa da Caparica');
insert into meioApoio values(3, 'Junta de Freguesia de Costa da Caparica');
insert into meioApoio values(1, 'Polcia de Beja');
insert into meioApoio values(1, 'Bombeiros de Pombal');
insert into meioApoio values(1, 'Junta de Freguesia de Alcochete');
insert into meioApoio values(1, 'Bombeiros de Porto');
insert into meioApoio values(0, 'Bombeiros de Santa Cruz');
insert into meioApoio values(1, 'Bombeiros de Santa Cruz');
insert into meioApoio values(1, 'Junta de Freguesia de Chaves');
insert into meioApoio values(1, 'Polcia de Valongo');
insert into meioApoio values(1, 'Bombeiros de Abrantes');



insert into meioSocorro values(2, 'Junta de Freguesia de Esmoriz');
insert into meioSocorro values(2, 'Junta de Freguesia de Montemor-o-Novo');
insert into meioSocorro values(3, 'Junta de Freguesia de Montemor-o-Novo');
insert into meioSocorro values(2, 'Junta de Freguesia de Marzovelos');
insert into meioSocorro values(2, 'Bombeiros de Montijo');
insert into meioSocorro values(2, 'Polcia de Vila Real');
insert into meioSocorro values(2, 'Bombeiros de Almada');
insert into meioSocorro values(2, 'Junta de Freguesia de So Pedro do Sul');
insert into meioSocorro values(2, 'Bombeiros de Aveiro');
insert into meioSocorro values(2, 'Polcia de Penafiel');
insert into meioSocorro values(2, 'Bombeiros de Espinho');
insert into meioSocorro values(2, 'Bombeiros de Sabugal');
insert into meioSocorro values(2, 'Junta de Freguesia de Gouveia');
insert into meioSocorro values(2, 'Polcia de Monchique');
insert into meioSocorro values(2, 'Polcia de Leiria');
insert into meioSocorro values(2, 'Bombeiros de Horta');
insert into meioSocorro values(2, 'Polcia de Mirandela');
insert into meioSocorro values(2, 'Junta de Freguesia de Loures');
insert into meioSocorro values(2, 'Junta de Freguesia de Silves');
insert into meioSocorro values(2, 'Polcia de Albufeira');
insert into meioSocorro values(2, 'Polcia de Portalegre');
insert into meioSocorro values(2, 'Polcia de Barreiro');
insert into meioSocorro values(2, 'Bombeiros de Faro');
insert into meioSocorro values(3, 'Bombeiros de Faro');
insert into meioSocorro values(2, 'Bombeiros de Ribeira Grande');
insert into meioSocorro values(2, 'Polcia de Loul');
insert into meioSocorro values(2, 'Junta de Freguesia de Santa Cruz');
insert into meioSocorro values(2, 'Bombeiros de Funchal');
insert into meioSocorro values(2, 'Bombeiros de Braga');
insert into meioSocorro values(2, 'Junta de Freguesia de Praia da Vitria');
insert into meioSocorro values(2, 'Polcia de Faro');
insert into meioSocorro values(2, 'Polcia de Silves');
insert into meioSocorro values(1, 'Polcia de Tondela');
insert into meioSocorro values(2, 'Polcia de Tondela');
insert into meioSocorro values(3, 'Polcia de Tondela');
insert into meioSocorro values(2, 'Junta de Freguesia de Lagoa');
insert into meioSocorro values(2, 'Polcia de Loures');
insert into meioSocorro values(2, 'Polcia de Alcobaa');
insert into meioSocorro values(2, 'Junta de Freguesia de Alfena');
insert into meioSocorro values(1, 'Junta de Freguesia de Horta');
insert into meioSocorro values(2, 'Junta de Freguesia de Horta');
insert into meioSocorro values(2, 'Junta de Freguesia de gueda');
insert into meioSocorro values(2, 'Bombeiros de Esmoriz');
insert into meioSocorro values(2, 'Junta de Freguesia de Penafiel');
insert into meioSocorro values(2, 'Junta de Freguesia de Ovar');
insert into meioSocorro values(2, 'Junta de Freguesia de Rio Maior');
insert into meioSocorro values(2, 'Junta de Freguesia de Valongo');
insert into meioSocorro values(3, 'Junta de Freguesia de Valongo');
insert into meioSocorro values(0, 'Bombeiros de Barreiro');
insert into meioSocorro values(2, 'Bombeiros de Barreiro');
insert into meioSocorro values(0, 'Polcia de Santa Cruz');
insert into meioSocorro values(2, 'Polcia de Santa Cruz');
insert into meioSocorro values(2, 'Junta de Freguesia de Vila Nova de Gaia');
insert into meioSocorro values(2, 'Polcia de Porto');
insert into meioSocorro values(2, 'Junta de Freguesia de Alccer do Sal');
insert into meioSocorro values(4, 'Junta de Freguesia de Alccer do Sal');
insert into meioSocorro values(2, 'Bombeiros de Cascais');
insert into meioSocorro values(2, 'Junta de Freguesia de Oliveira do Hospital');
insert into meioSocorro values(1, 'Polcia de Espinho');
insert into meioSocorro values(2, 'Polcia de Espinho');
insert into meioSocorro values(3, 'Polcia de Espinho');
insert into meioSocorro values(2, 'Junta de Freguesia de Faro');
insert into meioSocorro values(0, 'Polcia de Sabugal');
insert into meioSocorro values(2, 'Polcia de Sabugal');
insert into meioSocorro values(1, 'Junta de Freguesia de Elvas');
insert into meioSocorro values(2, 'Junta de Freguesia de Elvas');
insert into meioSocorro values(3, 'Junta de Freguesia de Elvas');
insert into meioSocorro values(2, 'Bombeiros de Portalegre');
insert into meioSocorro values(2, 'Bombeiros de Mes');
insert into meioSocorro values(2, 'Bombeiros de Sagres');
insert into meioSocorro values(2, 'Bombeiros de Maia');
insert into meioSocorro values(1, 'Polcia de Pombal');
insert into meioSocorro values(2, 'Polcia de Pombal');
insert into meioSocorro values(2, 'Polcia de Olho');
insert into meioSocorro values(2, 'Polcia de Sines');
insert into meioSocorro values(2, 'Polcia de Queluz');
insert into meioSocorro values(0, 'Polcia de Horta');
insert into meioSocorro values(1, 'Polcia de Horta');
insert into meioSocorro values(2, 'Polcia de Horta');
insert into meioSocorro values(2, 'Junta de Freguesia de Viseu');
insert into meioSocorro values(2, 'Junta de Freguesia de Leiria');
insert into meioSocorro values(2, 'Polcia de Marco de Canavezes');
insert into meioSocorro values(2, 'Bombeiros de Mirandela');
insert into meioSocorro values(2, 'Bombeiros de Leiria');
insert into meioSocorro values(2, 'Junta de Freguesia de Lamego');
insert into meioSocorro values(0, 'Bombeiros de Alvor');
insert into meioSocorro values(2, 'Bombeiros de Alvor');
insert into meioSocorro values(2, 'Junta de Freguesia de Gondomar');
insert into meioSocorro values(3, 'Junta de Freguesia de Gondomar');
insert into meioSocorro values(2, 'Polcia de Guarda');
insert into meioSocorro values(2, 'Polcia de Castro Daire');
insert into meioSocorro values(2, 'Bombeiros de Macedo de Cavaleiros');
insert into meioSocorro values(2, 'Junta de Freguesia de Pvoa de Varzim');
insert into meioSocorro values(1, 'Polcia de Trofa');
insert into meioSocorro values(2, 'Polcia de Trofa');
insert into meioSocorro values(2, 'Polcia de Pvoa de Varzim');
insert into meioSocorro values(2, 'Polcia de Abrantes');
insert into meioSocorro values(2, 'Bombeiros de Ovar');
insert into meioSocorro values(2, 'Bombeiros de Olho');
insert into meioSocorro values(2, 'Junta de Freguesia de Machico');
insert into meioSocorro values(2, 'Bombeiros de Trancoso');
insert into meioSocorro values(2, 'Polcia de Lixa');
insert into meioSocorro values(3, 'Polcia de Lixa');
insert into meioSocorro values(2, 'Bombeiros de Vila das Aves');
insert into meioSocorro values(2, 'Bombeiros de Gondomar');
insert into meioSocorro values(2, 'Bombeiros de Felgueiras');
insert into meioSocorro values(2, 'Junta de Freguesia de Seixal');
insert into meioSocorro values(0, 'Bombeiros de Elvas');
insert into meioSocorro values(2, 'Bombeiros de Elvas');
insert into meioSocorro values(1, 'Polcia de Lagoa');
insert into meioSocorro values(2, 'Polcia de Lagoa');
insert into meioSocorro values(2, 'Junta de Freguesia de Santo Tirso');
insert into meioSocorro values(2, 'Junta de Freguesia de Aveiro');
insert into meioSocorro values(2, 'Junta de Freguesia de Lixa');
insert into meioSocorro values(2, 'Polcia de Ftima');
insert into meioSocorro values(2, 'Junta de Freguesia de Santo Andr');
insert into meioSocorro values(2, 'Junta de Freguesia de Costa da Caparica');
insert into meioSocorro values(2, 'Polcia de Beja');
insert into meioSocorro values(2, 'Bombeiros de Pombal');
insert into meioSocorro values(2, 'Junta de Freguesia de Alcochete');
insert into meioSocorro values(2, 'Bombeiros de Porto');
insert into meioSocorro values(2, 'Bombeiros de Santa Cruz');
insert into meioSocorro values(2, 'Junta de Freguesia de Chaves');
insert into meioSocorro values(2, 'Polcia de Valongo');
insert into meioSocorro values(2, 'Bombeiros de Abrantes');



insert into transporta values(2, 'Bombeiros de Abrantes', 13, 0);
insert into transporta values(2, 'Junta de Freguesia de Esmoriz', 13, 0);
insert into transporta values(2, 'Junta de Freguesia de Esmoriz', 11, 1);
insert into transporta values(2, 'Junta de Freguesia de Montemor-o-Novo', 17, 1);
insert into transporta values(2, 'Junta de Freguesia de Montemor-o-Novo', 18, 2);
insert into transporta values(3, 'Junta de Freguesia de Montemor-o-Novo', 12, 2);
insert into transporta values(3, 'Junta de Freguesia de Montemor-o-Novo', 10, 3);
insert into transporta values(2, 'Junta de Freguesia de Marzovelos', 8, 3);
insert into transporta values(2, 'Junta de Freguesia de Marzovelos', 17, 4);
insert into transporta values(2, 'Bombeiros de Montijo', 11, 4);
insert into transporta values(2, 'Bombeiros de Montijo', 19, 5);
insert into transporta values(2, 'Polcia de Vila Real', 8, 5);
insert into transporta values(2, 'Polcia de Vila Real', 5, 6);
insert into transporta values(2, 'Bombeiros de Almada', 13, 6);
insert into transporta values(2, 'Bombeiros de Almada', 10, 7);
insert into transporta values(2, 'Junta de Freguesia de So Pedro do Sul', 18, 7);
insert into transporta values(2, 'Junta de Freguesia de So Pedro do Sul', 9, 8);
insert into transporta values(2, 'Bombeiros de Aveiro', 8, 8);
insert into transporta values(2, 'Bombeiros de Aveiro', 5, 9);
insert into transporta values(2, 'Polcia de Penafiel', 13, 9);
insert into transporta values(2, 'Polcia de Penafiel', 7, 10);
insert into transporta values(2, 'Bombeiros de Espinho', 20, 10);
insert into transporta values(2, 'Bombeiros de Espinho', 7, 11);
insert into transporta values(2, 'Bombeiros de Sabugal', 17, 11);
insert into transporta values(2, 'Bombeiros de Sabugal', 8, 12);
insert into transporta values(2, 'Junta de Freguesia de Gouveia', 9, 12);
insert into transporta values(2, 'Junta de Freguesia de Gouveia', 11, 13);
insert into transporta values(2, 'Polcia de Monchique', 11, 13);
insert into transporta values(2, 'Polcia de Monchique', 7, 14);
insert into transporta values(2, 'Polcia de Leiria', 11, 14);
insert into transporta values(2, 'Polcia de Leiria', 17, 15);
insert into transporta values(2, 'Bombeiros de Horta', 19, 15);
insert into transporta values(2, 'Bombeiros de Horta', 8, 16);
insert into transporta values(2, 'Polcia de Mirandela', 12, 16);
insert into transporta values(2, 'Polcia de Mirandela', 9, 17);
insert into transporta values(2, 'Junta de Freguesia de Loures', 5, 17);
insert into transporta values(2, 'Junta de Freguesia de Loures', 18, 18);
insert into transporta values(2, 'Junta de Freguesia de Silves', 16, 18);
insert into transporta values(2, 'Junta de Freguesia de Silves', 5, 19);
insert into transporta values(2, 'Polcia de Albufeira', 15, 19);
insert into transporta values(2, 'Polcia de Albufeira', 14, 20);
insert into transporta values(2, 'Polcia de Portalegre', 5, 20);
insert into transporta values(2, 'Polcia de Portalegre', 12, 21);
insert into transporta values(2, 'Polcia de Barreiro', 17, 21);
insert into transporta values(2, 'Polcia de Barreiro', 13, 22);
insert into transporta values(2, 'Bombeiros de Faro', 12, 22);
insert into transporta values(2, 'Bombeiros de Faro', 11, 23);
insert into transporta values(3, 'Bombeiros de Faro', 5, 23);
insert into transporta values(3, 'Bombeiros de Faro', 18, 24);
insert into transporta values(2, 'Bombeiros de Ribeira Grande', 16, 24);
insert into transporta values(2, 'Bombeiros de Ribeira Grande', 16, 25);
insert into transporta values(2, 'Polcia de Loul', 11, 25);
insert into transporta values(2, 'Polcia de Loul', 17, 26);
insert into transporta values(2, 'Junta de Freguesia de Santa Cruz', 8, 26);
insert into transporta values(2, 'Junta de Freguesia de Santa Cruz', 5, 27);
insert into transporta values(2, 'Bombeiros de Funchal', 15, 27);
insert into transporta values(2, 'Bombeiros de Funchal', 8, 28);
insert into transporta values(2, 'Bombeiros de Braga', 14, 28);
insert into transporta values(2, 'Bombeiros de Braga', 19, 29);
insert into transporta values(2, 'Junta de Freguesia de Praia da Vitria', 15, 29);
insert into transporta values(2, 'Junta de Freguesia de Praia da Vitria', 9, 30);
insert into transporta values(2, 'Polcia de Faro', 6, 30);
insert into transporta values(2, 'Polcia de Faro', 9, 31);
insert into transporta values(2, 'Polcia de Silves', 15, 31);
insert into transporta values(2, 'Polcia de Silves', 16, 32);
insert into transporta values(1, 'Polcia de Tondela', 18, 32);
insert into transporta values(1, 'Polcia de Tondela', 10, 33);
insert into transporta values(2, 'Polcia de Tondela', 19, 33);
insert into transporta values(2, 'Polcia de Tondela', 18, 34);
insert into transporta values(3, 'Polcia de Tondela', 15, 34);
insert into transporta values(3, 'Polcia de Tondela', 12, 35);
insert into transporta values(2, 'Junta de Freguesia de Lagoa', 20, 35);
insert into transporta values(2, 'Junta de Freguesia de Lagoa', 10, 36);
insert into transporta values(2, 'Polcia de Loures', 6, 36);
insert into transporta values(2, 'Polcia de Loures', 11, 37);
insert into transporta values(2, 'Polcia de Alcobaa', 16, 37);
insert into transporta values(2, 'Polcia de Alcobaa', 14, 38);
insert into transporta values(2, 'Junta de Freguesia de Alfena', 16, 38);
insert into transporta values(2, 'Junta de Freguesia de Alfena', 18, 39);
insert into transporta values(1, 'Junta de Freguesia de Horta', 6, 39);
insert into transporta values(1, 'Junta de Freguesia de Horta', 18, 40);
insert into transporta values(2, 'Junta de Freguesia de Horta', 17, 40);
insert into transporta values(2, 'Junta de Freguesia de Horta', 17, 41);
insert into transporta values(2, 'Junta de Freguesia de gueda', 17, 41);
insert into transporta values(2, 'Junta de Freguesia de gueda', 8, 42);
insert into transporta values(2, 'Bombeiros de Esmoriz', 13, 42);
insert into transporta values(2, 'Bombeiros de Esmoriz', 19, 43);
insert into transporta values(2, 'Junta de Freguesia de Penafiel', 16, 43);
insert into transporta values(2, 'Junta de Freguesia de Penafiel', 15, 44);
insert into transporta values(2, 'Junta de Freguesia de Ovar', 6, 44);
insert into transporta values(2, 'Junta de Freguesia de Ovar', 17, 45);
insert into transporta values(2, 'Junta de Freguesia de Rio Maior', 10, 45);
insert into transporta values(2, 'Junta de Freguesia de Rio Maior', 15, 46);
insert into transporta values(2, 'Junta de Freguesia de Valongo', 19, 46);
insert into transporta values(2, 'Junta de Freguesia de Valongo', 8, 47);
insert into transporta values(3, 'Junta de Freguesia de Valongo', 19, 47);
insert into transporta values(3, 'Junta de Freguesia de Valongo', 9, 48);
insert into transporta values(0, 'Bombeiros de Barreiro', 5, 48);
insert into transporta values(0, 'Bombeiros de Barreiro', 16, 49);
insert into transporta values(2, 'Bombeiros de Barreiro', 13, 49);
insert into transporta values(2, 'Bombeiros de Barreiro', 13, 50);
insert into transporta values(0, 'Polcia de Santa Cruz', 7, 50);
insert into transporta values(0, 'Polcia de Santa Cruz', 11, 51);
insert into transporta values(2, 'Polcia de Santa Cruz', 11, 51);
insert into transporta values(2, 'Polcia de Santa Cruz', 15, 52);
insert into transporta values(2, 'Junta de Freguesia de Vila Nova de Gaia', 11, 52);
insert into transporta values(2, 'Junta de Freguesia de Vila Nova de Gaia', 14, 53);
insert into transporta values(2, 'Polcia de Porto', 11, 53);
insert into transporta values(2, 'Polcia de Porto', 18, 54);
insert into transporta values(2, 'Junta de Freguesia de Alccer do Sal', 20, 54);
insert into transporta values(2, 'Junta de Freguesia de Alccer do Sal', 18, 55);
insert into transporta values(4, 'Junta de Freguesia de Alccer do Sal', 8, 55);
insert into transporta values(4, 'Junta de Freguesia de Alccer do Sal', 10, 56);
insert into transporta values(2, 'Bombeiros de Cascais', 9, 56);
insert into transporta values(2, 'Bombeiros de Cascais', 11, 57);
insert into transporta values(2, 'Junta de Freguesia de Oliveira do Hospital', 13, 57);
insert into transporta values(2, 'Junta de Freguesia de Oliveira do Hospital', 11, 58);
insert into transporta values(1, 'Polcia de Espinho', 20, 58);
insert into transporta values(1, 'Polcia de Espinho', 14, 59);
insert into transporta values(2, 'Polcia de Espinho', 13, 59);
insert into transporta values(2, 'Polcia de Espinho', 8, 60);
insert into transporta values(3, 'Polcia de Espinho', 9, 60);
insert into transporta values(3, 'Polcia de Espinho', 11, 61);
insert into transporta values(2, 'Junta de Freguesia de Faro', 7, 61);
insert into transporta values(2, 'Junta de Freguesia de Faro', 19, 62);
insert into transporta values(0, 'Polcia de Sabugal', 13, 62);
insert into transporta values(0, 'Polcia de Sabugal', 5, 63);
insert into transporta values(2, 'Polcia de Sabugal', 19, 63);
insert into transporta values(2, 'Polcia de Sabugal', 10, 64);
insert into transporta values(1, 'Junta de Freguesia de Elvas', 6, 64);
insert into transporta values(1, 'Junta de Freguesia de Elvas', 20, 65);
insert into transporta values(2, 'Junta de Freguesia de Elvas', 6, 65);
insert into transporta values(2, 'Junta de Freguesia de Elvas', 19, 66);
insert into transporta values(3, 'Junta de Freguesia de Elvas', 12, 66);
insert into transporta values(3, 'Junta de Freguesia de Elvas', 7, 67);
insert into transporta values(2, 'Bombeiros de Portalegre', 16, 67);
insert into transporta values(2, 'Bombeiros de Portalegre', 7, 68);
insert into transporta values(2, 'Bombeiros de Mes', 10, 68);
insert into transporta values(2, 'Bombeiros de Mes', 18, 69);
insert into transporta values(2, 'Bombeiros de Sagres', 9, 69);
insert into transporta values(2, 'Bombeiros de Sagres', 19, 70);
insert into transporta values(2, 'Bombeiros de Maia', 6, 70);
insert into transporta values(2, 'Bombeiros de Maia', 13, 71);
insert into transporta values(1, 'Polcia de Pombal', 15, 71);
insert into transporta values(1, 'Polcia de Pombal', 17, 72);
insert into transporta values(2, 'Polcia de Pombal', 13, 72);
insert into transporta values(2, 'Polcia de Pombal', 18, 73);
insert into transporta values(2, 'Polcia de Olho', 13, 73);
insert into transporta values(2, 'Polcia de Olho', 8, 74);
insert into transporta values(2, 'Polcia de Sines', 19, 74);
insert into transporta values(2, 'Polcia de Sines', 7, 75);
insert into transporta values(2, 'Polcia de Queluz', 15, 75);
insert into transporta values(2, 'Polcia de Queluz', 20, 76);
insert into transporta values(0, 'Polcia de Horta', 9, 76);
insert into transporta values(0, 'Polcia de Horta', 7, 77);
insert into transporta values(1, 'Polcia de Horta', 5, 77);
insert into transporta values(1, 'Polcia de Horta', 6, 78);
insert into transporta values(2, 'Polcia de Horta', 10, 78);
insert into transporta values(2, 'Polcia de Horta', 13, 79);
insert into transporta values(2, 'Junta de Freguesia de Viseu', 14, 79);
insert into transporta values(2, 'Junta de Freguesia de Viseu', 14, 80);
insert into transporta values(2, 'Junta de Freguesia de Leiria', 17, 80);
insert into transporta values(2, 'Junta de Freguesia de Leiria', 11, 81);
insert into transporta values(2, 'Polcia de Marco de Canavezes', 10, 81);
insert into transporta values(2, 'Polcia de Marco de Canavezes', 20, 82);
insert into transporta values(2, 'Bombeiros de Mirandela', 13, 82);
insert into transporta values(2, 'Bombeiros de Mirandela', 11, 83);
insert into transporta values(2, 'Bombeiros de Leiria', 18, 83);
insert into transporta values(2, 'Bombeiros de Leiria', 16, 84);
insert into transporta values(2, 'Junta de Freguesia de Lamego', 7, 84);
insert into transporta values(2, 'Junta de Freguesia de Lamego', 13, 85);
insert into transporta values(0, 'Bombeiros de Alvor', 14, 85);
insert into transporta values(0, 'Bombeiros de Alvor', 10, 86);
insert into transporta values(2, 'Bombeiros de Alvor', 17, 86);
insert into transporta values(2, 'Bombeiros de Alvor', 8, 87);
insert into transporta values(2, 'Junta de Freguesia de Gondomar', 5, 87);
insert into transporta values(2, 'Junta de Freguesia de Gondomar', 11, 88);
insert into transporta values(3, 'Junta de Freguesia de Gondomar', 8, 88);
insert into transporta values(3, 'Junta de Freguesia de Gondomar', 12, 89);
insert into transporta values(2, 'Polcia de Guarda', 18, 89);
insert into transporta values(2, 'Polcia de Guarda', 13, 90);
insert into transporta values(2, 'Polcia de Castro Daire', 20, 90);
insert into transporta values(2, 'Polcia de Castro Daire', 20, 91);
insert into transporta values(2, 'Bombeiros de Macedo de Cavaleiros', 5, 91);
insert into transporta values(2, 'Bombeiros de Macedo de Cavaleiros', 18, 92);
insert into transporta values(2, 'Junta de Freguesia de Pvoa de Varzim', 13, 92);
insert into transporta values(2, 'Junta de Freguesia de Pvoa de Varzim', 19, 93);
insert into transporta values(1, 'Polcia de Trofa', 11, 93);
insert into transporta values(1, 'Polcia de Trofa', 6, 94);
insert into transporta values(2, 'Polcia de Trofa', 17, 94);
insert into transporta values(2, 'Polcia de Trofa', 18, 95);
insert into transporta values(2, 'Polcia de Pvoa de Varzim', 12, 95);
insert into transporta values(2, 'Polcia de Pvoa de Varzim', 13, 96);
insert into transporta values(2, 'Polcia de Abrantes', 5, 96);
insert into transporta values(2, 'Polcia de Abrantes', 20, 97);
insert into transporta values(2, 'Bombeiros de Ovar', 8, 97);
insert into transporta values(2, 'Bombeiros de Ovar', 5, 98);
insert into transporta values(2, 'Bombeiros de Olho', 7, 98);
insert into transporta values(2, 'Bombeiros de Olho', 15, 99);
insert into transporta values(2, 'Junta de Freguesia de Machico', 15, 99);
insert into transporta values(2, 'Junta de Freguesia de Machico', 14, 100);
insert into transporta values(2, 'Bombeiros de Trancoso', 11, 100);
insert into transporta values(2, 'Bombeiros de Trancoso', 15, 101);
insert into transporta values(2, 'Polcia de Lixa', 6, 101);



insert into alocado values(1, 'Bombeiros de Abrantes', 2, 0);
insert into alocado values(1, 'Junta de Freguesia de Esmoriz', 4, 0);
insert into alocado values(1, 'Junta de Freguesia de Esmoriz', 1, 1);
insert into alocado values(4, 'Junta de Freguesia de Esmoriz', 1, 1);
insert into alocado values(4, 'Junta de Freguesia de Esmoriz', 4, 2);
insert into alocado values(1, 'Junta de Freguesia de Montemor-o-Novo', 2, 2);
insert into alocado values(1, 'Junta de Freguesia de Montemor-o-Novo', 5, 3);
insert into alocado values(4, 'Junta de Freguesia de Montemor-o-Novo', 4, 3);
insert into alocado values(4, 'Junta de Freguesia de Montemor-o-Novo', 2, 4);
insert into alocado values(1, 'Junta de Freguesia de Marzovelos', 1, 4);
insert into alocado values(1, 'Junta de Freguesia de Marzovelos', 4, 5);
insert into alocado values(2, 'Junta de Freguesia de Marzovelos', 2, 5);
insert into alocado values(2, 'Junta de Freguesia de Marzovelos', 7, 6);
insert into alocado values(3, 'Junta de Freguesia de Marzovelos', 3, 6);
insert into alocado values(3, 'Junta de Freguesia de Marzovelos', 8, 7);
insert into alocado values(4, 'Junta de Freguesia de Marzovelos', 5, 7);
insert into alocado values(4, 'Junta de Freguesia de Marzovelos', 2, 8);
insert into alocado values(1, 'Bombeiros de Montijo', 5, 8);
insert into alocado values(1, 'Bombeiros de Montijo', 1, 9);
insert into alocado values(4, 'Bombeiros de Montijo', 7, 9);
insert into alocado values(4, 'Bombeiros de Montijo', 1, 10);
insert into alocado values(1, 'Polcia de Vila Real', 6, 10);
insert into alocado values(1, 'Polcia de Vila Real', 2, 11);
insert into alocado values(1, 'Bombeiros de Almada', 7, 11);
insert into alocado values(1, 'Bombeiros de Almada', 6, 12);
insert into alocado values(0, 'Junta de Freguesia de So Pedro do Sul', 9, 12);
insert into alocado values(0, 'Junta de Freguesia de So Pedro do Sul', 5, 13);
insert into alocado values(1, 'Junta de Freguesia de So Pedro do Sul', 3, 13);
insert into alocado values(1, 'Junta de Freguesia de So Pedro do Sul', 6, 14);
insert into alocado values(4, 'Junta de Freguesia de So Pedro do Sul', 2, 14);
insert into alocado values(4, 'Junta de Freguesia de So Pedro do Sul', 8, 15);
insert into alocado values(1, 'Bombeiros de Aveiro', 1, 15);
insert into alocado values(1, 'Bombeiros de Aveiro', 2, 16);
insert into alocado values(1, 'Polcia de Penafiel', 5, 16);
insert into alocado values(1, 'Polcia de Penafiel', 4, 17);
insert into alocado values(4, 'Polcia de Penafiel', 6, 17);
insert into alocado values(4, 'Polcia de Penafiel', 6, 18);
insert into alocado values(1, 'Bombeiros de Espinho', 5, 18);
insert into alocado values(1, 'Bombeiros de Espinho', 4, 19);
insert into alocado values(1, 'Bombeiros de Sabugal', 10, 19);
insert into alocado values(1, 'Bombeiros de Sabugal', 3, 20);
insert into alocado values(3, 'Bombeiros de Sabugal', 2, 20);
insert into alocado values(3, 'Bombeiros de Sabugal', 1, 21);
insert into alocado values(1, 'Junta de Freguesia de Gouveia', 6, 21);
insert into alocado values(1, 'Junta de Freguesia de Gouveia', 4, 22);
insert into alocado values(1, 'Polcia de Monchique', 8, 22);
insert into alocado values(1, 'Polcia de Monchique', 9, 23);
insert into alocado values(1, 'Polcia de Leiria', 5, 23);
insert into alocado values(1, 'Polcia de Leiria', 7, 24);
insert into alocado values(1, 'Bombeiros de Horta', 1, 24);
insert into alocado values(1, 'Bombeiros de Horta', 5, 25);
insert into alocado values(1, 'Polcia de Mirandela', 8, 25);
insert into alocado values(1, 'Polcia de Mirandela', 4, 26);
insert into alocado values(4, 'Polcia de Mirandela', 1, 26);
insert into alocado values(4, 'Polcia de Mirandela', 5, 27);
insert into alocado values(1, 'Junta de Freguesia de Loures', 6, 27);
insert into alocado values(1, 'Junta de Freguesia de Loures', 7, 28);
insert into alocado values(4, 'Junta de Freguesia de Loures', 7, 28);
insert into alocado values(4, 'Junta de Freguesia de Loures', 10, 29);
insert into alocado values(1, 'Junta de Freguesia de Silves', 9, 29);
insert into alocado values(1, 'Junta de Freguesia de Silves', 4, 30);
insert into alocado values(4, 'Junta de Freguesia de Silves', 7, 30);
insert into alocado values(4, 'Junta de Freguesia de Silves', 3, 31);
insert into alocado values(1, 'Polcia de Albufeira', 9, 31);
insert into alocado values(1, 'Polcia de Albufeira', 3, 32);
insert into alocado values(1, 'Polcia de Portalegre', 4, 32);
insert into alocado values(1, 'Polcia de Portalegre', 10, 33);
insert into alocado values(1, 'Polcia de Barreiro', 6, 33);
insert into alocado values(1, 'Polcia de Barreiro', 2, 34);
insert into alocado values(1, 'Bombeiros de Faro', 10, 34);
insert into alocado values(1, 'Bombeiros de Faro', 8, 35);
insert into alocado values(4, 'Bombeiros de Faro', 3, 35);
insert into alocado values(4, 'Bombeiros de Faro', 10, 36);
insert into alocado values(1, 'Bombeiros de Ribeira Grande', 8, 36);
insert into alocado values(1, 'Bombeiros de Ribeira Grande', 3, 37);
insert into alocado values(1, 'Polcia de Loul', 3, 37);
insert into alocado values(1, 'Polcia de Loul', 10, 38);
insert into alocado values(2, 'Polcia de Loul', 1, 38);
insert into alocado values(2, 'Polcia de Loul', 8, 39);
insert into alocado values(1, 'Junta de Freguesia de Santa Cruz', 5, 39);
insert into alocado values(1, 'Junta de Freguesia de Santa Cruz', 1, 40);
insert into alocado values(1, 'Bombeiros de Funchal', 9, 40);
insert into alocado values(1, 'Bombeiros de Funchal', 9, 41);
insert into alocado values(4, 'Bombeiros de Funchal', 2, 41);
insert into alocado values(4, 'Bombeiros de Funchal', 1, 42);
insert into alocado values(1, 'Bombeiros de Braga', 3, 42);
insert into alocado values(1, 'Bombeiros de Braga', 6, 43);
insert into alocado values(0, 'Junta de Freguesia de Praia da Vitria', 1, 43);
insert into alocado values(0, 'Junta de Freguesia de Praia da Vitria', 9, 44);
insert into alocado values(1, 'Junta de Freguesia de Praia da Vitria', 4, 44);
insert into alocado values(1, 'Junta de Freguesia de Praia da Vitria', 8, 45);
insert into alocado values(1, 'Polcia de Faro', 10, 45);
insert into alocado values(1, 'Polcia de Faro', 1, 46);
insert into alocado values(4, 'Polcia de Faro', 4, 46);
insert into alocado values(4, 'Polcia de Faro', 3, 47);
insert into alocado values(1, 'Polcia de Silves', 7, 47);
insert into alocado values(1, 'Polcia de Silves', 10, 48);
insert into alocado values(1, 'Polcia de Tondela', 4, 48);
insert into alocado values(1, 'Polcia de Tondela', 8, 49);
insert into alocado values(1, 'Junta de Freguesia de Lagoa', 9, 49);
insert into alocado values(1, 'Junta de Freguesia de Lagoa', 1, 50);
insert into alocado values(1, 'Polcia de Loures', 1, 50);
insert into alocado values(1, 'Polcia de Loures', 4, 51);
insert into alocado values(4, 'Polcia de Loures', 9, 51);
insert into alocado values(4, 'Polcia de Loures', 4, 52);
insert into alocado values(1, 'Polcia de Alcobaa', 6, 52);
insert into alocado values(1, 'Polcia de Alcobaa', 6, 53);
insert into alocado values(1, 'Junta de Freguesia de Alfena', 10, 53);
insert into alocado values(1, 'Junta de Freguesia de Alfena', 5, 54);
insert into alocado values(1, 'Junta de Freguesia de Horta', 1, 54);
insert into alocado values(1, 'Junta de Freguesia de Horta', 3, 55);
insert into alocado values(1, 'Junta de Freguesia de gueda', 4, 55);
insert into alocado values(1, 'Junta de Freguesia de gueda', 8, 56);
insert into alocado values(2, 'Junta de Freguesia de gueda', 9, 56);
insert into alocado values(2, 'Junta de Freguesia de gueda', 10, 57);
insert into alocado values(0, 'Bombeiros de Esmoriz', 1, 57);
insert into alocado values(0, 'Bombeiros de Esmoriz', 6, 58);
insert into alocado values(1, 'Bombeiros de Esmoriz', 5, 58);
insert into alocado values(1, 'Bombeiros de Esmoriz', 8, 59);
insert into alocado values(4, 'Bombeiros de Esmoriz', 6, 59);
insert into alocado values(4, 'Bombeiros de Esmoriz', 5, 60);
insert into alocado values(1, 'Junta de Freguesia de Penafiel', 8, 60);
insert into alocado values(1, 'Junta de Freguesia de Penafiel', 7, 61);
insert into alocado values(4, 'Junta de Freguesia de Penafiel', 10, 61);
insert into alocado values(4, 'Junta de Freguesia de Penafiel', 1, 62);
insert into alocado values(1, 'Junta de Freguesia de Ovar', 8, 62);
insert into alocado values(1, 'Junta de Freguesia de Ovar', 9, 63);
insert into alocado values(4, 'Junta de Freguesia de Ovar', 3, 63);
insert into alocado values(4, 'Junta de Freguesia de Ovar', 9, 64);
insert into alocado values(1, 'Junta de Freguesia de Rio Maior', 7, 64);
insert into alocado values(1, 'Junta de Freguesia de Rio Maior', 10, 65);
insert into alocado values(0, 'Junta de Freguesia de Valongo', 5, 65);
insert into alocado values(0, 'Junta de Freguesia de Valongo', 10, 66);
insert into alocado values(1, 'Junta de Freguesia de Valongo', 1, 66);
insert into alocado values(1, 'Junta de Freguesia de Valongo', 2, 67);
insert into alocado values(2, 'Junta de Freguesia de Valongo', 8, 67);
insert into alocado values(2, 'Junta de Freguesia de Valongo', 10, 68);
insert into alocado values(4, 'Junta de Freguesia de Valongo', 4, 68);
insert into alocado values(4, 'Junta de Freguesia de Valongo', 8, 69);
insert into alocado values(1, 'Bombeiros de Barreiro', 4, 69);
insert into alocado values(1, 'Bombeiros de Barreiro', 10, 70);
insert into alocado values(1, 'Polcia de Santa Cruz', 10, 70);
insert into alocado values(1, 'Polcia de Santa Cruz', 4, 71);
insert into alocado values(4, 'Polcia de Santa Cruz', 2, 71);
insert into alocado values(4, 'Polcia de Santa Cruz', 9, 72);
insert into alocado values(1, 'Junta de Freguesia de Vila Nova de Gaia', 10, 72);
insert into alocado values(1, 'Junta de Freguesia de Vila Nova de Gaia', 3, 73);
insert into alocado values(4, 'Junta de Freguesia de Vila Nova de Gaia', 3, 73);
insert into alocado values(4, 'Junta de Freguesia de Vila Nova de Gaia', 8, 74);
insert into alocado values(1, 'Polcia de Porto', 5, 74);
insert into alocado values(1, 'Polcia de Porto', 10, 75);
insert into alocado values(1, 'Junta de Freguesia de Alccer do Sal', 2, 75);
insert into alocado values(1, 'Junta de Freguesia de Alccer do Sal', 4, 76);
insert into alocado values(4, 'Junta de Freguesia de Alccer do Sal', 9, 76);
insert into alocado values(4, 'Junta de Freguesia de Alccer do Sal', 9, 77);
insert into alocado values(1, 'Bombeiros de Cascais', 2, 77);
insert into alocado values(1, 'Bombeiros de Cascais', 7, 78);
insert into alocado values(4, 'Bombeiros de Cascais', 2, 78);
insert into alocado values(4, 'Bombeiros de Cascais', 5, 79);
insert into alocado values(1, 'Junta de Freguesia de Oliveira do Hospital', 9, 79);
insert into alocado values(1, 'Junta de Freguesia de Oliveira do Hospital', 9, 80);
insert into alocado values(1, 'Polcia de Espinho', 8, 80);
insert into alocado values(1, 'Polcia de Espinho', 5, 81);
insert into alocado values(1, 'Junta de Freguesia de Faro', 10, 81);
insert into alocado values(1, 'Junta de Freguesia de Faro', 3, 82);
insert into alocado values(1, 'Polcia de Sabugal', 5, 82);
insert into alocado values(1, 'Polcia de Sabugal', 9, 83);
insert into alocado values(1, 'Junta de Freguesia de Elvas', 3, 83);
insert into alocado values(1, 'Junta de Freguesia de Elvas', 2, 84);
insert into alocado values(4, 'Junta de Freguesia de Elvas', 7, 84);
insert into alocado values(4, 'Junta de Freguesia de Elvas', 8, 85);
insert into alocado values(1, 'Bombeiros de Portalegre', 3, 85);
insert into alocado values(1, 'Bombeiros de Portalegre', 6, 86);
insert into alocado values(1, 'Bombeiros de Mes', 1, 86);
insert into alocado values(1, 'Bombeiros de Mes', 1, 87);
insert into alocado values(1, 'Bombeiros de Sagres', 8, 87);
insert into alocado values(1, 'Bombeiros de Sagres', 6, 88);
insert into alocado values(0, 'Bombeiros de Maia', 8, 88);
insert into alocado values(0, 'Bombeiros de Maia', 4, 89);
insert into alocado values(1, 'Bombeiros de Maia', 5, 89);
insert into alocado values(1, 'Bombeiros de Maia', 8, 90);
insert into alocado values(1, 'Polcia de Pombal', 5, 90);
insert into alocado values(1, 'Polcia de Pombal', 9, 91);
insert into alocado values(4, 'Polcia de Pombal', 7, 91);
insert into alocado values(4, 'Polcia de Pombal', 6, 92);
insert into alocado values(1, 'Polcia de Olho', 2, 92);
insert into alocado values(1, 'Polcia de Olho', 4, 93);
insert into alocado values(4, 'Polcia de Olho', 2, 93);
insert into alocado values(4, 'Polcia de Olho', 4, 94);
insert into alocado values(1, 'Polcia de Sines', 1, 94);
insert into alocado values(1, 'Polcia de Sines', 6, 95);
insert into alocado values(4, 'Polcia de Sines', 8, 95);
insert into alocado values(4, 'Polcia de Sines', 10, 96);
insert into alocado values(1, 'Polcia de Queluz', 8, 96);
insert into alocado values(1, 'Polcia de Queluz', 7, 97);
insert into alocado values(4, 'Polcia de Queluz', 5, 97);
insert into alocado values(4, 'Polcia de Queluz', 1, 98);
insert into alocado values(1, 'Polcia de Horta', 4, 98);
insert into alocado values(1, 'Polcia de Horta', 7, 99);
insert into alocado values(1, 'Junta de Freguesia de Viseu', 6, 99);
insert into alocado values(1, 'Junta de Freguesia de Viseu', 1, 100);
insert into alocado values(1, 'Junta de Freguesia de Leiria', 10, 100);
insert into alocado values(1, 'Junta de Freguesia de Leiria', 8, 101);
insert into alocado values(1, 'Polcia de Marco de Canavezes', 1, 101);



insert into acciona values(0, 'Junta de Freguesia de Esmoriz', 0);
insert into acciona values(1, 'Junta de Freguesia de Esmoriz', 1);
insert into acciona values(2, 'Junta de Freguesia de Esmoriz', 1);
insert into acciona values(3, 'Junta de Freguesia de Esmoriz', 1);
insert into acciona values(2, 'Junta de Freguesia de Esmoriz', 2);
insert into acciona values(3, 'Junta de Freguesia de Esmoriz', 3);
insert into acciona values(4, 'Junta de Freguesia de Esmoriz', 3);
insert into acciona values(0, 'Junta de Freguesia de Montemor-o-Novo', 3);
insert into acciona values(1, 'Junta de Freguesia de Montemor-o-Novo', 3);
insert into acciona values(2, 'Junta de Freguesia de Montemor-o-Novo', 3);
insert into acciona values(4, 'Junta de Freguesia de Esmoriz', 4);
insert into acciona values(0, 'Junta de Freguesia de Montemor-o-Novo', 4);
insert into acciona values(1, 'Junta de Freguesia de Montemor-o-Novo', 4);
insert into acciona values(2, 'Junta de Freguesia de Montemor-o-Novo', 4);
insert into acciona values(0, 'Junta de Freguesia de Montemor-o-Novo', 5);
insert into acciona values(1, 'Junta de Freguesia de Montemor-o-Novo', 6);
insert into acciona values(2, 'Junta de Freguesia de Montemor-o-Novo', 6);
insert into acciona values(2, 'Junta de Freguesia de Montemor-o-Novo', 7);
insert into acciona values(3, 'Junta de Freguesia de Montemor-o-Novo', 7);
insert into acciona values(4, 'Junta de Freguesia de Montemor-o-Novo', 7);
insert into acciona values(3, 'Junta de Freguesia de Montemor-o-Novo', 8);
insert into acciona values(4, 'Junta de Freguesia de Montemor-o-Novo', 8);
insert into acciona values(4, 'Junta de Freguesia de Montemor-o-Novo', 9);
insert into acciona values(0, 'Junta de Freguesia de Marzovelos', 9);
insert into acciona values(1, 'Junta de Freguesia de Marzovelos', 9);
insert into acciona values(0, 'Junta de Freguesia de Marzovelos', 10);
insert into acciona values(1, 'Junta de Freguesia de Marzovelos', 10);
insert into acciona values(2, 'Junta de Freguesia de Marzovelos', 10);
insert into acciona values(3, 'Junta de Freguesia de Marzovelos', 10);
insert into acciona values(4, 'Junta de Freguesia de Marzovelos', 10);
insert into acciona values(1, 'Junta de Freguesia de Marzovelos', 11);
insert into acciona values(2, 'Junta de Freguesia de Marzovelos', 11);
insert into acciona values(2, 'Junta de Freguesia de Marzovelos', 12);
insert into acciona values(3, 'Junta de Freguesia de Marzovelos', 13);
insert into acciona values(4, 'Junta de Freguesia de Marzovelos', 13);
insert into acciona values(0, 'Bombeiros de Montijo', 13);
insert into acciona values(1, 'Bombeiros de Montijo', 13);
insert into acciona values(2, 'Bombeiros de Montijo', 13);
insert into acciona values(4, 'Junta de Freguesia de Marzovelos', 14);
insert into acciona values(0, 'Bombeiros de Montijo', 14);
insert into acciona values(1, 'Bombeiros de Montijo', 14);
insert into acciona values(0, 'Bombeiros de Montijo', 15);
insert into acciona values(1, 'Bombeiros de Montijo', 15);
insert into acciona values(2, 'Bombeiros de Montijo', 15);
insert into acciona values(3, 'Bombeiros de Montijo', 15);
insert into acciona values(1, 'Bombeiros de Montijo', 16);
insert into acciona values(2, 'Bombeiros de Montijo', 16);
insert into acciona values(3, 'Bombeiros de Montijo', 16);
insert into acciona values(2, 'Bombeiros de Montijo', 17);
insert into acciona values(3, 'Bombeiros de Montijo', 18);
insert into acciona values(4, 'Bombeiros de Montijo', 18);
insert into acciona values(4, 'Bombeiros de Montijo', 19);
insert into acciona values(0, 'Polcia de Vila Real', 19);
insert into acciona values(0, 'Polcia de Vila Real', 20);
insert into acciona values(1, 'Polcia de Vila Real', 20);
insert into acciona values(2, 'Polcia de Vila Real', 20);
insert into acciona values(0, 'Bombeiros de Almada', 20);
insert into acciona values(1, 'Bombeiros de Almada', 20);
insert into acciona values(1, 'Polcia de Vila Real', 21);
insert into acciona values(2, 'Polcia de Vila Real', 21);
insert into acciona values(0, 'Bombeiros de Almada', 21);
insert into acciona values(1, 'Bombeiros de Almada', 21);
insert into acciona values(2, 'Polcia de Vila Real', 22);
insert into acciona values(0, 'Bombeiros de Almada', 23);
insert into acciona values(1, 'Bombeiros de Almada', 23);
insert into acciona values(2, 'Bombeiros de Almada', 23);
insert into acciona values(1, 'Bombeiros de Almada', 24);
insert into acciona values(2, 'Bombeiros de Almada', 24);
insert into acciona values(2, 'Bombeiros de Almada', 25);
insert into acciona values(0, 'Junta de Freguesia de So Pedro do Sul', 26);
insert into acciona values(1, 'Junta de Freguesia de So Pedro do Sul', 26);
insert into acciona values(2, 'Junta de Freguesia de So Pedro do Sul', 26);
insert into acciona values(1, 'Junta de Freguesia de So Pedro do Sul', 27);
insert into acciona values(2, 'Junta de Freguesia de So Pedro do Sul', 27);
insert into acciona values(2, 'Junta de Freguesia de So Pedro do Sul', 28);
insert into acciona values(3, 'Junta de Freguesia de So Pedro do Sul', 28);
insert into acciona values(4, 'Junta de Freguesia de So Pedro do Sul', 28);
insert into acciona values(0, 'Bombeiros de Aveiro', 28);
insert into acciona values(1, 'Bombeiros de Aveiro', 28);
insert into acciona values(3, 'Junta de Freguesia de So Pedro do Sul', 29);
insert into acciona values(4, 'Junta de Freguesia de So Pedro do Sul', 29);
insert into acciona values(0, 'Bombeiros de Aveiro', 29);
insert into acciona values(1, 'Bombeiros de Aveiro', 29);
insert into acciona values(2, 'Bombeiros de Aveiro', 29);
insert into acciona values(4, 'Junta de Freguesia de So Pedro do Sul', 30);
insert into acciona values(0, 'Bombeiros de Aveiro', 30);
insert into acciona values(1, 'Bombeiros de Aveiro', 30);
insert into acciona values(2, 'Bombeiros de Aveiro', 30);
insert into acciona values(0, 'Bombeiros de Aveiro', 31);
insert into acciona values(1, 'Bombeiros de Aveiro', 32);
insert into acciona values(2, 'Bombeiros de Aveiro', 33);
insert into acciona values(3, 'Bombeiros de Aveiro', 33);
insert into acciona values(3, 'Bombeiros de Aveiro', 34);
insert into acciona values(0, 'Polcia de Penafiel', 34);
insert into acciona values(1, 'Polcia de Penafiel', 34);
insert into acciona values(2, 'Polcia de Penafiel', 34);
insert into acciona values(3, 'Polcia de Penafiel', 34);
insert into acciona values(0, 'Polcia de Penafiel', 35);
insert into acciona values(1, 'Polcia de Penafiel', 35);
insert into acciona values(1, 'Polcia de Penafiel', 36);
insert into acciona values(2, 'Polcia de Penafiel', 36);
insert into acciona values(2, 'Polcia de Penafiel', 37);
insert into acciona values(3, 'Polcia de Penafiel', 37);
insert into acciona values(4, 'Polcia de Penafiel', 37);
insert into acciona values(0, 'Bombeiros de Espinho', 37);
insert into acciona values(1, 'Bombeiros de Espinho', 37);
insert into acciona values(3, 'Polcia de Penafiel', 38);
insert into acciona values(4, 'Polcia de Penafiel', 38);
insert into acciona values(0, 'Bombeiros de Espinho', 38);
insert into acciona values(1, 'Bombeiros de Espinho', 38);
insert into acciona values(4, 'Polcia de Penafiel', 39);
insert into acciona values(0, 'Bombeiros de Espinho', 40);
insert into acciona values(1, 'Bombeiros de Espinho', 40);
insert into acciona values(2, 'Bombeiros de Espinho', 40);
insert into acciona values(3, 'Bombeiros de Espinho', 40);
insert into acciona values(0, 'Bombeiros de Sabugal', 40);
insert into acciona values(1, 'Bombeiros de Espinho', 41);
insert into acciona values(2, 'Bombeiros de Espinho', 41);
insert into acciona values(3, 'Bombeiros de Espinho', 41);
insert into acciona values(0, 'Bombeiros de Sabugal', 41);
insert into acciona values(2, 'Bombeiros de Espinho', 42);
insert into acciona values(3, 'Bombeiros de Espinho', 42);
insert into acciona values(0, 'Bombeiros de Sabugal', 42);
insert into acciona values(1, 'Bombeiros de Sabugal', 42);
insert into acciona values(2, 'Bombeiros de Sabugal', 42);
insert into acciona values(3, 'Bombeiros de Espinho', 43);
insert into acciona values(0, 'Bombeiros de Sabugal', 43);
insert into acciona values(1, 'Bombeiros de Sabugal', 43);
insert into acciona values(2, 'Bombeiros de Sabugal', 43);
insert into acciona values(0, 'Bombeiros de Sabugal', 44);
insert into acciona values(1, 'Bombeiros de Sabugal', 44);
insert into acciona values(2, 'Bombeiros de Sabugal', 44);
insert into acciona values(3, 'Bombeiros de Sabugal', 44);
insert into acciona values(0, 'Junta de Freguesia de Gouveia', 44);
insert into acciona values(1, 'Bombeiros de Sabugal', 45);
insert into acciona values(2, 'Bombeiros de Sabugal', 45);
insert into acciona values(2, 'Bombeiros de Sabugal', 46);
insert into acciona values(3, 'Bombeiros de Sabugal', 46);
insert into acciona values(0, 'Junta de Freguesia de Gouveia', 46);
insert into acciona values(1, 'Junta de Freguesia de Gouveia', 46);
insert into acciona values(2, 'Junta de Freguesia de Gouveia', 46);
insert into acciona values(3, 'Bombeiros de Sabugal', 47);
insert into acciona values(0, 'Junta de Freguesia de Gouveia', 48);
insert into acciona values(1, 'Junta de Freguesia de Gouveia', 48);
insert into acciona values(1, 'Junta de Freguesia de Gouveia', 49);
insert into acciona values(2, 'Junta de Freguesia de Gouveia', 49);
insert into acciona values(2, 'Junta de Freguesia de Gouveia', 50);
insert into acciona values(0, 'Polcia de Monchique', 50);
insert into acciona values(0, 'Polcia de Monchique', 51);
insert into acciona values(1, 'Polcia de Monchique', 51);
insert into acciona values(2, 'Polcia de Monchique', 51);
insert into acciona values(1, 'Polcia de Monchique', 52);
insert into acciona values(2, 'Polcia de Monchique', 52);
insert into acciona values(3, 'Polcia de Monchique', 52);
insert into acciona values(2, 'Polcia de Monchique', 53);
insert into acciona values(3, 'Polcia de Monchique', 54);
insert into acciona values(0, 'Polcia de Leiria', 54);
insert into acciona values(0, 'Polcia de Leiria', 55);
insert into acciona values(1, 'Polcia de Leiria', 55);
insert into acciona values(1, 'Polcia de Leiria', 56);
insert into acciona values(2, 'Polcia de Leiria', 56);
insert into acciona values(2, 'Polcia de Leiria', 57);
insert into acciona values(0, 'Bombeiros de Horta', 58);
insert into acciona values(1, 'Bombeiros de Horta', 58);
insert into acciona values(1, 'Bombeiros de Horta', 59);
insert into acciona values(2, 'Bombeiros de Horta', 59);
insert into acciona values(2, 'Bombeiros de Horta', 60);
insert into acciona values(0, 'Polcia de Mirandela', 60);
insert into acciona values(0, 'Polcia de Mirandela', 61);
insert into acciona values(1, 'Polcia de Mirandela', 61);
insert into acciona values(1, 'Polcia de Mirandela', 62);
insert into acciona values(2, 'Polcia de Mirandela', 63);
insert into acciona values(3, 'Polcia de Mirandela', 63);
insert into acciona values(4, 'Polcia de Mirandela', 63);
insert into acciona values(0, 'Junta de Freguesia de Loures', 63);
insert into acciona values(1, 'Junta de Freguesia de Loures', 63);
insert into acciona values(3, 'Polcia de Mirandela', 64);
insert into acciona values(4, 'Polcia de Mirandela', 64);
insert into acciona values(0, 'Junta de Freguesia de Loures', 64);
insert into acciona values(1, 'Junta de Freguesia de Loures', 64);
insert into acciona values(4, 'Polcia de Mirandela', 65);
insert into acciona values(0, 'Junta de Freguesia de Loures', 65);
insert into acciona values(0, 'Junta de Freguesia de Loures', 66);
insert into acciona values(1, 'Junta de Freguesia de Loures', 66);
insert into acciona values(2, 'Junta de Freguesia de Loures', 66);
insert into acciona values(3, 'Junta de Freguesia de Loures', 66);
insert into acciona values(1, 'Junta de Freguesia de Loures', 67);
insert into acciona values(2, 'Junta de Freguesia de Loures', 67);
insert into acciona values(3, 'Junta de Freguesia de Loures', 67);
insert into acciona values(4, 'Junta de Freguesia de Loures', 67);
insert into acciona values(0, 'Junta de Freguesia de Silves', 67);
insert into acciona values(2, 'Junta de Freguesia de Loures', 68);
insert into acciona values(3, 'Junta de Freguesia de Loures', 68);
insert into acciona values(4, 'Junta de Freguesia de Loures', 68);
insert into acciona values(0, 'Junta de Freguesia de Silves', 68);
insert into acciona values(1, 'Junta de Freguesia de Silves', 68);
insert into acciona values(3, 'Junta de Freguesia de Loures', 69);
insert into acciona values(4, 'Junta de Freguesia de Loures', 69);
insert into acciona values(4, 'Junta de Freguesia de Loures', 70);
insert into acciona values(0, 'Junta de Freguesia de Silves', 70);
insert into acciona values(1, 'Junta de Freguesia de Silves', 70);
insert into acciona values(2, 'Junta de Freguesia de Silves', 70);
insert into acciona values(0, 'Junta de Freguesia de Silves', 71);
insert into acciona values(1, 'Junta de Freguesia de Silves', 71);
insert into acciona values(2, 'Junta de Freguesia de Silves', 71);
insert into acciona values(1, 'Junta de Freguesia de Silves', 72);
insert into acciona values(2, 'Junta de Freguesia de Silves', 73);
insert into acciona values(3, 'Junta de Freguesia de Silves', 73);
insert into acciona values(3, 'Junta de Freguesia de Silves', 74);
insert into acciona values(4, 'Junta de Freguesia de Silves', 74);
insert into acciona values(4, 'Junta de Freguesia de Silves', 75);
insert into acciona values(0, 'Polcia de Albufeira', 75);
insert into acciona values(1, 'Polcia de Albufeira', 75);
insert into acciona values(2, 'Polcia de Albufeira', 75);
insert into acciona values(0, 'Polcia de Albufeira', 76);
insert into acciona values(1, 'Polcia de Albufeira', 76);
insert into acciona values(2, 'Polcia de Albufeira', 76);
insert into acciona values(1, 'Polcia de Albufeira', 77);
insert into acciona values(2, 'Polcia de Albufeira', 77);
insert into acciona values(2, 'Polcia de Albufeira', 78);
insert into acciona values(3, 'Polcia de Albufeira', 79);
insert into acciona values(0, 'Polcia de Portalegre', 79);
insert into acciona values(0, 'Polcia de Portalegre', 80);
insert into acciona values(1, 'Polcia de Portalegre', 80);
insert into acciona values(2, 'Polcia de Portalegre', 80);
insert into acciona values(1, 'Polcia de Portalegre', 81);
insert into acciona values(2, 'Polcia de Portalegre', 81);
insert into acciona values(2, 'Polcia de Portalegre', 82);
insert into acciona values(0, 'Polcia de Barreiro', 82);
insert into acciona values(1, 'Polcia de Barreiro', 82);
insert into acciona values(0, 'Polcia de Barreiro', 83);
insert into acciona values(1, 'Polcia de Barreiro', 83);
insert into acciona values(2, 'Polcia de Barreiro', 83);
insert into acciona values(1, 'Polcia de Barreiro', 84);
insert into acciona values(2, 'Polcia de Barreiro', 84);
insert into acciona values(3, 'Polcia de Barreiro', 84);
insert into acciona values(0, 'Bombeiros de Faro', 84);
insert into acciona values(2, 'Polcia de Barreiro', 85);
insert into acciona values(3, 'Polcia de Barreiro', 85);
insert into acciona values(3, 'Polcia de Barreiro', 86);
insert into acciona values(0, 'Bombeiros de Faro', 86);
insert into acciona values(0, 'Bombeiros de Faro', 87);
insert into acciona values(1, 'Bombeiros de Faro', 87);
insert into acciona values(2, 'Bombeiros de Faro', 87);
insert into acciona values(1, 'Bombeiros de Faro', 88);
insert into acciona values(2, 'Bombeiros de Faro', 89);
insert into acciona values(3, 'Bombeiros de Faro', 89);
insert into acciona values(4, 'Bombeiros de Faro', 89);
insert into acciona values(0, 'Bombeiros de Ribeira Grande', 89);
insert into acciona values(3, 'Bombeiros de Faro', 90);
insert into acciona values(4, 'Bombeiros de Faro', 90);
insert into acciona values(0, 'Bombeiros de Ribeira Grande', 90);
insert into acciona values(4, 'Bombeiros de Faro', 91);
insert into acciona values(0, 'Bombeiros de Ribeira Grande', 91);
insert into acciona values(0, 'Bombeiros de Ribeira Grande', 92);
insert into acciona values(1, 'Bombeiros de Ribeira Grande', 92);
insert into acciona values(2, 'Bombeiros de Ribeira Grande', 92);
insert into acciona values(1, 'Bombeiros de Ribeira Grande', 93);
insert into acciona values(2, 'Bombeiros de Ribeira Grande', 94);
insert into acciona values(0, 'Polcia de Loul', 95);
insert into acciona values(1, 'Polcia de Loul', 95);
insert into acciona values(2, 'Polcia de Loul', 95);
insert into acciona values(3, 'Polcia de Loul', 95);
insert into acciona values(0, 'Junta de Freguesia de Santa Cruz', 95);
insert into acciona values(1, 'Polcia de Loul', 96);
insert into acciona values(2, 'Polcia de Loul', 96);
insert into acciona values(3, 'Polcia de Loul', 96);
insert into acciona values(2, 'Polcia de Loul', 97);
insert into acciona values(3, 'Polcia de Loul', 97);
insert into acciona values(0, 'Junta de Freguesia de Santa Cruz', 97);
insert into acciona values(1, 'Junta de Freguesia de Santa Cruz', 97);
insert into acciona values(3, 'Polcia de Loul', 98);
insert into acciona values(0, 'Junta de Freguesia de Santa Cruz', 98);
insert into acciona values(1, 'Junta de Freguesia de Santa Cruz', 98);
insert into acciona values(2, 'Junta de Freguesia de Santa Cruz', 98);
insert into acciona values(3, 'Junta de Freguesia de Santa Cruz', 98);
insert into acciona values(0, 'Junta de Freguesia de Santa Cruz', 99);
insert into acciona values(1, 'Junta de Freguesia de Santa Cruz', 100);
insert into acciona values(2, 'Junta de Freguesia de Santa Cruz', 100);
insert into acciona values(3, 'Junta de Freguesia de Santa Cruz', 100);
insert into acciona values(2, 'Junta de Freguesia de Santa Cruz', 101);
insert into acciona values(3, 'Junta de Freguesia de Santa Cruz', 101);
insert into acciona values(0, 'Bombeiros de Funchal', 101);
insert into acciona values(1, 'Bombeiros de Funchal', 101);
insert into acciona values(2, 'Bombeiros de Funchal', 101);



insert into coordenador values(0);
insert into coordenador values(1);
insert into coordenador values(2);
insert into coordenador values(3);
insert into coordenador values(4);
insert into coordenador values(5);
insert into coordenador values(6);
insert into coordenador values(7);
insert into coordenador values(8);
insert into coordenador values(9);
insert into coordenador values(10);
insert into coordenador values(11);
insert into coordenador values(12);
insert into coordenador values(13);
insert into coordenador values(14);
insert into coordenador values(15);
insert into coordenador values(16);
insert into coordenador values(17);
insert into coordenador values(18);
insert into coordenador values(19);
insert into coordenador values(20);
insert into coordenador values(21);
insert into coordenador values(22);
insert into coordenador values(23);
insert into coordenador values(24);
insert into coordenador values(25);
insert into coordenador values(26);
insert into coordenador values(27);
insert into coordenador values(28);
insert into coordenador values(29);
insert into coordenador values(30);
insert into coordenador values(31);
insert into coordenador values(32);
insert into coordenador values(33);
insert into coordenador values(34);
insert into coordenador values(35);
insert into coordenador values(36);
insert into coordenador values(37);
insert into coordenador values(38);
insert into coordenador values(39);
insert into coordenador values(40);
insert into coordenador values(41);
insert into coordenador values(42);
insert into coordenador values(43);
insert into coordenador values(44);
insert into coordenador values(45);
insert into coordenador values(46);
insert into coordenador values(47);
insert into coordenador values(48);
insert into coordenador values(49);
insert into coordenador values(50);
insert into coordenador values(51);
insert into coordenador values(52);
insert into coordenador values(53);
insert into coordenador values(54);
insert into coordenador values(55);
insert into coordenador values(56);
insert into coordenador values(57);
insert into coordenador values(58);
insert into coordenador values(59);
insert into coordenador values(60);
insert into coordenador values(61);
insert into coordenador values(62);
insert into coordenador values(63);
insert into coordenador values(64);
insert into coordenador values(65);
insert into coordenador values(66);
insert into coordenador values(67);
insert into coordenador values(68);
insert into coordenador values(69);
insert into coordenador values(70);
insert into coordenador values(71);
insert into coordenador values(72);
insert into coordenador values(73);
insert into coordenador values(74);
insert into coordenador values(75);
insert into coordenador values(76);
insert into coordenador values(77);
insert into coordenador values(78);
insert into coordenador values(79);
insert into coordenador values(80);
insert into coordenador values(81);
insert into coordenador values(82);
insert into coordenador values(83);
insert into coordenador values(84);
insert into coordenador values(85);
insert into coordenador values(86);
insert into coordenador values(87);
insert into coordenador values(88);
insert into coordenador values(89);
insert into coordenador values(90);
insert into coordenador values(91);
insert into coordenador values(92);
insert into coordenador values(93);
insert into coordenador values(94);
insert into coordenador values(95);
insert into coordenador values(96);
insert into coordenador values(97);
insert into coordenador values(98);
insert into coordenador values(99);
insert into coordenador values(100);
insert into coordenador values(101);



insert into audita values(0, 0, 'Junta de Freguesia de Santa Cruz', 98, '2018-03-31 17:15:37', '2018-03-31 17:32:55', '2018-03-31 17:15:37', 'Auditado.');
insert into audita values(1, 1, 'Bombeiros de Montijo', 13, '2018-04-01 09:51:12', '2018-04-01 09:53:49', '2018-04-01 09:51:12', 'Auditado.');
insert into audita values(2, 1, 'Polcia de Albufeira', 75, '2018-07-08 11:17:12', '2018-07-08 11:36:59', '2018-07-08 11:17:12', 'Auditado.');
insert into audita values(3, 1, 'Junta de Freguesia de Marzovelos', 9, '2016-07-05 17:56:17', '2016-07-05 17:58:41', '2016-07-05 17:56:17', 'Auditado.');
insert into audita values(4, 1, 'Bombeiros de Almada', 20, '2016-11-23 16:04:35', '2016-11-23 16:13:46', '2016-11-23 16:04:35', 'Auditado.');
insert into audita values(5, 4, 'Junta de Freguesia de Esmoriz', 3, '2016-05-16 02:16:42', '2016-05-16 02:30:44', '2016-05-16 02:16:42', 'Auditado.');
insert into audita values(6, 3, 'Bombeiros de Espinho', 43, '2016-01-14 09:43:39', '2016-01-14 09:59:16', '2016-01-14 09:43:39', 'Auditado.');
insert into audita values(7, 3, 'Bombeiros de Faro', 90, '2016-12-10 04:30:06', '2016-12-10 04:36:29', '2016-12-10 04:30:06', 'Auditado.');
insert into audita values(8, 3, 'Bombeiros de Sabugal', 46, '2017-06-20 10:21:51', '2017-06-20 10:23:59', '2017-06-20 10:21:51', 'Auditado.');
insert into audita values(9, 0, 'Junta de Freguesia de Santa Cruz', 97, '2018-10-20 16:41:09', '2018-10-20 16:56:02', '2018-10-20 16:41:09', 'Auditado.');
insert into audita values(10, 3, 'Junta de Freguesia de So Pedro do Sul', 29, '2017-01-17 14:56:56', '2017-01-17 15:16:42', '2017-01-17 14:56:56', 'Auditado.');
insert into audita values(11, 2, 'Junta de Freguesia de Gouveia', 46, '2018-07-17 21:11:25', '2018-07-17 21:26:26', '2018-07-17 21:11:25', 'Auditado.');
insert into audita values(12, 1, 'Bombeiros de Montijo', 16, '2017-10-21 15:17:04', '2017-10-21 15:26:40', '2017-10-21 15:17:04', 'Auditado.');
insert into audita values(13, 0, 'Bombeiros de Almada', 23, '2017-02-11 21:26:49', '2017-02-11 21:42:00', '2017-02-11 21:26:49', 'Auditado.');
insert into audita values(14, 4, 'Junta de Freguesia de Loures', 67, '2017-12-23 15:47:16', '2017-12-23 16:00:35', '2017-12-23 15:47:16', 'Auditado.');
insert into audita values(15, 1, 'Junta de Freguesia de Silves', 68, '2017-03-02 20:40:19', '2017-03-02 20:58:39', '2017-03-02 20:40:19', 'Auditado.');
insert into audita values(16, 2, 'Bombeiros de Montijo', 17, '2017-01-02 07:15:27', '2017-01-02 07:33:54', '2017-01-02 07:15:27', 'Auditado.');
insert into audita values(17, 3, 'Polcia de Penafiel', 38, '2018-03-18 15:36:57', '2018-03-18 15:40:33', '2018-03-18 15:36:57', 'Auditado.');
insert into audita values(18, 4, 'Polcia de Penafiel', 37, '2017-10-01 10:36:04', '2017-10-01 10:43:18', '2017-10-01 10:36:04', 'Auditado.');
insert into audita values(19, 2, 'Bombeiros de Almada', 23, '2018-01-05 16:17:42', '2018-01-05 16:29:51', '2018-01-05 16:17:42', 'Auditado.');
insert into audita values(20, 3, 'Junta de Freguesia de Loures', 68, '2018-11-11 16:35:55', '2018-11-11 16:53:33', '2018-11-11 16:35:55', 'Auditado.');
insert into audita values(21, 4, 'Polcia de Penafiel', 37, '2016-09-14 21:07:41', '2016-09-14 21:19:31', '2016-09-14 21:07:41', 'Auditado.');
insert into audita values(22, 4, 'Bombeiros de Montijo', 18, '2016-07-05 16:32:22', '2016-07-05 16:40:38', '2016-07-05 16:32:22', 'Auditado.');
insert into audita values(23, 1, 'Polcia de Loul', 95, '2016-10-28 05:22:38', '2016-10-28 05:42:16', '2016-10-28 05:22:38', 'Auditado.');
insert into audita values(24, 3, 'Junta de Freguesia de Silves', 74, '2017-12-27 15:05:05', '2017-12-27 15:20:32', '2017-12-27 15:05:05', 'Auditado.');
insert into audita values(25, 0, 'Bombeiros de Ribeira Grande', 90, '2016-12-04 15:41:02', '2016-12-04 15:47:06', '2016-12-04 15:41:02', 'Auditado.');
insert into audita values(26, 0, 'Bombeiros de Ribeira Grande', 90, '2016-07-31 07:30:29', '2016-07-31 07:39:32', '2016-07-31 07:30:29', 'Auditado.');
insert into audita values(27, 2, 'Bombeiros de Ribeira Grande', 92, '2018-06-11 14:54:42', '2018-06-11 15:04:39', '2018-06-11 14:54:42', 'Auditado.');
insert into audita values(28, 3, 'Polcia de Monchique', 54, '2016-12-26 07:43:04', '2016-12-26 07:47:19', '2016-12-26 07:43:04', 'Auditado.');
insert into audita values(29, 1, 'Polcia de Leiria', 56, '2016-07-06 04:42:32', '2016-07-06 05:01:05', '2016-07-06 04:42:32', 'Auditado.');
insert into audita values(30, 1, 'Bombeiros de Aveiro', 28, '2016-03-20 02:25:03', '2016-03-20 02:36:51', '2016-03-20 02:25:03', 'Auditado.');
insert into audita values(31, 2, 'Bombeiros de Ribeira Grande', 92, '2017-12-28 11:46:23', '2017-12-28 12:06:03', '2017-12-28 11:46:23', 'Auditado.');
insert into audita values(32, 0, 'Junta de Freguesia de Silves', 67, '2016-08-21 07:31:47', '2016-08-21 07:49:41', '2016-08-21 07:31:47', 'Auditado.');
insert into audita values(33, 3, 'Bombeiros de Espinho', 41, '2018-06-23 17:55:19', '2018-06-23 18:06:52', '2018-06-23 17:55:19', 'Auditado.');
insert into audita values(34, 3, 'Polcia de Loul', 97, '2016-11-17 11:04:12', '2016-11-17 11:09:35', '2016-11-17 11:04:12', 'Auditado.');
insert into audita values(35, 1, 'Junta de Freguesia de Santa Cruz', 100, '2018-09-26 13:29:35', '2018-09-26 13:49:18', '2018-09-26 13:29:35', 'Auditado.');
insert into audita values(36, 4, 'Junta de Freguesia de Loures', 69, '2018-06-10 19:23:22', '2018-06-10 19:38:14', '2018-06-10 19:23:22', 'Auditado.');
insert into audita values(37, 1, 'Bombeiros de Aveiro', 28, '2017-10-29 04:10:37', '2017-10-29 04:18:11', '2017-10-29 04:10:37', 'Auditado.');
insert into audita values(38, 0, 'Junta de Freguesia de Santa Cruz', 99, '2017-10-23 16:00:29', '2017-10-23 16:18:52', '2017-10-23 16:00:29', 'Auditado.');
insert into audita values(39, 0, 'Bombeiros de Ribeira Grande', 90, '2016-03-12 21:35:04', '2016-03-12 21:51:45', '2016-03-12 21:35:04', 'Auditado.');
insert into audita values(40, 2, 'Bombeiros de Horta', 60, '2018-01-15 07:48:15', '2018-01-15 08:06:55', '2018-01-15 07:48:15', 'Auditado.');
insert into audita values(41, 2, 'Polcia de Loul', 97, '2016-06-30 12:10:48', '2016-06-30 12:18:03', '2016-06-30 12:10:48', 'Auditado.');
insert into audita values(42, 4, 'Junta de Freguesia de So Pedro do Sul', 30, '2016-01-27 02:13:09', '2016-01-27 02:29:20', '2016-01-27 02:13:09', 'Auditado.');
insert into audita values(43, 3, 'Polcia de Monchique', 52, '2017-08-10 11:18:14', '2017-08-10 11:21:39', '2017-08-10 11:18:14', 'Auditado.');
insert into audita values(44, 1, 'Junta de Freguesia de Marzovelos', 11, '2017-04-28 04:51:33', '2017-04-28 05:07:39', '2017-04-28 04:51:33', 'Auditado.');
insert into audita values(45, 2, 'Junta de Freguesia de Loures', 67, '2018-04-07 12:55:57', '2018-04-07 13:07:50', '2018-04-07 12:55:57', 'Auditado.');
insert into audita values(46, 0, 'Junta de Freguesia de Montemor-o-Novo', 5, '2018-01-26 21:27:32', '2018-01-26 21:45:52', '2018-01-26 21:27:32', 'Auditado.');
insert into audita values(47, 1, 'Bombeiros de Sabugal', 45, '2016-03-13 06:50:47', '2016-03-13 06:55:28', '2016-03-13 06:50:47', 'Auditado.');
insert into audita values(48, 2, 'Bombeiros de Montijo', 15, '2017-04-14 10:25:50', '2017-04-14 10:34:23', '2017-04-14 10:25:50', 'Auditado.');
insert into audita values(49, 1, 'Junta de Freguesia de Montemor-o-Novo', 6, '2018-04-08 18:23:11', '2018-04-08 18:41:28', '2018-04-08 18:23:11', 'Auditado.');
insert into audita values(50, 0, 'Bombeiros de Ribeira Grande', 91, '2016-10-12 07:19:57', '2016-10-12 07:30:46', '2016-10-12 07:19:57', 'Auditado.');
insert into audita values(51, 0, 'Bombeiros de Sabugal', 42, '2018-12-12 17:20:23', '2018-12-12 17:29:10', '2018-12-12 17:20:23', 'Auditado.');
insert into audita values(52, 2, 'Bombeiros de Almada', 24, '2017-04-24 20:49:38', '2017-04-24 21:03:28', '2017-04-24 20:49:38', 'Auditado.');
insert into audita values(53, 2, 'Junta de Freguesia de Marzovelos', 10, '2018-01-13 07:34:42', '2018-01-13 07:42:49', '2018-01-13 07:34:42', 'Auditado.');
insert into audita values(54, 1, 'Polcia de Penafiel', 36, '2016-09-25 13:03:31', '2016-09-25 13:11:19', '2016-09-25 13:03:31', 'Auditado.');
insert into audita values(55, 4, 'Polcia de Mirandela', 65, '2016-09-14 17:51:34', '2016-09-14 18:05:52', '2016-09-14 17:51:34', 'Auditado.');
insert into audita values(56, 1, 'Junta de Freguesia de Silves', 68, '2018-01-15 10:41:12', '2018-01-15 10:56:42', '2018-01-15 10:41:12', 'Auditado.');
insert into audita values(57, 0, 'Junta de Freguesia de Gouveia', 46, '2018-01-15 05:22:51', '2018-01-15 05:28:34', '2018-01-15 05:22:51', 'Auditado.');
insert into audita values(58, 4, 'Junta de Freguesia de Silves', 75, '2016-10-13 03:41:57', '2016-10-13 03:56:29', '2016-10-13 03:41:57', 'Auditado.');
insert into audita values(59, 1, 'Junta de Freguesia de Loures', 66, '2016-11-17 02:38:24', '2016-11-17 02:41:45', '2016-11-17 02:38:24', 'Auditado.');
insert into audita values(60, 2, 'Bombeiros de Aveiro', 29, '2018-01-03 13:38:07', '2018-01-03 13:49:04', '2018-01-03 13:38:07', 'Auditado.');
insert into audita values(61, 1, 'Bombeiros de Aveiro', 30, '2017-03-20 09:03:19', '2017-03-20 09:05:59', '2017-03-20 09:03:19', 'Auditado.');
insert into audita values(62, 4, 'Bombeiros de Faro', 91, '2018-05-08 03:33:04', '2018-05-08 03:50:06', '2018-05-08 03:33:04', 'Auditado.');
insert into audita values(63, 1, 'Polcia de Mirandela', 61, '2018-04-22 18:28:50', '2018-04-22 18:42:37', '2018-04-22 18:28:50', 'Auditado.');
insert into audita values(64, 4, 'Junta de Freguesia de Montemor-o-Novo', 7, '2017-08-23 15:51:23', '2017-08-23 16:01:01', '2017-08-23 15:51:23', 'Auditado.');
insert into audita values(65, 2, 'Junta de Freguesia de Silves', 71, '2016-02-12 02:38:42', '2016-02-12 02:52:46', '2016-02-12 02:38:42', 'Auditado.');
insert into audita values(66, 0, 'Junta de Freguesia de Silves', 70, '2018-02-24 03:02:18', '2018-02-24 03:07:29', '2018-02-24 03:02:18', 'Auditado.');
insert into audita values(67, 1, 'Bombeiros de Sabugal', 45, '2018-06-10 11:06:55', '2018-06-10 11:09:42', '2018-06-10 11:06:55', 'Auditado.');
insert into audita values(68, 0, 'Bombeiros de Ribeira Grande', 92, '2018-04-29 20:24:46', '2018-04-29 20:43:18', '2018-04-29 20:24:46', 'Auditado.');
insert into audita values(69, 2, 'Polcia de Loul', 97, '2017-01-22 14:37:07', '2017-01-22 14:45:30', '2017-01-22 14:37:07', 'Auditado.');
insert into audita values(70, 0, 'Polcia de Portalegre', 79, '2018-03-28 04:51:38', '2018-03-28 05:08:08', '2018-03-28 04:51:38', 'Auditado.');
insert into audita values(71, 2, 'Polcia de Monchique', 53, '2018-06-28 23:16:49', '2018-06-28 23:21:28', '2018-06-28 23:16:49', 'Auditado.');
insert into audita values(72, 0, 'Polcia de Barreiro', 82, '2016-08-26 11:54:48', '2016-08-26 12:06:15', '2016-08-26 11:54:48', 'Auditado.');
insert into audita values(73, 0, 'Junta de Freguesia de Silves', 71, '2017-08-13 13:37:08', '2017-08-13 13:52:30', '2017-08-13 13:37:08', 'Auditado.');
insert into audita values(74, 2, 'Bombeiros de Almada', 23, '2017-11-18 04:53:19', '2017-11-18 04:57:18', '2017-11-18 04:53:19', 'Auditado.');
insert into audita values(75, 2, 'Junta de Freguesia de Loures', 67, '2018-02-11 21:34:05', '2018-02-11 21:44:49', '2018-02-11 21:34:05', 'Auditado.');
insert into audita values(76, 0, 'Polcia de Penafiel', 34, '2016-02-12 12:48:36', '2016-02-12 12:52:12', '2016-02-12 12:48:36', 'Auditado.');
insert into audita values(77, 0, 'Junta de Freguesia de Esmoriz', 0, '2018-04-25 19:24:33', '2018-04-25 19:44:18', '2018-04-25 19:24:33', 'Auditado.');
insert into audita values(78, 2, 'Polcia de Penafiel', 34, '2017-07-31 14:26:46', '2017-07-31 14:35:29', '2017-07-31 14:26:46', 'Auditado.');
insert into audita values(79, 0, 'Junta de Freguesia de Silves', 71, '2017-10-10 15:15:05', '2017-10-10 15:24:17', '2017-10-10 15:15:05', 'Auditado.');
insert into audita values(80, 2, 'Polcia de Albufeira', 78, '2018-04-23 19:48:31', '2018-04-23 20:06:33', '2018-04-23 19:48:31', 'Auditado.');
insert into audita values(81, 4, 'Polcia de Mirandela', 65, '2018-01-06 01:54:16', '2018-01-06 02:14:06', '2018-01-06 01:54:16', 'Auditado.');
insert into audita values(82, 1, 'Polcia de Albufeira', 75, '2018-09-02 08:49:22', '2018-09-02 08:59:04', '2018-09-02 08:49:22', 'Auditado.');
insert into audita values(83, 2, 'Polcia de Vila Real', 20, '2017-05-13 23:45:20', '2017-05-13 23:52:20', '2017-05-13 23:45:20', 'Auditado.');
insert into audita values(84, 2, 'Junta de Freguesia de Silves', 70, '2018-07-15 22:55:07', '2018-07-15 22:57:31', '2018-07-15 22:55:07', 'Auditado.');
insert into audita values(85, 0, 'Bombeiros de Faro', 84, '2016-02-22 03:46:53', '2016-02-22 03:51:23', '2016-02-22 03:46:53', 'Auditado.');
insert into audita values(86, 1, 'Bombeiros de Ribeira Grande', 93, '2017-04-12 10:43:54', '2017-04-12 10:55:58', '2017-04-12 10:43:54', 'Auditado.');
insert into audita values(87, 2, 'Polcia de Barreiro', 85, '2016-08-19 02:43:53', '2016-08-19 02:55:08', '2016-08-19 02:43:53', 'Auditado.');
insert into audita values(88, 3, 'Polcia de Albufeira', 79, '2018-04-11 19:04:30', '2018-04-11 19:23:08', '2018-04-11 19:04:30', 'Auditado.');
insert into audita values(89, 1, 'Polcia de Penafiel', 35, '2018-08-20 21:23:02', '2018-08-20 21:40:07', '2018-08-20 21:23:02', 'Auditado.');
insert into audita values(90, 3, 'Junta de Freguesia de Montemor-o-Novo', 7, '2017-01-14 18:43:16', '2017-01-14 18:56:56', '2017-01-14 18:43:16', 'Auditado.');
insert into audita values(91, 1, 'Junta de Freguesia de Marzovelos', 10, '2017-07-03 03:26:18', '2017-07-03 03:28:23', '2017-07-03 03:26:18', 'Auditado.');
insert into audita values(92, 0, 'Polcia de Portalegre', 79, '2016-05-16 05:51:02', '2016-05-16 06:06:34', '2016-05-16 05:51:02', 'Auditado.');
insert into audita values(93, 2, 'Junta de Freguesia de Esmoriz', 1, '2016-11-11 07:31:23', '2016-11-11 07:42:52', '2016-11-11 07:31:23', 'Auditado.');
insert into audita values(94, 2, 'Bombeiros de Ribeira Grande', 94, '2017-04-14 22:05:47', '2017-04-14 22:19:06', '2017-04-14 22:05:47', 'Auditado.');
insert into audita values(95, 1, 'Bombeiros de Horta', 58, '2017-04-25 23:28:58', '2017-04-25 23:34:16', '2017-04-25 23:28:58', 'Auditado.');
insert into audita values(96, 2, 'Polcia de Albufeira', 76, '2017-07-05 09:58:30', '2017-07-05 10:12:35', '2017-07-05 09:58:30', 'Auditado.');
insert into audita values(97, 2, 'Bombeiros de Sabugal', 43, '2018-01-10 03:32:22', '2018-01-10 03:47:04', '2018-01-10 03:32:22', 'Auditado.');
insert into audita values(98, 2, 'Polcia de Albufeira', 75, '2016-05-29 23:26:55', '2016-05-29 23:41:37', '2016-05-29 23:26:55', 'Auditado.');
insert into audita values(99, 3, 'Polcia de Mirandela', 63, '2018-02-13 04:29:45', '2018-02-13 04:40:46', '2018-02-13 04:29:45', 'Auditado.');
insert into audita values(100, 2, 'Bombeiros de Espinho', 42, '2017-12-19 23:30:55', '2017-12-19 23:43:21', '2017-12-19 23:30:55', 'Auditado.');
insert into audita values(101, 3, 'Polcia de Loul', 98, '2018-09-02 20:01:36', '2018-09-02 20:16:49', '2018-09-02 20:01:36', 'Auditado.');



insert into solicita values(0, '2016-06-09 07:25:08', 25, '2018-09-30 17:30:08', '2018-09-30 17:47:34');
insert into solicita values(1, '2017-09-14 14:58:21', 38, '2018-11-27 07:58:19', '2018-11-27 08:15:37');
insert into solicita values(2, '2016-01-25 00:40:28', 43, '2018-03-31 05:45:07', '2018-03-31 05:51:49');
insert into solicita values(3, '2016-11-03 11:48:54', 95, '2017-07-27 11:35:59', '2017-07-27 11:50:21');
insert into solicita values(4, '2017-12-20 21:18:32', 82, '2018-05-09 07:56:19', '2018-05-09 07:59:38');
insert into solicita values(5, '2018-04-22 16:34:07', 21, '2017-03-11 06:26:36', '2017-03-11 06:29:38');
insert into solicita values(6, '2016-01-28 20:19:01', 17, '2018-01-21 13:46:39', '2018-01-21 13:59:09');
insert into solicita values(7, '2018-06-26 16:52:01', 51, '2018-11-03 12:58:55', '2018-11-03 13:01:14');
insert into solicita values(8, '2018-08-07 07:18:14', 83, '2016-05-14 03:28:34', '2016-05-14 03:35:29');
insert into solicita values(9, '2017-03-17 21:01:49', 62, '2016-02-26 23:52:04', '2016-02-27 00:10:45');
insert into solicita values(10, '2016-05-15 05:02:21', 77, '2017-09-13 11:00:37', '2017-09-13 11:18:55');
insert into solicita values(11, '2016-02-24 22:12:37', 11, '2016-03-10 23:57:23', '2016-03-11 00:14:58');
insert into solicita values(12, '2018-02-17 01:03:13', 31, '2016-10-29 06:15:52', '2016-10-29 06:30:04');
insert into solicita values(13, '2016-06-29 08:02:10', 11, '2018-07-10 12:28:07', '2018-07-10 12:35:11');
insert into solicita values(14, '2017-11-07 14:35:33', 8, '2018-06-01 02:31:04', '2018-06-01 02:37:44');
insert into solicita values(15, '2017-10-29 19:02:16', 3, '2016-06-10 00:12:07', '2016-06-10 00:23:06');
insert into solicita values(16, '2016-01-14 23:13:20', 22, '2016-05-28 21:44:25', '2016-05-28 21:59:28');
insert into solicita values(17, '2016-09-12 21:24:31', 81, '2018-05-08 00:33:56', '2018-05-08 00:51:33');
insert into solicita values(18, '2016-01-17 11:22:58', 18, '2016-10-13 01:41:11', '2016-10-13 01:56:59');
insert into solicita values(19, '2018-10-31 16:24:14', 73, '2017-09-28 23:33:57', '2017-09-28 23:52:26');
insert into solicita values(20, '2017-12-31 05:11:52', 13, '2017-07-06 03:12:02', '2017-07-06 03:21:39');
insert into solicita values(21, '2017-06-07 04:11:15', 40, '2017-08-27 21:33:35', '2017-08-27 21:42:53');
insert into solicita values(22, '2017-03-17 21:01:49', 62, '2018-01-07 03:03:12', '2018-01-07 03:06:09');
insert into solicita values(23, '2017-03-18 02:21:38', 78, '2018-01-12 08:50:12', '2018-01-12 08:54:45');
insert into solicita values(24, '2016-11-11 11:14:51', 36, '2017-08-08 06:44:55', '2017-08-08 06:54:09');
insert into solicita values(25, '2016-07-02 01:00:30', 78, '2016-10-10 05:31:52', '2016-10-10 05:44:09');
insert into solicita values(26, '2018-07-29 16:43:55', 68, '2017-04-05 18:24:56', '2017-04-05 18:35:56');
insert into solicita values(27, '2016-06-08 10:41:32', 87, '2016-04-06 04:05:56', '2016-04-06 04:21:49');
insert into solicita values(28, '2017-08-28 01:59:56', 31, '2016-09-17 22:18:10', '2016-09-17 22:29:38');
insert into solicita values(29, '2017-02-04 08:22:45', 47, '2016-08-20 17:21:54', '2016-08-20 17:41:35');
insert into solicita values(30, '2016-05-30 06:37:24', 4, '2017-04-01 18:57:21', '2017-04-01 19:00:12');
insert into solicita values(31, '2017-05-23 22:35:16', 96, '2017-12-05 04:25:26', '2017-12-05 04:43:54');
insert into solicita values(32, '2016-08-07 02:05:26', 49, '2016-09-07 04:43:20', '2016-09-07 04:51:19');
insert into solicita values(33, '2017-11-07 14:35:33', 8, '2018-07-10 08:05:29', '2018-07-10 08:22:59');
insert into solicita values(34, '2017-06-13 03:13:40', 52, '2016-04-09 21:06:02', '2016-04-09 21:25:06');
insert into solicita values(35, '2017-09-28 15:25:01', 21, '2018-04-08 18:47:39', '2018-04-08 19:04:02');
insert into solicita values(36, '2017-11-02 16:38:39', 42, '2016-01-23 01:10:51', '2016-01-23 01:28:52');
insert into solicita values(37, '2016-01-26 20:19:27', 50, '2018-08-31 10:34:38', '2018-08-31 10:54:23');
insert into solicita values(38, '2017-06-21 14:24:36', 101, '2017-02-28 20:00:27', '2017-02-28 20:17:32');
insert into solicita values(39, '2016-04-09 02:33:53', 100, '2016-09-07 11:53:02', '2016-09-07 11:59:54');
insert into solicita values(40, '2016-01-15 06:31:49', 62, '2018-10-05 15:07:27', '2018-10-05 15:15:55');
insert into solicita values(41, '2016-05-30 06:37:24', 4, '2018-06-02 22:32:21', '2018-06-02 22:35:35');
insert into solicita values(42, '2017-01-25 22:44:22', 72, '2018-11-11 01:49:40', '2018-11-11 02:06:47');
insert into solicita values(43, '2016-11-10 07:38:36', 51, '2017-07-03 05:22:11', '2017-07-03 05:37:13');
insert into solicita values(44, '2016-08-10 03:16:17', 54, '2018-06-27 09:29:35', '2018-06-27 09:33:23');
insert into solicita values(45, '2018-10-03 21:31:30', 89, '2018-01-04 05:51:35', '2018-01-04 06:03:02');
insert into solicita values(46, '2017-11-09 23:39:28', 97, '2017-02-03 19:43:57', '2017-02-03 20:02:02');
insert into solicita values(47, '2018-11-17 21:28:22', 20, '2017-09-08 06:10:34', '2017-09-08 06:29:04');
insert into solicita values(48, '2016-08-03 00:03:23', 95, '2017-08-15 00:30:44', '2017-08-15 00:41:43');
insert into solicita values(49, '2018-04-29 22:01:35', 20, '2017-03-09 01:13:09', '2017-03-09 01:22:12');
insert into solicita values(50, '2017-10-02 17:51:28', 10, '2017-09-16 02:48:46', '2017-09-16 03:07:14');
insert into solicita values(51, '2017-09-29 19:08:29', 16, '2016-07-14 07:22:13', '2016-07-14 07:26:19');
insert into solicita values(52, '2017-10-15 10:56:31', 52, '2017-07-31 07:25:56', '2017-07-31 07:41:42');
insert into solicita values(53, '2018-11-17 20:23:45', 26, '2016-07-01 00:14:57', '2016-07-01 00:25:08');
insert into solicita values(54, '2016-10-15 05:18:14', 46, '2016-12-29 14:43:38', '2016-12-29 14:48:16');
insert into solicita values(55, '2017-02-13 03:58:52', 56, '2018-08-27 16:38:29', '2018-08-27 16:52:15');
insert into solicita values(56, '2016-02-28 12:32:29', 57, '2016-02-14 07:08:26', '2016-02-14 07:18:06');
insert into solicita values(57, '2017-10-07 02:19:25', 53, '2018-12-23 10:11:41', '2018-12-23 10:19:34');
insert into solicita values(58, '2016-09-25 06:17:50', 5, '2018-03-04 04:50:29', '2018-03-04 05:08:03');
insert into solicita values(59, '2017-11-18 23:34:24', 88, '2016-08-11 19:06:28', '2016-08-11 19:22:14');
insert into solicita values(60, '2016-09-28 22:06:44', 57, '2016-10-08 07:08:22', '2016-10-08 07:26:57');
insert into solicita values(61, '2016-05-15 05:02:21', 77, '2016-02-21 03:40:04', '2016-02-21 03:45:49');
insert into solicita values(62, '2018-01-08 05:51:29', 44, '2018-10-03 16:48:49', '2018-10-03 16:55:28');
insert into solicita values(63, '2018-08-14 20:15:38', 14, '2017-05-24 03:44:06', '2017-05-24 04:03:44');
insert into solicita values(64, '2016-09-29 19:08:07', 76, '2016-09-17 12:05:31', '2016-09-17 12:12:14');
insert into solicita values(65, '2016-02-11 13:45:09', 4, '2017-05-19 04:28:06', '2017-05-19 04:44:29');
insert into solicita values(66, '2017-11-04 07:15:16', 92, '2018-04-02 16:12:31', '2018-04-02 16:20:09');
insert into solicita values(67, '2016-01-04 21:18:45', 41, '2018-12-05 06:33:42', '2018-12-05 06:49:53');
insert into solicita values(68, '2018-10-14 14:23:27', 44, '2018-08-28 22:15:52', '2018-08-28 22:24:42');
insert into solicita values(69, '2016-04-12 07:57:26', 83, '2016-10-05 14:50:11', '2016-10-05 14:59:20');
insert into solicita values(70, '2018-05-16 05:35:22', 32, '2018-12-08 12:27:47', '2018-12-08 12:44:57');
insert into solicita values(71, '2018-03-07 01:59:54', 71, '2017-12-09 12:23:38', '2017-12-09 12:42:56');
insert into solicita values(72, '2017-03-29 16:01:52', 90, '2016-12-24 20:34:45', '2016-12-24 20:52:33');
insert into solicita values(73, '2016-08-29 15:42:37', 84, '2018-05-15 21:09:14', '2018-05-15 21:11:42');
insert into solicita values(74, '2017-02-12 09:09:42', 3, '2017-09-30 08:42:10', '2017-09-30 08:57:16');
insert into solicita values(75, '2018-10-26 18:35:42', 58, '2017-03-01 03:31:26', '2017-03-01 03:40:47');
insert into solicita values(76, '2018-07-14 05:46:29', 74, '2016-01-02 06:22:05', '2016-01-02 06:39:29');
insert into solicita values(77, '2018-03-22 00:42:52', 77, '2016-09-11 09:15:57', '2016-09-11 09:29:34');
insert into solicita values(78, '2016-04-27 13:11:18', 8, '2017-01-18 04:33:39', '2017-01-18 04:41:02');
insert into solicita values(79, '2016-02-25 12:22:43', 19, '2016-10-10 23:08:12', '2016-10-10 23:19:09');
insert into solicita values(80, '2016-04-02 04:23:24', 19, '2017-07-02 12:56:50', '2017-07-02 13:16:07');
insert into solicita values(81, '2016-01-24 06:03:25', 76, '2016-05-12 00:46:56', '2016-05-12 01:02:47');
insert into solicita values(82, '2017-02-01 08:01:55', 72, '2017-08-07 14:55:10', '2017-08-07 15:04:04');
insert into solicita values(83, '2018-11-17 20:23:45', 26, '2017-07-14 07:34:45', '2017-07-14 07:38:17');
insert into solicita values(84, '2016-05-18 19:45:50', 45, '2018-03-24 12:17:24', '2018-03-24 12:35:58');
insert into solicita values(85, '2018-07-14 11:29:54', 41, '2017-05-18 09:17:04', '2017-05-18 09:34:57');
insert into solicita values(86, '2016-11-07 02:32:44', 88, '2017-04-02 01:23:44', '2017-04-02 01:34:14');
insert into solicita values(87, '2018-02-26 18:17:46', 23, '2017-08-17 14:31:14', '2017-08-17 14:49:13');
insert into solicita values(88, '2016-08-18 15:54:52', 65, '2018-03-03 05:08:04', '2018-03-03 05:23:15');
insert into solicita values(89, '2018-04-22 16:34:07', 21, '2016-09-23 23:31:16', '2016-09-23 23:49:51');
insert into solicita values(90, '2017-03-24 20:55:33', 53, '2016-10-20 15:44:31', '2016-10-20 15:54:06');
insert into solicita values(91, '2018-03-28 23:09:45', 23, '2016-09-10 12:04:36', '2016-09-10 12:09:49');
insert into solicita values(92, '2018-06-28 15:49:50', 63, '2016-02-19 13:10:17', '2016-02-19 13:14:03');
insert into solicita values(93, '2016-02-25 04:11:17', 93, '2017-03-21 03:26:15', '2017-03-21 03:43:39');
insert into solicita values(94, '2016-04-26 12:52:38', 24, '2017-11-15 05:42:03', '2017-11-15 05:47:14');
insert into solicita values(95, '2018-03-06 14:19:24', 59, '2017-03-14 02:36:29', '2017-03-14 02:46:21');
insert into solicita values(96, '2017-10-15 10:56:31', 52, '2017-06-06 01:41:40', '2017-06-06 01:55:45');
insert into solicita values(97, '2018-02-17 01:03:13', 31, '2016-08-20 16:38:44', '2016-08-20 16:50:00');
insert into solicita values(98, '2017-11-18 23:34:24', 88, '2016-07-10 13:36:08', '2016-07-10 13:49:25');
insert into solicita values(99, '2016-10-18 20:14:35', 13, '2017-03-01 16:31:53', '2017-03-01 16:44:01');
insert into solicita values(100, '2018-04-17 02:25:30', 7, '2017-10-20 22:27:25', '2017-10-20 22:45:00');
insert into solicita values(101, '2018-05-20 23:07:17', 98, '2018-01-14 13:09:17', '2018-01-14 13:25:02');

