DROP TABLE IF EXISTS camara;
DROP TABLE IF EXISTS video;
DROP TABLE IF EXISTS segmentoVideo;
DROP TABLE IF EXISTS vigia;
DROP TABLE IF EXISTS eventoEmergencia;
DROP TABLE IF EXISTS processoSocorro;
DROP TABLE IF EXISTS entidadeMeio;
DROP TABLE IF EXISTS meio;
DROP TABLE IF EXISTS meioCombate;
DROP TABLE IF EXISTS meioApoio;
DROP TABLE IF EXISTS meioSocorro;
DROP TABLE IF EXISTS transporta;
DROP TABLE IF EXISTS alocado;
DROP TABLE IF EXISTS acciona;
DROP TABLE IF EXISTS coordenador;
DROP TABLE IF EXISTS audita;
DROP TABLE IF EXISTS solicita;

----------------------------------------
-- Table Creation
----------------------------------------

CREATE TABLE camara(
    numCamara INT NOT NULL UNIQUE,
    PRIMARY KEY(numCamara)
);

CREATE TABLE video(
    dataHoraInicio TIMESTAMP NOT NULL,
    dataHoraFim TIMESTAMP NOT NULL,
    numCamara INT NOT NULL,
    PRIMARY KEY(dataHoraInicio, numCamara),
    FOREIGN KEY(numCamara) REFERENCES camara(numCamara) ON DELETE CASCADE
);

CREATE TABLE segmentoVideo (
    numSegmento INT NOT NULL,
    duracao INT NOT NULL,
    dataHoraInicio TIMESTAMP NOT NULL,
    numCamara INT NOT NULL,
    PRIMARY KEY(numSegmento, dataHoraInicio, numCamara),
    FOREIGN KEY(dataHoraInicio, numCamara) REFERENCES video(dataHoraInicio, numCamara) ON DELETE CASCADE
);

CREATE TABLE local(
    moradaLocal VARCHAR(255),
    PRIMARY KEY(moradaLocal)
);

CREATE TABLE vigia(
    moradaLocal VARCHAR(255),
    numCamara INT NOT NULL,
    PRIMARY KEY(moradaLocal, numCamara),
    FOREIGN KEY(moradaLocal) REFERENCES local(moradaLocal) ON DELETE CASCADE,
    FOREIGN KEY(numCamara) REFERENCES camara(numCamara) ON DELETE CASCADE
);

CREATE TABLE processoSocorro(
    numProcessoSocorro INT NOT NULL,
    PRIMARY KEY(numProcessoSocorro)
);

CREATE TABLE eventoEmergencia(
    numTelefone VARCHAR(13) NOT NULL,
    instanteChamada TIMESTAMP NOT NULL,
    nomePessoa VARCHAR(255),
    moradaLocal VARCHAR(255),
    numProcessoSocorro INT NOT NULL,
    PRIMARY KEY(numTelefone, instanteChamada),
    FOREIGN KEY(moradaLocal) REFERENCES local(moradaLocal) ON DELETE CASCADE,
    FOREIGN KEY(numProcessoSocorro) REFERENCES processoSocorro(numProcessoSocorro) ON DELETE CASCADE
);

CREATE TABLE entidadeMeio(
    nomeEntidade VARCHAR(255) NOT NULL,
    PRIMARY KEY(nomeEntidade)
);

CREATE TABLE meio(
    numMeio INT NOT NULL,
    nomeMeio VARCHAR(255) NOT NULL,
    nomeEntidade VARCHAR(255) NOT NULL,
    PRIMARY KEY(numMeio, nomeEntidade),
    FOREIGN KEY(nomeEntidade) REFERENCES entidadeMeio(nomeEntidade) ON DELETE CASCADE
);

CREATE TABLE meioCombate(
    numMeio INT NOT NULL,
    nomeEntidade VARCHAR(255) NOT NULL,
    PRIMARY KEY(numMeio, nomeEntidade),
    FOREIGN KEY(numMeio, nomeEntidade) REFERENCES meio(numMeio, nomeEntidade) ON DELETE CASCADE
);

CREATE TABLE meioApoio(
    numMeio INT NOT NULL,
    nomeEntidade VARCHAR(255) NOT NULL,
    PRIMARY KEY(numMeio, nomeEntidade),
    FOREIGN KEY(numMeio, nomeEntidade) REFERENCES meio(numMeio, nomeEntidade) ON DELETE CASCADE
);

CREATE TABLE meioSocorro(
    numMeio INT NOT NULL,
    nomeEntidade VARCHAR(255) NOT NULL,
    PRIMARY KEY(numMeio, nomeEntidade),
    FOREIGN KEY(numMeio, nomeEntidade) REFERENCES meio(numMeio, nomeEntidade) ON DELETE CASCADE
);

CREATE TABLE transporta(
    numMeio INT NOT NULL,
    nomeEntidade VARCHAR(255) NOT NULL,
    numVitimas INT,
    numProcessoSocorro INT NOT NULL ,
    PRIMARY KEY(numMeio, nomeEntidade, numProcessoSocorro),
    FOREIGN KEY(numMeio, nomeEntidade) REFERENCES meioSocorro(numMeio, nomeEntidade) ON DELETE CASCADE,
    FOREIGN KEY(numProcessoSocorro) REFERENCES processoSocorro(numProcessoSocorro) ON DELETE CASCADE
);

CREATE TABLE alocado(
    numMeio INT NOT NULL,
    nomeEntidade VARCHAR(255) NOT NULL,
    numHoras INT NOT NULL,
    numProcessoSocorro INT NOT NULL,
    FOREIGN KEY(numMeio, nomeEntidade) REFERENCES meioApoio(numMeio, nomeEntidade) ON DELETE CASCADE,
    FOREIGN KEY(numProcessoSocorro) REFERENCES processoSocorro(numProcessoSocorro) ON DELETE CASCADE
);

CREATE TABLE acciona(
    numMeio INT NOT NULL,
    nomeEntidade VARCHAR(255) NOT NULL,
    numProcessoSocorro INT NOT NULL,
    PRIMARY KEY(numMeio, nomeEntidade, numProcessoSocorro),
    FOREIGN KEY(numMeio, nomeEntidade) REFERENCES meio(numMeio, nomeEntidade) ON DELETE CASCADE,
    FOREIGN KEY(numProcessoSocorro) REFERENCES processoSocorro(numProcessoSocorro) ON DELETE CASCADE
);

CREATE TABLE coordenador(
    idCoordenador INT NOT NULL UNIQUE,
    PRIMARY KEY(idCoordenador)
);

CREATE TABLE audita(
    idCoordenador INT NOT NULL UNIQUE,
    numMeio INT NOT NULL,
    nomeEntidade VARCHAR(255) NOT NULL,
    numProcessoSocorro INT NOT NULL,
    dataHoraInicio TIMESTAMP NOT NULL,
    dataHoraFim TIMESTAMP NOT NULL,
    dataAuditoria TIMESTAMP NOT NULL,
    texto TEXT NOT NULL,
    PRIMARY KEY(idCoordenador, numMeio, nomeEntidade, numProcessoSocorro, dataHoraInicio, dataHoraFim, dataAuditoria, texto),
    FOREIGN KEY(numMeio, nomeEntidade, numProcessoSocorro) REFERENCES acciona(numMeio, nomeEntidade, numProcessoSocorro) ON DELETE CASCADE,
    FOREIGN KEY(idCoordenador) REFERENCES coordenador(idCoordenador) ON DELETE CASCADE
);

CREATE TABLE solicita(
    idCoordenador INT NOT NULL UNIQUE,
    dataHoraInicioVideo TIMESTAMP NOT NULL,
    numCamara INT NOT NULL,
    dataHoraInicio TIMESTAMP NOT NULL,
    dataHoraFim TIMESTAMP NOT NULL,
    PRIMARY KEY(idCoordenador, dataHoraInicioVideo, numCamara),
    FOREIGN KEY(idCoordenador) REFERENCES coordenador(idCoordenador) ON DELETE CASCADE,
    FOREIGN KEY(dataHoraInicioVideo, numCamara) REFERENCES video(dataHoraInicio, numCamara) ON DELETE CASCADE
);



----------------------------------------
-- Populate Relations 
----------------------------------------

insert into camara values(0);
insert into camara values(1);
insert into camara values(2);
insert into camara values(3);
insert into camara values(4);
insert into camara values(5);
insert into camara values(6);
insert into camara values(7);
insert into camara values(8);
insert into camara values(9);
insert into camara values(10);
insert into camara values(11);
insert into camara values(12);
insert into camara values(13);
insert into camara values(14);
insert into camara values(15);
insert into camara values(16);
insert into camara values(17);
insert into camara values(18);
insert into camara values(19);
insert into camara values(20);
insert into camara values(21);
insert into camara values(22);
insert into camara values(23);
insert into camara values(24);
insert into camara values(25);
insert into camara values(26);
insert into camara values(27);
insert into camara values(28);
insert into camara values(29);
insert into camara values(30);
insert into camara values(31);
insert into camara values(32);
insert into camara values(33);
insert into camara values(34);
insert into camara values(35);
insert into camara values(36);
insert into camara values(37);
insert into camara values(38);
insert into camara values(39);
insert into camara values(40);
insert into camara values(41);
insert into camara values(42);
insert into camara values(43);
insert into camara values(44);
insert into camara values(45);
insert into camara values(46);
insert into camara values(47);
insert into camara values(48);
insert into camara values(49);
insert into camara values(50);
insert into camara values(51);
insert into camara values(52);
insert into camara values(53);
insert into camara values(54);
insert into camara values(55);
insert into camara values(56);
insert into camara values(57);
insert into camara values(58);
insert into camara values(59);
insert into camara values(60);
insert into camara values(61);
insert into camara values(62);
insert into camara values(63);
insert into camara values(64);
insert into camara values(65);
insert into camara values(66);
insert into camara values(67);
insert into camara values(68);
insert into camara values(69);
insert into camara values(70);
insert into camara values(71);
insert into camara values(72);
insert into camara values(73);
insert into camara values(74);
insert into camara values(75);
insert into camara values(76);
insert into camara values(77);
insert into camara values(78);
insert into camara values(79);
insert into camara values(80);
insert into camara values(81);
insert into camara values(82);
insert into camara values(83);
insert into camara values(84);
insert into camara values(85);
insert into camara values(86);
insert into camara values(87);
insert into camara values(88);
insert into camara values(89);
insert into camara values(90);
insert into camara values(91);
insert into camara values(92);
insert into camara values(93);
insert into camara values(94);
insert into camara values(95);
insert into camara values(96);
insert into camara values(97);
insert into camara values(98);
insert into camara values(99);
insert into camara values(100);
insert into camara values(101);



insert into video values('2016-12-26 00:54:05', '2016-12-26 01:19:05', 0);
insert into video values('2017-06-30 13:08:44', '2017-06-30 13:38:44', 0);
insert into video values('2018-02-18 06:53:12', '2018-02-18 07:21:12', 1);
insert into video values('2017-12-06 16:12:30', '2017-12-06 16:29:30', 1);
insert into video values('2017-11-04 14:49:20', '2017-11-04 15:05:20', 1);
insert into video values('2016-01-18 17:50:14', '2016-01-18 18:00:14', 2);
insert into video values('2018-12-12 08:01:54', '2018-12-12 08:13:54', 2);
insert into video values('2018-05-27 05:11:51', '2018-05-27 05:27:51', 3);
insert into video values('2016-09-05 08:36:14', '2016-09-05 09:04:14', 3);
insert into video values('2016-06-05 15:33:47', '2016-06-05 16:00:47', 3);
insert into video values('2016-07-04 04:55:35', '2016-07-04 05:23:35', 4);
insert into video values('2016-09-20 07:56:40', '2016-09-20 08:21:40', 4);
insert into video values('2018-09-03 22:41:35', '2018-09-03 23:03:35', 5);
insert into video values('2018-03-15 11:49:30', '2018-03-15 12:04:30', 5);
insert into video values('2017-04-03 08:40:12', '2017-04-03 08:52:12', 6);
insert into video values('2017-10-04 07:07:35', '2017-10-04 07:28:35', 6);
insert into video values('2017-03-09 10:07:48', '2017-03-09 10:28:48', 6);
insert into video values('2016-06-20 20:55:16', '2016-06-20 21:18:16', 7);
insert into video values('2016-06-03 19:02:34', '2016-06-03 19:21:34', 7);
insert into video values('2018-03-23 17:05:09', '2018-03-23 17:21:09', 8);
insert into video values('2018-03-19 01:54:29', '2018-03-19 02:06:29', 8);
insert into video values('2017-12-19 06:59:12', '2017-12-19 07:13:12', 9);
insert into video values('2017-03-05 09:03:02', '2017-03-05 09:30:02', 9);
insert into video values('2016-12-01 00:42:40', '2016-12-01 00:57:40', 10);
insert into video values('2016-02-13 22:42:16', '2016-02-13 23:10:16', 10);
insert into video values('2017-09-19 10:59:00', '2017-09-19 11:29:00', 11);
insert into video values('2018-05-09 14:30:32', '2018-05-09 14:54:32', 11);
insert into video values('2016-05-10 01:07:02', '2016-05-10 01:22:02', 11);
insert into video values('2016-09-30 23:09:46', '2016-09-30 23:29:46', 12);
insert into video values('2018-06-17 02:09:55', '2018-06-17 02:31:55', 12);
insert into video values('2016-05-11 05:21:23', '2016-05-11 05:31:23', 12);
insert into video values('2016-02-21 18:41:15', '2016-02-21 19:09:15', 13);
insert into video values('2018-01-16 23:55:32', '2018-01-17 00:06:32', 13);
insert into video values('2017-10-15 17:56:07', '2017-10-15 18:22:07', 13);
insert into video values('2017-12-24 07:56:15', '2017-12-24 08:18:15', 14);
insert into video values('2017-10-14 04:27:08', '2017-10-14 04:38:08', 14);
insert into video values('2018-06-26 12:10:59', '2018-06-26 12:28:59', 14);
insert into video values('2017-12-11 13:04:34', '2017-12-11 13:27:34', 15);
insert into video values('2016-07-02 22:24:26', '2016-07-02 22:34:26', 15);
insert into video values('2018-10-13 09:33:53', '2018-10-13 10:03:53', 15);
insert into video values('2017-08-03 15:34:04', '2017-08-03 15:44:04', 15);
insert into video values('2016-12-18 23:27:42', '2016-12-18 23:38:42', 16);
insert into video values('2017-10-22 14:17:15', '2017-10-22 14:36:15', 16);
insert into video values('2017-04-20 16:11:29', '2017-04-20 16:36:29', 16);
insert into video values('2017-09-05 03:41:10', '2017-09-05 03:59:10', 16);
insert into video values('2016-02-16 06:00:08', '2016-02-16 06:18:08', 17);
insert into video values('2017-11-06 17:04:07', '2017-11-06 17:20:07', 17);
insert into video values('2016-12-15 17:34:16', '2016-12-15 17:46:16', 18);
insert into video values('2018-10-20 04:46:30', '2018-10-20 05:02:30', 18);
insert into video values('2018-08-07 21:15:13', '2018-08-07 21:45:13', 19);
insert into video values('2017-04-02 04:43:42', '2017-04-02 04:58:42', 19);
insert into video values('2016-03-02 22:39:01', '2016-03-02 22:58:01', 20);
insert into video values('2017-10-05 00:46:01', '2017-10-05 01:15:01', 20);
insert into video values('2018-11-29 01:02:26', '2018-11-29 01:12:26', 20);
insert into video values('2018-12-19 03:26:31', '2018-12-19 03:50:31', 20);
insert into video values('2018-02-13 04:22:08', '2018-02-13 04:49:08', 21);
insert into video values('2016-03-18 20:28:28', '2016-03-18 20:43:28', 21);
insert into video values('2017-11-02 03:14:07', '2017-11-02 03:32:07', 21);
insert into video values('2017-10-05 15:30:26', '2017-10-05 15:56:26', 22);
insert into video values('2017-01-24 14:08:09', '2017-01-24 14:27:09', 22);
insert into video values('2017-12-16 06:51:55', '2017-12-16 07:12:55', 23);
insert into video values('2017-04-17 16:21:27', '2017-04-17 16:43:27', 23);
insert into video values('2017-03-11 02:04:22', '2017-03-11 02:17:22', 24);
insert into video values('2018-09-02 23:52:00', '2018-09-03 00:17:00', 24);
insert into video values('2018-07-24 05:11:04', '2018-07-24 05:33:04', 24);
insert into video values('2017-06-22 21:23:31', '2017-06-22 21:37:31', 25);
insert into video values('2018-01-17 00:33:11', '2018-01-17 01:03:11', 25);
insert into video values('2017-12-14 09:10:13', '2017-12-14 09:22:13', 25);
insert into video values('2016-12-05 23:26:28', '2016-12-05 23:37:28', 26);
insert into video values('2017-08-08 04:32:09', '2017-08-08 04:47:09', 26);
insert into video values('2018-12-09 04:51:28', '2018-12-09 05:07:28', 26);
insert into video values('2018-03-11 14:38:09', '2018-03-11 14:54:09', 27);
insert into video values('2016-07-30 05:20:28', '2016-07-30 05:30:28', 27);
insert into video values('2016-02-04 04:48:46', '2016-02-04 05:14:46', 27);
insert into video values('2017-08-23 07:45:19', '2017-08-23 08:05:19', 28);
insert into video values('2017-12-11 00:55:31', '2017-12-11 01:22:31', 28);
insert into video values('2018-10-19 12:58:24', '2018-10-19 13:11:24', 29);
insert into video values('2017-12-15 12:30:07', '2017-12-15 12:53:07', 29);
insert into video values('2016-05-10 05:56:05', '2016-05-10 06:25:05', 30);
insert into video values('2018-07-11 03:15:02', '2018-07-11 03:33:02', 30);
insert into video values('2018-08-25 05:01:13', '2018-08-25 05:16:13', 31);
insert into video values('2016-01-20 13:11:04', '2016-01-20 13:33:04', 31);
insert into video values('2016-07-20 22:43:02', '2016-07-20 22:53:02', 31);
insert into video values('2018-05-19 07:24:21', '2018-05-19 07:37:21', 31);
insert into video values('2017-10-05 17:13:09', '2017-10-05 17:35:09', 32);
insert into video values('2017-05-20 22:22:59', '2017-05-20 22:45:59', 32);
insert into video values('2018-12-27 03:36:37', '2018-12-27 03:52:37', 32);
insert into video values('2017-03-22 06:32:55', '2017-03-22 06:50:55', 33);
insert into video values('2018-12-18 14:44:01', '2018-12-18 15:06:01', 33);
insert into video values('2016-08-20 23:23:57', '2016-08-20 23:50:57', 33);
insert into video values('2018-07-16 05:19:55', '2018-07-16 05:38:55', 34);
insert into video values('2016-08-02 11:02:40', '2016-08-02 11:23:40', 34);
insert into video values('2017-10-25 13:33:14', '2017-10-25 13:43:14', 34);
insert into video values('2018-02-16 12:17:25', '2018-02-16 12:47:25', 35);
insert into video values('2016-03-14 00:23:03', '2016-03-14 00:53:03', 35);
insert into video values('2016-01-10 17:46:59', '2016-01-10 18:10:59', 36);
insert into video values('2018-02-03 01:13:11', '2018-02-03 01:35:11', 36);
insert into video values('2018-11-05 19:09:44', '2018-11-05 19:23:44', 36);
insert into video values('2016-11-01 06:17:55', '2016-11-01 06:28:55', 36);
insert into video values('2017-10-08 07:25:19', '2017-10-08 07:35:19', 37);
insert into video values('2018-10-16 12:24:15', '2018-10-16 12:51:15', 37);
insert into video values('2016-03-04 13:05:54', '2016-03-04 13:18:54', 37);
insert into video values('2018-05-28 13:21:54', '2018-05-28 13:37:54', 37);
insert into video values('2017-01-28 05:25:47', '2017-01-28 05:53:47', 38);
insert into video values('2016-06-17 09:52:39', '2016-06-17 10:08:39', 38);
insert into video values('2018-05-18 21:11:20', '2018-05-18 21:22:20', 38);
insert into video values('2018-05-14 03:23:40', '2018-05-14 03:38:40', 38);
insert into video values('2018-12-13 03:18:39', '2018-12-13 03:45:39', 39);
insert into video values('2018-09-23 22:48:30', '2018-09-23 23:03:30', 39);
insert into video values('2018-10-15 07:21:44', '2018-10-15 07:48:44', 40);
insert into video values('2018-07-05 11:15:26', '2018-07-05 11:36:26', 40);
insert into video values('2016-10-19 10:02:07', '2016-10-19 10:20:07', 40);
insert into video values('2016-02-21 11:08:44', '2016-02-21 11:28:44', 40);
insert into video values('2017-08-22 09:56:19', '2017-08-22 10:06:19', 41);
insert into video values('2017-04-21 17:04:50', '2017-04-21 17:29:50', 41);
insert into video values('2017-04-22 14:13:03', '2017-04-22 14:36:03', 41);
insert into video values('2018-02-04 18:35:07', '2018-02-04 19:03:07', 42);
insert into video values('2018-12-09 06:45:33', '2018-12-09 07:11:33', 42);
insert into video values('2016-03-01 02:00:01', '2016-03-01 02:26:01', 43);
insert into video values('2017-08-01 20:25:06', '2017-08-01 20:41:06', 43);
insert into video values('2017-07-24 20:45:30', '2017-07-24 21:04:30', 43);
insert into video values('2017-01-26 15:21:22', '2017-01-26 15:48:22', 43);
insert into video values('2017-01-07 11:40:01', '2017-01-07 11:53:01', 44);
insert into video values('2017-10-21 20:14:06', '2017-10-21 20:32:06', 44);
insert into video values('2017-10-11 11:28:48', '2017-10-11 11:41:48', 45);
insert into video values('2018-07-11 20:41:41', '2018-07-11 20:54:41', 45);
insert into video values('2018-01-29 13:14:29', '2018-01-29 13:33:29', 45);
insert into video values('2017-12-09 02:43:46', '2017-12-09 03:13:46', 46);
insert into video values('2017-01-08 20:42:21', '2017-01-08 21:04:21', 46);
insert into video values('2018-03-16 14:03:25', '2018-03-16 14:29:25', 46);
insert into video values('2016-11-24 17:55:47', '2016-11-24 18:16:47', 47);
insert into video values('2017-03-10 22:32:08', '2017-03-10 22:55:08', 47);
insert into video values('2017-12-25 06:42:47', '2017-12-25 06:55:47', 48);
insert into video values('2017-08-13 15:07:13', '2017-08-13 15:30:13', 48);
insert into video values('2016-08-06 01:28:26', '2016-08-06 01:42:26', 48);
insert into video values('2018-06-08 18:01:38', '2018-06-08 18:21:38', 48);
insert into video values('2016-12-18 03:17:45', '2016-12-18 03:39:45', 49);
insert into video values('2016-05-08 22:23:13', '2016-05-08 22:49:13', 49);
insert into video values('2018-12-18 12:41:59', '2018-12-18 13:04:59', 49);
insert into video values('2017-04-23 09:00:12', '2017-04-23 09:19:12', 49);
insert into video values('2016-05-01 23:16:28', '2016-05-01 23:30:28', 50);
insert into video values('2016-10-10 06:04:51', '2016-10-10 06:28:51', 50);
insert into video values('2018-01-13 19:31:32', '2018-01-13 19:46:32', 50);
insert into video values('2018-11-23 11:21:56', '2018-11-23 11:42:56', 51);
insert into video values('2018-07-15 15:05:41', '2018-07-15 15:20:41', 51);
insert into video values('2016-03-15 00:58:06', '2016-03-15 01:13:06', 52);
insert into video values('2017-08-20 01:01:14', '2017-08-20 01:20:14', 52);
insert into video values('2017-05-20 04:07:32', '2017-05-20 04:28:32', 52);
insert into video values('2018-07-11 14:51:48', '2018-07-11 15:14:48', 52);
insert into video values('2016-07-22 20:05:35', '2016-07-22 20:31:35', 53);
insert into video values('2018-02-16 12:05:48', '2018-02-16 12:26:48', 53);
insert into video values('2018-04-15 09:12:29', '2018-04-15 09:41:29', 53);
insert into video values('2017-07-27 18:00:50', '2017-07-27 18:29:50', 54);
insert into video values('2018-06-20 06:49:33', '2018-06-20 06:59:33', 54);
insert into video values('2016-03-31 15:59:23', '2016-03-31 16:25:23', 54);
insert into video values('2018-08-14 07:51:50', '2018-08-14 08:11:50', 55);
insert into video values('2017-09-16 09:53:31', '2017-09-16 10:06:31', 55);
insert into video values('2018-07-26 00:49:10', '2018-07-26 01:18:10', 55);
insert into video values('2017-04-05 00:38:19', '2017-04-05 00:50:19', 55);
insert into video values('2018-05-12 06:52:41', '2018-05-12 07:12:41', 56);
insert into video values('2018-01-06 10:00:20', '2018-01-06 10:21:20', 56);
insert into video values('2018-12-28 13:11:58', '2018-12-28 13:41:58', 56);
insert into video values('2017-07-06 03:03:37', '2017-07-06 03:18:37', 57);
insert into video values('2018-09-01 19:24:06', '2018-09-01 19:44:06', 57);
insert into video values('2018-10-06 02:35:30', '2018-10-06 03:02:30', 57);
insert into video values('2018-08-18 15:30:29', '2018-08-18 15:51:29', 57);
insert into video values('2017-06-02 02:05:58', '2017-06-02 02:26:58', 58);
insert into video values('2018-02-17 09:35:36', '2018-02-17 10:04:36', 58);
insert into video values('2016-05-06 08:48:46', '2016-05-06 09:02:46', 58);
insert into video values('2017-04-08 11:52:48', '2017-04-08 12:03:48', 58);
insert into video values('2016-10-31 21:40:38', '2016-10-31 22:09:38', 59);
insert into video values('2017-12-01 05:03:37', '2017-12-01 05:31:37', 59);
insert into video values('2018-03-19 11:55:12', '2018-03-19 12:11:12', 60);
insert into video values('2017-02-07 20:45:29', '2017-02-07 21:07:29', 60);
insert into video values('2016-08-31 09:41:09', '2016-08-31 10:06:09', 60);
insert into video values('2017-06-12 18:10:10', '2017-06-12 18:23:10', 60);
insert into video values('2016-01-10 17:51:19', '2016-01-10 18:08:19', 61);
insert into video values('2017-05-05 08:04:28', '2017-05-05 08:32:28', 61);
insert into video values('2017-06-27 07:21:03', '2017-06-27 07:40:03', 61);
insert into video values('2016-09-19 03:00:42', '2016-09-19 03:19:42', 62);
insert into video values('2017-01-05 23:18:01', '2017-01-05 23:38:01', 62);
insert into video values('2018-01-27 13:17:19', '2018-01-27 13:31:19', 62);
insert into video values('2018-10-26 02:53:11', '2018-10-26 03:06:11', 63);
insert into video values('2017-08-04 23:49:04', '2017-08-05 00:07:04', 63);
insert into video values('2016-05-04 23:49:37', '2016-05-05 00:18:37', 64);
insert into video values('2017-10-23 20:57:02', '2017-10-23 21:12:02', 64);
insert into video values('2017-04-06 23:55:35', '2017-04-07 00:25:35', 65);
insert into video values('2018-06-24 11:39:22', '2018-06-24 12:00:22', 65);
insert into video values('2018-05-15 04:29:53', '2018-05-15 04:56:53', 65);
insert into video values('2017-04-28 12:29:07', '2017-04-28 12:39:07', 66);
insert into video values('2017-08-10 00:34:45', '2017-08-10 00:51:45', 66);
insert into video values('2018-09-28 22:42:06', '2018-09-28 22:52:06', 66);
insert into video values('2016-07-30 11:58:20', '2016-07-30 12:13:20', 66);
insert into video values('2018-09-24 04:52:18', '2018-09-24 05:22:18', 67);
insert into video values('2018-03-29 11:33:27', '2018-03-29 12:02:27', 67);
insert into video values('2017-05-11 06:43:42', '2017-05-11 06:57:42', 67);
insert into video values('2018-07-23 20:39:54', '2018-07-23 20:51:54', 68);
insert into video values('2018-09-18 06:33:45', '2018-09-18 06:46:45', 68);
insert into video values('2016-04-03 03:38:00', '2016-04-03 04:07:00', 69);
insert into video values('2017-07-12 15:10:50', '2017-07-12 15:33:50', 69);
insert into video values('2018-01-18 04:10:15', '2018-01-18 04:25:15', 69);
insert into video values('2018-12-10 05:11:19', '2018-12-10 05:21:19', 69);
insert into video values('2018-03-28 07:27:25', '2018-03-28 07:51:25', 70);
insert into video values('2016-01-14 01:02:31', '2016-01-14 01:13:31', 70);
insert into video values('2017-12-21 00:33:55', '2017-12-21 00:51:55', 70);
insert into video values('2016-09-23 09:51:40', '2016-09-23 10:09:40', 71);
insert into video values('2017-01-07 23:19:27', '2017-01-07 23:31:27', 71);
insert into video values('2018-12-02 09:07:21', '2018-12-02 09:26:21', 72);
insert into video values('2017-12-21 16:37:30', '2017-12-21 17:05:30', 72);
insert into video values('2016-06-03 11:23:21', '2016-06-03 11:33:21', 72);
insert into video values('2017-07-22 10:18:39', '2017-07-22 10:31:39', 72);
insert into video values('2017-10-28 13:02:29', '2017-10-28 13:30:29', 73);
insert into video values('2018-04-16 22:29:23', '2018-04-16 22:44:23', 73);
insert into video values('2017-11-22 08:05:07', '2017-11-22 08:16:07', 74);
insert into video values('2016-01-27 04:55:53', '2016-01-27 05:15:53', 74);
insert into video values('2016-01-22 06:15:23', '2016-01-22 06:40:23', 74);
insert into video values('2018-12-04 06:33:24', '2018-12-04 06:43:24', 74);
insert into video values('2017-11-22 10:45:54', '2017-11-22 10:58:54', 75);
insert into video values('2017-04-26 16:56:51', '2017-04-26 17:23:51', 75);
insert into video values('2017-10-09 17:47:46', '2017-10-09 17:58:46', 76);
insert into video values('2018-06-27 17:05:01', '2018-06-27 17:22:01', 76);
insert into video values('2017-09-24 20:46:55', '2017-09-24 21:00:55', 76);
insert into video values('2017-01-24 12:04:30', '2017-01-24 12:20:30', 77);
insert into video values('2016-02-22 20:13:22', '2016-02-22 20:23:22', 77);
insert into video values('2016-12-14 18:15:38', '2016-12-14 18:27:38', 78);
insert into video values('2017-10-17 11:35:03', '2017-10-17 11:48:03', 78);
insert into video values('2017-03-05 22:35:48', '2017-03-05 22:45:48', 79);
insert into video values('2018-04-09 16:41:40', '2018-04-09 17:01:40', 79);
insert into video values('2017-10-03 17:56:51', '2017-10-03 18:23:51', 79);
insert into video values('2018-09-22 11:01:45', '2018-09-22 11:28:45', 80);
insert into video values('2018-07-30 16:52:44', '2018-07-30 17:16:44', 80);
insert into video values('2018-04-25 14:38:25', '2018-04-25 14:53:25', 80);
insert into video values('2018-08-12 15:46:27', '2018-08-12 16:14:27', 80);
insert into video values('2016-05-25 14:22:28', '2016-05-25 14:36:28', 81);
insert into video values('2017-05-18 20:34:34', '2017-05-18 20:55:34', 81);
insert into video values('2017-08-18 13:09:16', '2017-08-18 13:38:16', 81);
insert into video values('2017-11-18 20:20:42', '2017-11-18 20:44:42', 82);
insert into video values('2018-09-15 21:24:08', '2018-09-15 21:44:08', 82);
insert into video values('2016-10-29 14:32:11', '2016-10-29 14:42:11', 83);
insert into video values('2016-01-21 09:59:43', '2016-01-21 10:20:43', 83);
insert into video values('2017-01-30 14:42:26', '2017-01-30 14:54:26', 83);
insert into video values('2018-09-02 15:14:42', '2018-09-02 15:37:42', 84);
insert into video values('2018-06-22 17:50:14', '2018-06-22 18:03:14', 84);
insert into video values('2018-10-07 00:07:50', '2018-10-07 00:20:50', 84);
insert into video values('2016-09-01 18:24:13', '2016-09-01 18:48:13', 85);
insert into video values('2017-09-14 12:36:58', '2017-09-14 12:59:58', 85);
insert into video values('2016-02-19 10:55:16', '2016-02-19 11:18:16', 85);
insert into video values('2016-04-01 23:41:42', '2016-04-02 00:10:42', 85);
insert into video values('2018-02-06 07:55:11', '2018-02-06 08:14:11', 86);
insert into video values('2018-06-20 09:55:37', '2018-06-20 10:12:37', 86);
insert into video values('2017-09-10 11:06:59', '2017-09-10 11:18:59', 87);
insert into video values('2018-11-01 04:20:57', '2018-11-01 04:30:57', 87);
insert into video values('2018-01-29 04:55:48', '2018-01-29 05:22:48', 87);
insert into video values('2017-08-12 07:45:21', '2017-08-12 08:04:21', 87);
insert into video values('2016-10-03 14:43:36', '2016-10-03 14:55:36', 88);
insert into video values('2016-07-15 02:18:18', '2016-07-15 02:35:18', 88);
insert into video values('2018-04-29 09:39:18', '2018-04-29 09:55:18', 88);
insert into video values('2018-11-24 09:11:39', '2018-11-24 09:37:39', 88);
insert into video values('2016-02-17 21:51:50', '2016-02-17 22:07:50', 89);
insert into video values('2016-08-06 06:37:56', '2016-08-06 06:58:56', 89);
insert into video values('2017-08-14 15:34:52', '2017-08-14 15:48:52', 89);
insert into video values('2016-09-15 12:54:30', '2016-09-15 13:16:30', 90);
insert into video values('2018-04-06 02:12:03', '2018-04-06 02:40:03', 90);
insert into video values('2016-03-21 01:50:29', '2016-03-21 02:08:29', 91);
insert into video values('2016-09-10 17:19:06', '2016-09-10 17:41:06', 91);
insert into video values('2018-04-20 11:57:56', '2018-04-20 12:16:56', 92);
insert into video values('2017-01-01 11:28:40', '2017-01-01 11:46:40', 92);
insert into video values('2018-03-23 06:44:30', '2018-03-23 07:03:30', 92);
insert into video values('2017-04-10 07:35:36', '2017-04-10 07:53:36', 93);
insert into video values('2018-12-03 13:33:29', '2018-12-03 13:51:29', 93);
insert into video values('2017-09-25 05:22:40', '2017-09-25 05:45:40', 94);
insert into video values('2016-05-22 15:01:56', '2016-05-22 15:11:56', 94);
insert into video values('2016-09-05 14:27:05', '2016-09-05 14:57:05', 94);
insert into video values('2016-12-31 05:05:47', '2016-12-31 05:30:47', 95);
insert into video values('2018-10-02 20:58:31', '2018-10-02 21:14:31', 95);
insert into video values('2017-06-15 21:13:15', '2017-06-15 21:35:15', 95);
insert into video values('2018-08-11 01:09:42', '2018-08-11 01:25:42', 95);
insert into video values('2017-06-15 15:20:14', '2017-06-15 15:40:14', 96);
insert into video values('2018-08-20 00:59:00', '2018-08-20 01:24:00', 96);
insert into video values('2016-11-26 09:06:55', '2016-11-26 09:30:55', 97);
insert into video values('2018-09-16 21:22:32', '2018-09-16 21:38:32', 97);
insert into video values('2017-02-17 08:42:34', '2017-02-17 09:01:34', 98);
insert into video values('2017-08-25 23:02:45', '2017-08-25 23:19:45', 98);
insert into video values('2017-01-02 18:52:36', '2017-01-02 19:08:36', 98);
insert into video values('2017-03-17 18:49:33', '2017-03-17 19:01:33', 99);
insert into video values('2018-08-05 12:44:56', '2018-08-05 13:02:56', 99);
insert into video values('2018-11-23 12:41:21', '2018-11-23 12:57:21', 99);
insert into video values('2018-04-22 15:07:56', '2018-04-22 15:36:56', 99);
insert into video values('2018-04-11 13:17:48', '2018-04-11 13:34:48', 100);
insert into video values('2017-02-11 09:00:37', '2017-02-11 09:15:37', 100);
insert into video values('2017-08-09 00:10:08', '2017-08-09 00:33:08', 100);
insert into video values('2017-04-19 03:29:21', '2017-04-19 03:48:21', 100);
insert into video values('2017-07-11 12:46:48', '2017-07-11 13:11:48', 101);
insert into video values('2018-06-28 11:37:34', '2018-06-28 11:54:34', 101);



insert into segmentoVideo values(0, 25, '2016-12-26 00:54:05', 0);
insert into segmentoVideo values(0, 2, '2017-06-30 13:08:44', 0);
insert into segmentoVideo values(1, 28, '2017-06-30 13:08:44', 0);
insert into segmentoVideo values(0, 2, '2018-02-18 06:53:12', 1);
insert into segmentoVideo values(1, 26, '2018-02-18 06:53:12', 1);
insert into segmentoVideo values(0, 2, '2017-12-06 16:12:30', 1);
insert into segmentoVideo values(1, 15, '2017-12-06 16:12:30', 1);
insert into segmentoVideo values(0, 16, '2017-11-04 14:49:20', 1);
insert into segmentoVideo values(0, 10, '2016-01-18 17:50:14', 2);
insert into segmentoVideo values(0, 2, '2018-12-12 08:01:54', 2);
insert into segmentoVideo values(1, 10, '2018-12-12 08:01:54', 2);
insert into segmentoVideo values(0, 2, '2018-05-27 05:11:51', 3);
insert into segmentoVideo values(1, 14, '2018-05-27 05:11:51', 3);
insert into segmentoVideo values(0, 28, '2016-09-05 08:36:14', 3);
insert into segmentoVideo values(0, 2, '2016-06-05 15:33:47', 3);
insert into segmentoVideo values(1, 25, '2016-06-05 15:33:47', 3);
insert into segmentoVideo values(0, 2, '2016-07-04 04:55:35', 4);
insert into segmentoVideo values(1, 26, '2016-07-04 04:55:35', 4);
insert into segmentoVideo values(0, 2, '2016-09-20 07:56:40', 4);
insert into segmentoVideo values(1, 23, '2016-09-20 07:56:40', 4);
insert into segmentoVideo values(0, 2, '2018-09-03 22:41:35', 5);
insert into segmentoVideo values(1, 20, '2018-09-03 22:41:35', 5);
insert into segmentoVideo values(0, 2, '2018-03-15 11:49:30', 5);
insert into segmentoVideo values(1, 13, '2018-03-15 11:49:30', 5);
insert into segmentoVideo values(0, 2, '2017-04-03 08:40:12', 6);
insert into segmentoVideo values(1, 10, '2017-04-03 08:40:12', 6);
insert into segmentoVideo values(0, 21, '2017-10-04 07:07:35', 6);
insert into segmentoVideo values(0, 2, '2017-03-09 10:07:48', 6);
insert into segmentoVideo values(1, 19, '2017-03-09 10:07:48', 6);
insert into segmentoVideo values(0, 23, '2016-06-20 20:55:16', 7);
insert into segmentoVideo values(0, 19, '2016-06-03 19:02:34', 7);
insert into segmentoVideo values(0, 16, '2018-03-23 17:05:09', 8);
insert into segmentoVideo values(0, 2, '2018-03-19 01:54:29', 8);
insert into segmentoVideo values(1, 10, '2018-03-19 01:54:29', 8);
insert into segmentoVideo values(0, 14, '2017-12-19 06:59:12', 9);
insert into segmentoVideo values(0, 2, '2017-03-05 09:03:02', 9);
insert into segmentoVideo values(1, 25, '2017-03-05 09:03:02', 9);
insert into segmentoVideo values(0, 15, '2016-12-01 00:42:40', 10);
insert into segmentoVideo values(0, 28, '2016-02-13 22:42:16', 10);
insert into segmentoVideo values(0, 2, '2017-09-19 10:59:00', 11);
insert into segmentoVideo values(1, 28, '2017-09-19 10:59:00', 11);
insert into segmentoVideo values(0, 2, '2018-05-09 14:30:32', 11);
insert into segmentoVideo values(1, 22, '2018-05-09 14:30:32', 11);
insert into segmentoVideo values(0, 15, '2016-05-10 01:07:02', 11);
insert into segmentoVideo values(0, 2, '2016-09-30 23:09:46', 12);
insert into segmentoVideo values(1, 18, '2016-09-30 23:09:46', 12);
insert into segmentoVideo values(0, 22, '2018-06-17 02:09:55', 12);
insert into segmentoVideo values(0, 10, '2016-05-11 05:21:23', 12);
insert into segmentoVideo values(0, 2, '2016-02-21 18:41:15', 13);
insert into segmentoVideo values(1, 26, '2016-02-21 18:41:15', 13);
insert into segmentoVideo values(0, 2, '2018-01-16 23:55:32', 13);
insert into segmentoVideo values(1, 9, '2018-01-16 23:55:32', 13);
insert into segmentoVideo values(0, 26, '2017-10-15 17:56:07', 13);
insert into segmentoVideo values(0, 22, '2017-12-24 07:56:15', 14);
insert into segmentoVideo values(0, 2, '2017-10-14 04:27:08', 14);
insert into segmentoVideo values(1, 9, '2017-10-14 04:27:08', 14);
insert into segmentoVideo values(0, 2, '2018-06-26 12:10:59', 14);
insert into segmentoVideo values(1, 16, '2018-06-26 12:10:59', 14);
insert into segmentoVideo values(0, 23, '2017-12-11 13:04:34', 15);
insert into segmentoVideo values(0, 10, '2016-07-02 22:24:26', 15);
insert into segmentoVideo values(0, 2, '2018-10-13 09:33:53', 15);
insert into segmentoVideo values(1, 28, '2018-10-13 09:33:53', 15);
insert into segmentoVideo values(0, 10, '2017-08-03 15:34:04', 15);
insert into segmentoVideo values(0, 2, '2016-12-18 23:27:42', 16);
insert into segmentoVideo values(1, 9, '2016-12-18 23:27:42', 16);
insert into segmentoVideo values(0, 19, '2017-10-22 14:17:15', 16);
insert into segmentoVideo values(0, 2, '2017-04-20 16:11:29', 16);
insert into segmentoVideo values(1, 23, '2017-04-20 16:11:29', 16);
insert into segmentoVideo values(0, 2, '2017-09-05 03:41:10', 16);
insert into segmentoVideo values(1, 16, '2017-09-05 03:41:10', 16);
insert into segmentoVideo values(0, 18, '2016-02-16 06:00:08', 17);
insert into segmentoVideo values(0, 2, '2017-11-06 17:04:07', 17);
insert into segmentoVideo values(1, 14, '2017-11-06 17:04:07', 17);
insert into segmentoVideo values(0, 12, '2016-12-15 17:34:16', 18);
insert into segmentoVideo values(0, 16, '2018-10-20 04:46:30', 18);
insert into segmentoVideo values(0, 2, '2018-08-07 21:15:13', 19);
insert into segmentoVideo values(1, 28, '2018-08-07 21:15:13', 19);
insert into segmentoVideo values(0, 15, '2017-04-02 04:43:42', 19);
insert into segmentoVideo values(0, 19, '2016-03-02 22:39:01', 20);
insert into segmentoVideo values(0, 2, '2017-10-05 00:46:01', 20);
insert into segmentoVideo values(1, 27, '2017-10-05 00:46:01', 20);
insert into segmentoVideo values(0, 10, '2018-11-29 01:02:26', 20);
insert into segmentoVideo values(0, 24, '2018-12-19 03:26:31', 20);
insert into segmentoVideo values(0, 2, '2018-02-13 04:22:08', 21);
insert into segmentoVideo values(1, 25, '2018-02-13 04:22:08', 21);
insert into segmentoVideo values(0, 15, '2016-03-18 20:28:28', 21);
insert into segmentoVideo values(0, 2, '2017-11-02 03:14:07', 21);
insert into segmentoVideo values(1, 16, '2017-11-02 03:14:07', 21);
insert into segmentoVideo values(0, 26, '2017-10-05 15:30:26', 22);
insert into segmentoVideo values(0, 2, '2017-01-24 14:08:09', 22);
insert into segmentoVideo values(1, 17, '2017-01-24 14:08:09', 22);
insert into segmentoVideo values(0, 21, '2017-12-16 06:51:55', 23);
insert into segmentoVideo values(0, 2, '2017-04-17 16:21:27', 23);
insert into segmentoVideo values(1, 20, '2017-04-17 16:21:27', 23);
insert into segmentoVideo values(0, 2, '2017-03-11 02:04:22', 24);
insert into segmentoVideo values(1, 11, '2017-03-11 02:04:22', 24);
insert into segmentoVideo values(0, 25, '2018-09-02 23:52:00', 24);
insert into segmentoVideo values(0, 2, '2018-07-24 05:11:04', 24);
insert into segmentoVideo values(1, 20, '2018-07-24 05:11:04', 24);
insert into segmentoVideo values(0, 2, '2017-06-22 21:23:31', 25);
insert into segmentoVideo values(1, 12, '2017-06-22 21:23:31', 25);
insert into segmentoVideo values(0, 2, '2018-01-17 00:33:11', 25);
insert into segmentoVideo values(1, 28, '2018-01-17 00:33:11', 25);
insert into segmentoVideo values(0, 12, '2017-12-14 09:10:13', 25);
insert into segmentoVideo values(0, 11, '2016-12-05 23:26:28', 26);
insert into segmentoVideo values(0, 15, '2017-08-08 04:32:09', 26);
insert into segmentoVideo values(0, 2, '2018-12-09 04:51:28', 26);
insert into segmentoVideo values(1, 14, '2018-12-09 04:51:28', 26);
insert into segmentoVideo values(0, 16, '2018-03-11 14:38:09', 27);
insert into segmentoVideo values(0, 10, '2016-07-30 05:20:28', 27);
insert into segmentoVideo values(0, 2, '2016-02-04 04:48:46', 27);
insert into segmentoVideo values(1, 24, '2016-02-04 04:48:46', 27);
insert into segmentoVideo values(0, 20, '2017-08-23 07:45:19', 28);
insert into segmentoVideo values(0, 27, '2017-12-11 00:55:31', 28);
insert into segmentoVideo values(0, 13, '2018-10-19 12:58:24', 29);
insert into segmentoVideo values(0, 2, '2017-12-15 12:30:07', 29);
insert into segmentoVideo values(1, 21, '2017-12-15 12:30:07', 29);
insert into segmentoVideo values(0, 2, '2016-05-10 05:56:05', 30);
insert into segmentoVideo values(1, 27, '2016-05-10 05:56:05', 30);
insert into segmentoVideo values(0, 2, '2018-07-11 03:15:02', 30);
insert into segmentoVideo values(1, 16, '2018-07-11 03:15:02', 30);
insert into segmentoVideo values(0, 15, '2018-08-25 05:01:13', 31);
insert into segmentoVideo values(0, 22, '2016-01-20 13:11:04', 31);
insert into segmentoVideo values(0, 2, '2016-07-20 22:43:02', 31);
insert into segmentoVideo values(1, 8, '2016-07-20 22:43:02', 31);
insert into segmentoVideo values(0, 13, '2018-05-19 07:24:21', 31);
insert into segmentoVideo values(0, 22, '2017-10-05 17:13:09', 32);
insert into segmentoVideo values(0, 23, '2017-05-20 22:22:59', 32);
insert into segmentoVideo values(0, 16, '2018-12-27 03:36:37', 32);
insert into segmentoVideo values(0, 18, '2017-03-22 06:32:55', 33);
insert into segmentoVideo values(0, 22, '2018-12-18 14:44:01', 33);
insert into segmentoVideo values(0, 27, '2016-08-20 23:23:57', 33);
insert into segmentoVideo values(0, 19, '2018-07-16 05:19:55', 34);
insert into segmentoVideo values(0, 21, '2016-08-02 11:02:40', 34);
insert into segmentoVideo values(0, 10, '2017-10-25 13:33:14', 34);
insert into segmentoVideo values(0, 30, '2018-02-16 12:17:25', 35);
insert into segmentoVideo values(0, 2, '2016-03-14 00:23:03', 35);
insert into segmentoVideo values(1, 28, '2016-03-14 00:23:03', 35);
insert into segmentoVideo values(0, 2, '2016-01-10 17:46:59', 36);
insert into segmentoVideo values(1, 22, '2016-01-10 17:46:59', 36);
insert into segmentoVideo values(0, 2, '2018-02-03 01:13:11', 36);
insert into segmentoVideo values(1, 20, '2018-02-03 01:13:11', 36);
insert into segmentoVideo values(0, 2, '2018-11-05 19:09:44', 36);
insert into segmentoVideo values(1, 12, '2018-11-05 19:09:44', 36);
insert into segmentoVideo values(0, 2, '2016-11-01 06:17:55', 36);
insert into segmentoVideo values(1, 9, '2016-11-01 06:17:55', 36);
insert into segmentoVideo values(0, 10, '2017-10-08 07:25:19', 37);
insert into segmentoVideo values(0, 27, '2018-10-16 12:24:15', 37);
insert into segmentoVideo values(0, 13, '2016-03-04 13:05:54', 37);
insert into segmentoVideo values(0, 2, '2018-05-28 13:21:54', 37);
insert into segmentoVideo values(1, 14, '2018-05-28 13:21:54', 37);
insert into segmentoVideo values(0, 2, '2017-01-28 05:25:47', 38);
insert into segmentoVideo values(1, 26, '2017-01-28 05:25:47', 38);
insert into segmentoVideo values(0, 2, '2016-06-17 09:52:39', 38);
insert into segmentoVideo values(1, 14, '2016-06-17 09:52:39', 38);
insert into segmentoVideo values(0, 11, '2018-05-18 21:11:20', 38);
insert into segmentoVideo values(0, 2, '2018-05-14 03:23:40', 38);
insert into segmentoVideo values(1, 13, '2018-05-14 03:23:40', 38);
insert into segmentoVideo values(0, 2, '2018-12-13 03:18:39', 39);
insert into segmentoVideo values(1, 25, '2018-12-13 03:18:39', 39);
insert into segmentoVideo values(0, 15, '2018-09-23 22:48:30', 39);
insert into segmentoVideo values(0, 27, '2018-10-15 07:21:44', 40);
insert into segmentoVideo values(0, 21, '2018-07-05 11:15:26', 40);
insert into segmentoVideo values(0, 2, '2016-10-19 10:02:07', 40);
insert into segmentoVideo values(1, 16, '2016-10-19 10:02:07', 40);
insert into segmentoVideo values(0, 20, '2016-02-21 11:08:44', 40);
insert into segmentoVideo values(0, 10, '2017-08-22 09:56:19', 41);
insert into segmentoVideo values(0, 25, '2017-04-21 17:04:50', 41);
insert into segmentoVideo values(0, 2, '2017-04-22 14:13:03', 41);
insert into segmentoVideo values(1, 21, '2017-04-22 14:13:03', 41);
insert into segmentoVideo values(0, 28, '2018-02-04 18:35:07', 42);
insert into segmentoVideo values(0, 26, '2018-12-09 06:45:33', 42);
insert into segmentoVideo values(0, 26, '2016-03-01 02:00:01', 43);
insert into segmentoVideo values(0, 16, '2017-08-01 20:25:06', 43);
insert into segmentoVideo values(0, 19, '2017-07-24 20:45:30', 43);
insert into segmentoVideo values(0, 2, '2017-01-26 15:21:22', 43);
insert into segmentoVideo values(1, 25, '2017-01-26 15:21:22', 43);
insert into segmentoVideo values(0, 13, '2017-01-07 11:40:01', 44);
insert into segmentoVideo values(0, 18, '2017-10-21 20:14:06', 44);
insert into segmentoVideo values(0, 13, '2017-10-11 11:28:48', 45);
insert into segmentoVideo values(0, 2, '2018-07-11 20:41:41', 45);
insert into segmentoVideo values(1, 11, '2018-07-11 20:41:41', 45);
insert into segmentoVideo values(0, 19, '2018-01-29 13:14:29', 45);
insert into segmentoVideo values(0, 2, '2017-12-09 02:43:46', 46);
insert into segmentoVideo values(1, 28, '2017-12-09 02:43:46', 46);
insert into segmentoVideo values(0, 2, '2017-01-08 20:42:21', 46);
insert into segmentoVideo values(1, 20, '2017-01-08 20:42:21', 46);
insert into segmentoVideo values(0, 2, '2018-03-16 14:03:25', 46);
insert into segmentoVideo values(1, 24, '2018-03-16 14:03:25', 46);
insert into segmentoVideo values(0, 21, '2016-11-24 17:55:47', 47);
insert into segmentoVideo values(0, 2, '2017-03-10 22:32:08', 47);
insert into segmentoVideo values(1, 21, '2017-03-10 22:32:08', 47);
insert into segmentoVideo values(0, 13, '2017-12-25 06:42:47', 48);
insert into segmentoVideo values(0, 23, '2017-08-13 15:07:13', 48);
insert into segmentoVideo values(0, 14, '2016-08-06 01:28:26', 48);
insert into segmentoVideo values(0, 20, '2018-06-08 18:01:38', 48);
insert into segmentoVideo values(0, 22, '2016-12-18 03:17:45', 49);
insert into segmentoVideo values(0, 26, '2016-05-08 22:23:13', 49);
insert into segmentoVideo values(0, 2, '2018-12-18 12:41:59', 49);
insert into segmentoVideo values(1, 21, '2018-12-18 12:41:59', 49);
insert into segmentoVideo values(0, 19, '2017-04-23 09:00:12', 49);
insert into segmentoVideo values(0, 14, '2016-05-01 23:16:28', 50);
insert into segmentoVideo values(0, 24, '2016-10-10 06:04:51', 50);
insert into segmentoVideo values(0, 15, '2018-01-13 19:31:32', 50);
insert into segmentoVideo values(0, 21, '2018-11-23 11:21:56', 51);
insert into segmentoVideo values(0, 2, '2018-07-15 15:05:41', 51);
insert into segmentoVideo values(1, 13, '2018-07-15 15:05:41', 51);
insert into segmentoVideo values(0, 15, '2016-03-15 00:58:06', 52);
insert into segmentoVideo values(0, 2, '2017-08-20 01:01:14', 52);
insert into segmentoVideo values(1, 17, '2017-08-20 01:01:14', 52);
insert into segmentoVideo values(0, 21, '2017-05-20 04:07:32', 52);
insert into segmentoVideo values(0, 23, '2018-07-11 14:51:48', 52);
insert into segmentoVideo values(0, 26, '2016-07-22 20:05:35', 53);
insert into segmentoVideo values(0, 2, '2018-02-16 12:05:48', 53);
insert into segmentoVideo values(1, 19, '2018-02-16 12:05:48', 53);
insert into segmentoVideo values(0, 29, '2018-04-15 09:12:29', 53);
insert into segmentoVideo values(0, 29, '2017-07-27 18:00:50', 54);
insert into segmentoVideo values(0, 10, '2018-06-20 06:49:33', 54);
insert into segmentoVideo values(0, 2, '2016-03-31 15:59:23', 54);
insert into segmentoVideo values(1, 24, '2016-03-31 15:59:23', 54);
insert into segmentoVideo values(0, 20, '2018-08-14 07:51:50', 55);
insert into segmentoVideo values(0, 2, '2017-09-16 09:53:31', 55);
insert into segmentoVideo values(1, 11, '2017-09-16 09:53:31', 55);
insert into segmentoVideo values(0, 29, '2018-07-26 00:49:10', 55);
insert into segmentoVideo values(0, 12, '2017-04-05 00:38:19', 55);
insert into segmentoVideo values(0, 20, '2018-05-12 06:52:41', 56);
insert into segmentoVideo values(0, 21, '2018-01-06 10:00:20', 56);
insert into segmentoVideo values(0, 30, '2018-12-28 13:11:58', 56);
insert into segmentoVideo values(0, 15, '2017-07-06 03:03:37', 57);
insert into segmentoVideo values(0, 20, '2018-09-01 19:24:06', 57);
insert into segmentoVideo values(0, 2, '2018-10-06 02:35:30', 57);
insert into segmentoVideo values(1, 25, '2018-10-06 02:35:30', 57);
insert into segmentoVideo values(0, 2, '2018-08-18 15:30:29', 57);
insert into segmentoVideo values(1, 19, '2018-08-18 15:30:29', 57);
insert into segmentoVideo values(0, 21, '2017-06-02 02:05:58', 58);
insert into segmentoVideo values(0, 2, '2018-02-17 09:35:36', 58);
insert into segmentoVideo values(1, 27, '2018-02-17 09:35:36', 58);
insert into segmentoVideo values(0, 2, '2016-05-06 08:48:46', 58);
insert into segmentoVideo values(1, 12, '2016-05-06 08:48:46', 58);
insert into segmentoVideo values(0, 11, '2017-04-08 11:52:48', 58);
insert into segmentoVideo values(0, 2, '2016-10-31 21:40:38', 59);
insert into segmentoVideo values(1, 27, '2016-10-31 21:40:38', 59);
insert into segmentoVideo values(0, 28, '2017-12-01 05:03:37', 59);
insert into segmentoVideo values(0, 16, '2018-03-19 11:55:12', 60);
insert into segmentoVideo values(0, 22, '2017-02-07 20:45:29', 60);
insert into segmentoVideo values(0, 25, '2016-08-31 09:41:09', 60);
insert into segmentoVideo values(0, 13, '2017-06-12 18:10:10', 60);
insert into segmentoVideo values(0, 2, '2016-01-10 17:51:19', 61);
insert into segmentoVideo values(1, 15, '2016-01-10 17:51:19', 61);
insert into segmentoVideo values(0, 28, '2017-05-05 08:04:28', 61);
insert into segmentoVideo values(0, 19, '2017-06-27 07:21:03', 61);
insert into segmentoVideo values(0, 19, '2016-09-19 03:00:42', 62);
insert into segmentoVideo values(0, 20, '2017-01-05 23:18:01', 62);
insert into segmentoVideo values(0, 2, '2018-01-27 13:17:19', 62);
insert into segmentoVideo values(1, 12, '2018-01-27 13:17:19', 62);
insert into segmentoVideo values(0, 2, '2018-10-26 02:53:11', 63);
insert into segmentoVideo values(1, 11, '2018-10-26 02:53:11', 63);
insert into segmentoVideo values(0, 2, '2017-08-04 23:49:04', 63);
insert into segmentoVideo values(1, 16, '2017-08-04 23:49:04', 63);
insert into segmentoVideo values(0, 2, '2016-05-04 23:49:37', 64);
insert into segmentoVideo values(1, 27, '2016-05-04 23:49:37', 64);
insert into segmentoVideo values(0, 15, '2017-10-23 20:57:02', 64);
insert into segmentoVideo values(0, 30, '2017-04-06 23:55:35', 65);
insert into segmentoVideo values(0, 21, '2018-06-24 11:39:22', 65);
insert into segmentoVideo values(0, 27, '2018-05-15 04:29:53', 65);
insert into segmentoVideo values(0, 2, '2017-04-28 12:29:07', 66);
insert into segmentoVideo values(1, 8, '2017-04-28 12:29:07', 66);
insert into segmentoVideo values(0, 2, '2017-08-10 00:34:45', 66);
insert into segmentoVideo values(1, 15, '2017-08-10 00:34:45', 66);
insert into segmentoVideo values(0, 2, '2018-09-28 22:42:06', 66);
insert into segmentoVideo values(1, 8, '2018-09-28 22:42:06', 66);
insert into segmentoVideo values(0, 2, '2016-07-30 11:58:20', 66);
insert into segmentoVideo values(1, 13, '2016-07-30 11:58:20', 66);
insert into segmentoVideo values(0, 30, '2018-09-24 04:52:18', 67);
insert into segmentoVideo values(0, 29, '2018-03-29 11:33:27', 67);
insert into segmentoVideo values(0, 14, '2017-05-11 06:43:42', 67);
insert into segmentoVideo values(0, 2, '2018-07-23 20:39:54', 68);
insert into segmentoVideo values(1, 10, '2018-07-23 20:39:54', 68);
insert into segmentoVideo values(0, 13, '2018-09-18 06:33:45', 68);
insert into segmentoVideo values(0, 29, '2016-04-03 03:38:00', 69);
insert into segmentoVideo values(0, 2, '2017-07-12 15:10:50', 69);
insert into segmentoVideo values(1, 21, '2017-07-12 15:10:50', 69);
insert into segmentoVideo values(0, 2, '2018-01-18 04:10:15', 69);
insert into segmentoVideo values(1, 13, '2018-01-18 04:10:15', 69);
insert into segmentoVideo values(0, 10, '2018-12-10 05:11:19', 69);
insert into segmentoVideo values(0, 2, '2018-03-28 07:27:25', 70);
insert into segmentoVideo values(1, 22, '2018-03-28 07:27:25', 70);
insert into segmentoVideo values(0, 2, '2016-01-14 01:02:31', 70);
insert into segmentoVideo values(1, 9, '2016-01-14 01:02:31', 70);
insert into segmentoVideo values(0, 18, '2017-12-21 00:33:55', 70);
insert into segmentoVideo values(0, 2, '2016-09-23 09:51:40', 71);
insert into segmentoVideo values(1, 16, '2016-09-23 09:51:40', 71);
insert into segmentoVideo values(0, 12, '2017-01-07 23:19:27', 71);
insert into segmentoVideo values(0, 19, '2018-12-02 09:07:21', 72);
insert into segmentoVideo values(0, 28, '2017-12-21 16:37:30', 72);
insert into segmentoVideo values(0, 10, '2016-06-03 11:23:21', 72);
insert into segmentoVideo values(0, 13, '2017-07-22 10:18:39', 72);
insert into segmentoVideo values(0, 2, '2017-10-28 13:02:29', 73);
insert into segmentoVideo values(1, 26, '2017-10-28 13:02:29', 73);
insert into segmentoVideo values(0, 2, '2018-04-16 22:29:23', 73);
insert into segmentoVideo values(1, 13, '2018-04-16 22:29:23', 73);
insert into segmentoVideo values(0, 2, '2017-11-22 08:05:07', 74);
insert into segmentoVideo values(1, 9, '2017-11-22 08:05:07', 74);
insert into segmentoVideo values(0, 20, '2016-01-27 04:55:53', 74);
insert into segmentoVideo values(0, 25, '2016-01-22 06:15:23', 74);
insert into segmentoVideo values(0, 2, '2018-12-04 06:33:24', 74);
insert into segmentoVideo values(1, 8, '2018-12-04 06:33:24', 74);
insert into segmentoVideo values(0, 2, '2017-11-22 10:45:54', 75);
insert into segmentoVideo values(1, 11, '2017-11-22 10:45:54', 75);
insert into segmentoVideo values(0, 2, '2017-04-26 16:56:51', 75);
insert into segmentoVideo values(1, 25, '2017-04-26 16:56:51', 75);
insert into segmentoVideo values(0, 2, '2017-10-09 17:47:46', 76);
insert into segmentoVideo values(1, 9, '2017-10-09 17:47:46', 76);
insert into segmentoVideo values(0, 17, '2018-06-27 17:05:01', 76);
insert into segmentoVideo values(0, 2, '2017-09-24 20:46:55', 76);
insert into segmentoVideo values(1, 12, '2017-09-24 20:46:55', 76);
insert into segmentoVideo values(0, 2, '2017-01-24 12:04:30', 77);
insert into segmentoVideo values(1, 14, '2017-01-24 12:04:30', 77);
insert into segmentoVideo values(0, 2, '2016-02-22 20:13:22', 77);
insert into segmentoVideo values(1, 8, '2016-02-22 20:13:22', 77);
insert into segmentoVideo values(0, 12, '2016-12-14 18:15:38', 78);
insert into segmentoVideo values(0, 2, '2017-10-17 11:35:03', 78);
insert into segmentoVideo values(1, 11, '2017-10-17 11:35:03', 78);
insert into segmentoVideo values(0, 10, '2017-03-05 22:35:48', 79);
insert into segmentoVideo values(0, 2, '2018-04-09 16:41:40', 79);
insert into segmentoVideo values(1, 18, '2018-04-09 16:41:40', 79);
insert into segmentoVideo values(0, 27, '2017-10-03 17:56:51', 79);
insert into segmentoVideo values(0, 27, '2018-09-22 11:01:45', 80);
insert into segmentoVideo values(0, 24, '2018-07-30 16:52:44', 80);
insert into segmentoVideo values(0, 2, '2018-04-25 14:38:25', 80);
insert into segmentoVideo values(1, 13, '2018-04-25 14:38:25', 80);
insert into segmentoVideo values(0, 2, '2018-08-12 15:46:27', 80);
insert into segmentoVideo values(1, 26, '2018-08-12 15:46:27', 80);
insert into segmentoVideo values(0, 14, '2016-05-25 14:22:28', 81);
insert into segmentoVideo values(0, 2, '2017-05-18 20:34:34', 81);
insert into segmentoVideo values(1, 19, '2017-05-18 20:34:34', 81);
insert into segmentoVideo values(0, 29, '2017-08-18 13:09:16', 81);
insert into segmentoVideo values(0, 2, '2017-11-18 20:20:42', 82);
insert into segmentoVideo values(1, 22, '2017-11-18 20:20:42', 82);
insert into segmentoVideo values(0, 2, '2018-09-15 21:24:08', 82);
insert into segmentoVideo values(1, 18, '2018-09-15 21:24:08', 82);
insert into segmentoVideo values(0, 10, '2016-10-29 14:32:11', 83);
insert into segmentoVideo values(0, 2, '2016-01-21 09:59:43', 83);
insert into segmentoVideo values(1, 19, '2016-01-21 09:59:43', 83);
insert into segmentoVideo values(0, 12, '2017-01-30 14:42:26', 83);
insert into segmentoVideo values(0, 2, '2018-09-02 15:14:42', 84);
insert into segmentoVideo values(1, 21, '2018-09-02 15:14:42', 84);
insert into segmentoVideo values(0, 2, '2018-06-22 17:50:14', 84);
insert into segmentoVideo values(1, 11, '2018-06-22 17:50:14', 84);
insert into segmentoVideo values(0, 13, '2018-10-07 00:07:50', 84);
insert into segmentoVideo values(0, 24, '2016-09-01 18:24:13', 85);
insert into segmentoVideo values(0, 2, '2017-09-14 12:36:58', 85);
insert into segmentoVideo values(1, 21, '2017-09-14 12:36:58', 85);
insert into segmentoVideo values(0, 23, '2016-02-19 10:55:16', 85);
insert into segmentoVideo values(0, 29, '2016-04-01 23:41:42', 85);
insert into segmentoVideo values(0, 2, '2018-02-06 07:55:11', 86);
insert into segmentoVideo values(1, 17, '2018-02-06 07:55:11', 86);
insert into segmentoVideo values(0, 2, '2018-06-20 09:55:37', 86);
insert into segmentoVideo values(1, 15, '2018-06-20 09:55:37', 86);
insert into segmentoVideo values(0, 12, '2017-09-10 11:06:59', 87);
insert into segmentoVideo values(0, 2, '2018-11-01 04:20:57', 87);
insert into segmentoVideo values(1, 8, '2018-11-01 04:20:57', 87);
insert into segmentoVideo values(0, 2, '2018-01-29 04:55:48', 87);
insert into segmentoVideo values(1, 25, '2018-01-29 04:55:48', 87);
insert into segmentoVideo values(0, 2, '2017-08-12 07:45:21', 87);
insert into segmentoVideo values(1, 17, '2017-08-12 07:45:21', 87);
insert into segmentoVideo values(0, 12, '2016-10-03 14:43:36', 88);
insert into segmentoVideo values(0, 2, '2016-07-15 02:18:18', 88);
insert into segmentoVideo values(1, 15, '2016-07-15 02:18:18', 88);
insert into segmentoVideo values(0, 2, '2018-04-29 09:39:18', 88);
insert into segmentoVideo values(1, 14, '2018-04-29 09:39:18', 88);
insert into segmentoVideo values(0, 2, '2018-11-24 09:11:39', 88);
insert into segmentoVideo values(1, 24, '2018-11-24 09:11:39', 88);
insert into segmentoVideo values(0, 2, '2016-02-17 21:51:50', 89);
insert into segmentoVideo values(1, 14, '2016-02-17 21:51:50', 89);
insert into segmentoVideo values(0, 21, '2016-08-06 06:37:56', 89);
insert into segmentoVideo values(0, 14, '2017-08-14 15:34:52', 89);
insert into segmentoVideo values(0, 22, '2016-09-15 12:54:30', 90);
insert into segmentoVideo values(0, 28, '2018-04-06 02:12:03', 90);
insert into segmentoVideo values(0, 2, '2016-03-21 01:50:29', 91);
insert into segmentoVideo values(1, 16, '2016-03-21 01:50:29', 91);
insert into segmentoVideo values(0, 2, '2016-09-10 17:19:06', 91);
insert into segmentoVideo values(1, 20, '2016-09-10 17:19:06', 91);
insert into segmentoVideo values(0, 19, '2018-04-20 11:57:56', 92);
insert into segmentoVideo values(0, 18, '2017-01-01 11:28:40', 92);
insert into segmentoVideo values(0, 19, '2018-03-23 06:44:30', 92);
insert into segmentoVideo values(0, 18, '2017-04-10 07:35:36', 93);
insert into segmentoVideo values(0, 18, '2018-12-03 13:33:29', 93);
insert into segmentoVideo values(0, 2, '2017-09-25 05:22:40', 94);
insert into segmentoVideo values(1, 21, '2017-09-25 05:22:40', 94);
insert into segmentoVideo values(0, 2, '2016-05-22 15:01:56', 94);
insert into segmentoVideo values(1, 8, '2016-05-22 15:01:56', 94);
insert into segmentoVideo values(0, 2, '2016-09-05 14:27:05', 94);
insert into segmentoVideo values(1, 28, '2016-09-05 14:27:05', 94);
insert into segmentoVideo values(0, 25, '2016-12-31 05:05:47', 95);
insert into segmentoVideo values(0, 2, '2018-10-02 20:58:31', 95);
insert into segmentoVideo values(1, 14, '2018-10-02 20:58:31', 95);
insert into segmentoVideo values(0, 22, '2017-06-15 21:13:15', 95);
insert into segmentoVideo values(0, 2, '2018-08-11 01:09:42', 95);
insert into segmentoVideo values(1, 14, '2018-08-11 01:09:42', 95);
insert into segmentoVideo values(0, 20, '2017-06-15 15:20:14', 96);
insert into segmentoVideo values(0, 2, '2018-08-20 00:59:00', 96);
insert into segmentoVideo values(1, 23, '2018-08-20 00:59:00', 96);
insert into segmentoVideo values(0, 2, '2016-11-26 09:06:55', 97);
insert into segmentoVideo values(1, 22, '2016-11-26 09:06:55', 97);
insert into segmentoVideo values(0, 2, '2018-09-16 21:22:32', 97);
insert into segmentoVideo values(1, 14, '2018-09-16 21:22:32', 97);
insert into segmentoVideo values(0, 2, '2017-02-17 08:42:34', 98);
insert into segmentoVideo values(1, 17, '2017-02-17 08:42:34', 98);
insert into segmentoVideo values(0, 2, '2017-08-25 23:02:45', 98);
insert into segmentoVideo values(1, 15, '2017-08-25 23:02:45', 98);
insert into segmentoVideo values(0, 2, '2017-01-02 18:52:36', 98);
insert into segmentoVideo values(1, 14, '2017-01-02 18:52:36', 98);
insert into segmentoVideo values(0, 2, '2017-03-17 18:49:33', 99);
insert into segmentoVideo values(1, 10, '2017-03-17 18:49:33', 99);
insert into segmentoVideo values(0, 18, '2018-08-05 12:44:56', 99);
insert into segmentoVideo values(0, 2, '2018-11-23 12:41:21', 99);
insert into segmentoVideo values(1, 14, '2018-11-23 12:41:21', 99);
insert into segmentoVideo values(0, 2, '2018-04-22 15:07:56', 99);
insert into segmentoVideo values(1, 27, '2018-04-22 15:07:56', 99);
insert into segmentoVideo values(0, 2, '2018-04-11 13:17:48', 100);
insert into segmentoVideo values(1, 15, '2018-04-11 13:17:48', 100);
insert into segmentoVideo values(0, 15, '2017-02-11 09:00:37', 100);
insert into segmentoVideo values(0, 2, '2017-08-09 00:10:08', 100);
insert into segmentoVideo values(1, 21, '2017-08-09 00:10:08', 100);
insert into segmentoVideo values(0, 19, '2017-04-19 03:29:21', 100);
insert into segmentoVideo values(0, 25, '2017-07-11 12:46:48', 101);
insert into segmentoVideo values(0, 17, '2018-06-28 11:37:34', 101);



insert into local values('Portimo');
insert into local values('Vila Real');
insert into local values('Bragana');
insert into local values('Viana do Castelo');
insert into local values('Alcobaa');
insert into local values('Sintra');
insert into local values('Funchal');
insert into local values('Portalegre');
insert into local values('Aveiro');
insert into local values('Almada');
insert into local values('Barreiro');
insert into local values('Cartaxo');
insert into local values('Elvas');
insert into local values('Chaves');
insert into local values('Ftima');
insert into local values('Espinho');
insert into local values('Guarda');
insert into local values('Gouveia');
insert into local values('Fundo');
insert into local values('Leiria');
insert into local values('Maia');
insert into local values('Loures');
insert into local values('Moura');
insert into local values('Mirandela');
insert into local values('Penafiel');
insert into local values('Pinhel');
insert into local values('Praia da Vitria');
insert into local values('Queluz');
insert into local values('Ribeira Grande');
insert into local values('Santana');
insert into local values('Santa Cruz');
insert into local values('Seia');
insert into local values('So Pedro do Sul');
insert into local values('Tomar');
insert into local values('Tavira');
insert into local values('Trancoso');
insert into local values('Trofa');
insert into local values('Lisboa');
insert into local values('Porto');
insert into local values('Braga');
insert into local values('Coimbra');
insert into local values('Amadora');
insert into local values('Vila Nova de Gaia');
insert into local values('Setbal');
insert into local values('Beja');
insert into local values('vora');
insert into local values('Faro');
insert into local values('Sines');
insert into local values('Monchique');
insert into local values('Viseu');
insert into local values('Montijo');
insert into local values('Alcochete');
insert into local values('Oliveira do Hospital');
insert into local values('Albufeira');
insert into local values('Olho');
insert into local values('Redondo');
insert into local values('Vila das Aves');
insert into local values('Abrantes');
insert into local values('gueda');
insert into local values('Alccer do Sal');
insert into local values('Alfena');
insert into local values('Costa da Caparica');
insert into local values('Esmoriz');
insert into local values('Estarreja');
insert into local values('Fafe');
insert into local values('Santo Andr');
insert into local values('Felgueiras');
insert into local values('Gondomar');
insert into local values('Nazar');
insert into local values('Horta');
insert into local values('Lagoa');
insert into local values('Lagos');
insert into local values('Sagres');
insert into local values('Loul');
insert into local values('Castro Daire');
insert into local values('Marco de Canavezes');
insert into local values('Montemor-o-Novo');
insert into local values('Ovar');
insert into local values('Peniche');
insert into local values('Ericeira');
insert into local values('Pombal');
insert into local values('Cascais');
insert into local values('Rio Maior');
insert into local values('Sabugal');
insert into local values('Santo Tirso');
insert into local values('Seixal');
insert into local values('Silves');
insert into local values('Tondela');
insert into local values('Valongo');
insert into local values('Vizela');
insert into local values('lhavo');
insert into local values('Lamego');
insert into local values('Lixa');
insert into local values('Lourosa');
insert into local values('Macedo de Cavaleiros');
insert into local values('Machico');
insert into local values('Mes');
insert into local values('Alvor');
insert into local values('Arcozelo');
insert into local values('Coina');
insert into local values('Marzovelos');
insert into local values('Pvoa de Varzim');



insert into vigia values('Abrantes', 0);
insert into vigia values('Santana', 1);
insert into vigia values('Vila Real', 2);
insert into vigia values('Alcochete', 3);
insert into vigia values('Portalegre', 4);
insert into vigia values('Aveiro', 5);
insert into vigia values('Leiria', 6);
insert into vigia values('Penafiel', 7);
insert into vigia values('Alccer do Sal', 8);
insert into vigia values('Coina', 9);
insert into vigia values('vora', 10);
insert into vigia values('Trancoso', 11);
insert into vigia values('Aveiro', 12);
insert into vigia values('Pinhel', 13);
insert into vigia values('Funchal', 14);
insert into vigia values('Valongo', 15);
insert into vigia values('Vizela', 16);
insert into vigia values('Marzovelos', 17);
insert into vigia values('Amadora', 18);
insert into vigia values('Lagoa', 19);
insert into vigia values('Ericeira', 20);
insert into vigia values('Almada', 21);
insert into vigia values('Olho', 22);
insert into vigia values('Ribeira Grande', 23);
insert into vigia values('Santo Tirso', 24);
insert into vigia values('Braga', 25);
insert into vigia values('Faro', 26);
insert into vigia values('Amadora', 27);
insert into vigia values('Sabugal', 28);
insert into vigia values('Penafiel', 29);
insert into vigia values('Lourosa', 30);
insert into vigia values('Alcochete', 31);
insert into vigia values('Ovar', 32);
insert into vigia values('Ovar', 33);
insert into vigia values('Silves', 34);
insert into vigia values('Fundo', 35);
insert into vigia values('Peniche', 36);
insert into vigia values('Marco de Canavezes', 37);
insert into vigia values('Marco de Canavezes', 38);
insert into vigia values('Olho', 39);
insert into vigia values('Aveiro', 40);
insert into vigia values('Nazar', 41);
insert into vigia values('Chaves', 42);
insert into vigia values('Alccer do Sal', 43);
insert into vigia values('Maia', 44);
insert into vigia values('Setbal', 45);
insert into vigia values('Praia da Vitria', 46);
insert into vigia values('Setbal', 47);
insert into vigia values('Sagres', 48);
insert into vigia values('Loures', 49);
insert into vigia values('lhavo', 50);
insert into vigia values('lhavo', 51);
insert into vigia values('Trancoso', 52);
insert into vigia values('lhavo', 53);
insert into vigia values('Pinhel', 54);
insert into vigia values('Portalegre', 55);
insert into vigia values('Fundo', 56);
insert into vigia values('Gondomar', 57);
insert into vigia values('vora', 58);
insert into vigia values('Sines', 59);
insert into vigia values('Pombal', 60);
insert into vigia values('Vila das Aves', 61);
insert into vigia values('Gondomar', 62);
insert into vigia values('Abrantes', 63);
insert into vigia values('Cascais', 64);
insert into vigia values('Lourosa', 65);
insert into vigia values('Nazar', 66);
insert into vigia values('Alfena', 67);
insert into vigia values('Santa Cruz', 68);
insert into vigia values('Santo Andr', 69);
insert into vigia values('Albufeira', 70);
insert into vigia values('Sabugal', 71);
insert into vigia values('Marco de Canavezes', 72);
insert into vigia values('Aveiro', 73);
insert into vigia values('Vila Real', 74);
insert into vigia values('Albufeira', 75);
insert into vigia values('lhavo', 76);
insert into vigia values('Penafiel', 77);
insert into vigia values('Felgueiras', 78);
insert into vigia values('Alcochete', 79);
insert into vigia values('Lagos', 80);
insert into vigia values('Trancoso', 81);
insert into vigia values('Silves', 82);
insert into vigia values('Albufeira', 83);
insert into vigia values('Almada', 84);
insert into vigia values('Coimbra', 85);
insert into vigia values('Almada', 86);
insert into vigia values('Lisboa', 87);
insert into vigia values('Cascais', 88);
insert into vigia values('Gondomar', 89);
insert into vigia values('Horta', 90);
insert into vigia values('Sintra', 91);
insert into vigia values('Aveiro', 92);
insert into vigia values('Beja', 93);
insert into vigia values('Castro Daire', 94);
insert into vigia values('Alcobaa', 95);
insert into vigia values('Sintra', 96);
insert into vigia values('Elvas', 97);
insert into vigia values('Costa da Caparica', 98);
insert into vigia values('Pinhel', 99);
insert into vigia values('Abrantes', 100);
insert into vigia values('gueda', 101);



insert into processoSocorro values(0);
insert into processoSocorro values(1);
insert into processoSocorro values(2);
insert into processoSocorro values(3);
insert into processoSocorro values(4);
insert into processoSocorro values(5);
insert into processoSocorro values(6);
insert into processoSocorro values(7);
insert into processoSocorro values(8);
insert into processoSocorro values(9);
insert into processoSocorro values(10);
insert into processoSocorro values(11);
insert into processoSocorro values(12);
insert into processoSocorro values(13);
insert into processoSocorro values(14);
insert into processoSocorro values(15);
insert into processoSocorro values(16);
insert into processoSocorro values(17);
insert into processoSocorro values(18);
insert into processoSocorro values(19);
insert into processoSocorro values(20);
insert into processoSocorro values(21);
insert into processoSocorro values(22);
insert into processoSocorro values(23);
insert into processoSocorro values(24);
insert into processoSocorro values(25);
insert into processoSocorro values(26);
insert into processoSocorro values(27);
insert into processoSocorro values(28);
insert into processoSocorro values(29);
insert into processoSocorro values(30);
insert into processoSocorro values(31);
insert into processoSocorro values(32);
insert into processoSocorro values(33);
insert into processoSocorro values(34);
insert into processoSocorro values(35);
insert into processoSocorro values(36);
insert into processoSocorro values(37);
insert into processoSocorro values(38);
insert into processoSocorro values(39);
insert into processoSocorro values(40);
insert into processoSocorro values(41);
insert into processoSocorro values(42);
insert into processoSocorro values(43);
insert into processoSocorro values(44);
insert into processoSocorro values(45);
insert into processoSocorro values(46);
insert into processoSocorro values(47);
insert into processoSocorro values(48);
insert into processoSocorro values(49);
insert into processoSocorro values(50);
insert into processoSocorro values(51);
insert into processoSocorro values(52);
insert into processoSocorro values(53);
insert into processoSocorro values(54);
insert into processoSocorro values(55);
insert into processoSocorro values(56);
insert into processoSocorro values(57);
insert into processoSocorro values(58);
insert into processoSocorro values(59);
insert into processoSocorro values(60);
insert into processoSocorro values(61);
insert into processoSocorro values(62);
insert into processoSocorro values(63);
insert into processoSocorro values(64);
insert into processoSocorro values(65);
insert into processoSocorro values(66);
insert into processoSocorro values(67);
insert into processoSocorro values(68);
insert into processoSocorro values(69);
insert into processoSocorro values(70);
insert into processoSocorro values(71);
insert into processoSocorro values(72);
insert into processoSocorro values(73);
insert into processoSocorro values(74);
insert into processoSocorro values(75);
insert into processoSocorro values(76);
insert into processoSocorro values(77);
insert into processoSocorro values(78);
insert into processoSocorro values(79);
insert into processoSocorro values(80);
insert into processoSocorro values(81);
insert into processoSocorro values(82);
insert into processoSocorro values(83);
insert into processoSocorro values(84);
insert into processoSocorro values(85);
insert into processoSocorro values(86);
insert into processoSocorro values(87);
insert into processoSocorro values(88);
insert into processoSocorro values(89);
insert into processoSocorro values(90);
insert into processoSocorro values(91);
insert into processoSocorro values(92);
insert into processoSocorro values(93);
insert into processoSocorro values(94);
insert into processoSocorro values(95);
insert into processoSocorro values(96);
insert into processoSocorro values(97);
insert into processoSocorro values(98);
insert into processoSocorro values(99);
insert into processoSocorro values(100);
insert into processoSocorro values(101);



insert into eventoEmergencia values(960000000, '2016-06-21 07:37:04', 'Marega', 'Tomar', 0);
insert into eventoEmergencia values(960000001, '2018-08-22 13:59:18', 'Lus', 'Vila Real', 1);
insert into eventoEmergencia values(960000002, '2016-03-30 01:07:07', 'Carolina', 'Alccer do Sal', 2);
insert into eventoEmergencia values(960000003, '2017-02-14 08:49:55', 'Carolina', 'Viana do Castelo', 3);
insert into eventoEmergencia values(960000004, '2018-06-23 10:23:19', 'Ana', 'Portalegre', 4);
insert into eventoEmergencia values(960000005, '2016-10-02 12:30:53', 'Carolina', 'Funchal', 5);
insert into eventoEmergencia values(960000006, '2017-06-15 09:46:02', 'Carolina', 'Vila das Aves', 6);
insert into eventoEmergencia values(960000007, '2018-01-20 23:47:28', 'Rita', 'Lourosa', 7);
insert into eventoEmergencia values(960000008, '2016-08-20 05:40:11', 'Miguel', 'Sintra', 8);
insert into eventoEmergencia values(960000009, '2018-04-01 19:25:46', 'Ana', 'Gondomar', 9);
insert into eventoEmergencia values(960000010, '2017-10-05 23:09:08', 'Jonas', 'Silves', 10);
insert into eventoEmergencia values(960000011, '2016-11-10 23:41:51', 'Joo', 'Barreiro', 11);
insert into eventoEmergencia values(960000012, '2018-11-16 11:34:57', 'Cames', 'Vila Nova de Gaia', 12);
insert into eventoEmergencia values(960000013, '2017-07-24 02:23:26', 'Cristiano Ronaldo', 'Beja', 13);
insert into eventoEmergencia values(960000014, '2018-04-25 14:54:33', 'Jonas', 'Sabugal', 14);
insert into eventoEmergencia values(960000015, '2017-09-15 07:45:10', 'Miguel', 'Coina', 15);
insert into eventoEmergencia values(960000016, '2018-07-12 15:48:50', 'Maria', 'Almada', 16);
insert into eventoEmergencia values(960000017, '2016-06-12 13:02:07', 'Maria', 'Loures', 17);
insert into eventoEmergencia values(960000018, '2016-04-13 09:09:09', 'Maria', 'Arcozelo', 18);
insert into eventoEmergencia values(960000019, '2016-10-01 20:24:19', 'Lus', 'Santo Tirso', 19);
insert into eventoEmergencia values(960000020, '2016-11-17 05:20:29', 'Catarina', 'Lamego', 20);
insert into eventoEmergencia values(960000021, '2016-03-18 14:30:13', 'Sancidino', 'Costa da Caparica', 21);
insert into eventoEmergencia values(960000022, '2016-07-03 16:03:05', 'Margarida', 'Marco de Canavezes', 22);
insert into eventoEmergencia values(960000023, '2017-05-07 22:28:56', 'Bruno Fernandes', 'Cartaxo', 23);
insert into eventoEmergencia values(960000024, '2017-03-26 15:51:39', 'Madalena', 'Gondomar', 24);
insert into eventoEmergencia values(960000025, '2016-12-09 19:31:48', 'Joana', 'Fundo', 25);
insert into eventoEmergencia values(960000026, '2018-03-03 07:05:33', 'der', 'Costa da Caparica', 26);
insert into eventoEmergencia values(960000027, '2016-07-31 18:12:59', 'Maria', 'Lixa', 27);
insert into eventoEmergencia values(960000028, '2018-05-09 07:22:01', 'der', 'Aveiro', 28);
insert into eventoEmergencia values(960000029, '2016-03-09 02:05:31', 'der', 'Arcozelo', 29);
insert into eventoEmergencia values(960000030, '2016-06-15 00:13:27', 'Maria', 'Cascais', 30);
insert into eventoEmergencia values(960000031, '2018-11-18 17:15:51', 'Cames', 'lhavo', 31);
insert into eventoEmergencia values(960000032, '2018-10-27 04:34:48', 'Cames', 'Nazar', 32);
insert into eventoEmergencia values(960000033, '2018-11-14 01:58:44', 'Joo', 'Coina', 33);
insert into eventoEmergencia values(960000034, '2016-05-27 01:19:49', 'Cristiano Ronaldo', 'Redondo', 34);
insert into eventoEmergencia values(960000035, '2018-12-27 17:17:14', 'Cames', 'Aveiro', 35);
insert into eventoEmergencia values(960000036, '2018-11-29 05:21:43', 'Ricardo', 'Almada', 36);
insert into eventoEmergencia values(960000037, '2018-08-15 09:24:57', 'Joana', 'Chaves', 37);
insert into eventoEmergencia values(960000038, '2016-09-09 17:10:18', 'Cames', 'Chaves', 38);
insert into eventoEmergencia values(960000039, '2018-01-27 10:01:18', 'Catarina', 'Bragana', 39);
insert into eventoEmergencia values(960000040, '2018-10-31 19:54:10', 'Ricardo', 'Sabugal', 40);
insert into eventoEmergencia values(960000041, '2017-10-25 15:29:04', 'Cames', 'vora', 41);
insert into eventoEmergencia values(960000042, '2017-11-10 14:06:52', 'Maria', 'Moura', 42);
insert into eventoEmergencia values(960000043, '2017-05-06 22:41:10', 'Toms', 'Redondo', 43);
insert into eventoEmergencia values(960000044, '2018-06-12 16:02:36', 'der', 'Lagos', 44);
insert into eventoEmergencia values(960000045, '2017-10-22 02:52:11', 'Joana', 'Monchique', 45);
insert into eventoEmergencia values(960000046, '2017-11-01 10:51:27', 'Bruno Fernandes', 'Albufeira', 46);
insert into eventoEmergencia values(960000047, '2017-09-01 04:39:46', 'Joana', 'Amadora', 47);
insert into eventoEmergencia values(960000048, '2017-07-18 05:05:41', 'der', 'Maia', 48);
insert into eventoEmergencia values(960000049, '2016-02-15 06:41:13', 'Ana', 'lhavo', 49);
insert into eventoEmergencia values(960000050, '2018-03-13 18:17:03', 'Joana', 'Braga', 50);
insert into eventoEmergencia values(960000051, '2016-05-06 02:15:24', 'Marega', 'Penafiel', 51);
insert into eventoEmergencia values(960000052, '2016-03-13 06:52:06', 'Ricardo', 'Bragana', 52);
insert into eventoEmergencia values(960000053, '2016-12-06 00:21:49', 'Joana', 'Vizela', 53);
insert into eventoEmergencia values(960000054, '2017-05-30 04:37:31', 'Pedro', 'Esmoriz', 54);
insert into eventoEmergencia values(960000055, '2017-07-14 19:06:12', 'Marega', 'Ftima', 55);
insert into eventoEmergencia values(960000056, '2018-09-06 18:58:47', 'Margarida', 'Alccer do Sal', 56);
insert into eventoEmergencia values(960000057, '2018-04-18 13:35:29', 'Marega', 'Beja', 57);
insert into eventoEmergencia values(960000058, '2018-08-10 16:05:05', 'Rita', 'Costa da Caparica', 58);
insert into eventoEmergencia values(960000059, '2017-04-29 07:46:04', 'Catarina', 'Vila das Aves', 59);
insert into eventoEmergencia values(960000060, '2018-02-16 03:46:49', 'Marega', 'Montemor-o-Novo', 60);
insert into eventoEmergencia values(960000061, '2018-05-28 20:09:25', 'Ricardo', 'Mirandela', 61);
insert into eventoEmergencia values(960000062, '2018-11-11 14:52:37', 'Carolina', 'Portimo', 62);
insert into eventoEmergencia values(960000063, '2017-06-16 11:12:40', 'Madalena', 'Barreiro', 63);
insert into eventoEmergencia values(960000064, '2018-01-31 17:34:38', 'Miguel', 'lhavo', 64);
insert into eventoEmergencia values(960000065, '2017-04-21 23:29:44', 'Madalena', 'Alfena', 65);
insert into eventoEmergencia values(960000066, '2018-12-22 07:49:16', 'der', 'Loures', 66);
insert into eventoEmergencia values(960000067, '2018-11-05 14:20:46', 'Bruno Fernandes', 'Alcochete', 67);
insert into eventoEmergencia values(960000068, '2016-10-03 11:05:38', 'Rita', 'Arcozelo', 68);
insert into eventoEmergencia values(960000069, '2016-04-04 10:29:48', 'Cristiano Ronaldo', 'Santana', 69);
insert into eventoEmergencia values(960000070, '2018-08-19 08:18:24', 'Bruno Fernandes', 'Nazar', 70);
insert into eventoEmergencia values(960000071, '2017-07-19 03:20:42', 'Jonas', 'Sagres', 71);
insert into eventoEmergencia values(960000072, '2018-11-02 18:10:38', 'Bruno Fernandes', 'Elvas', 72);
insert into eventoEmergencia values(960000073, '2018-04-06 20:15:48', 'Maria', 'Sines', 73);
insert into eventoEmergencia values(960000074, '2016-12-02 22:29:39', 'Catarina', 'Mirandela', 74);
insert into eventoEmergencia values(960000075, '2017-08-30 02:14:52', 'Ricardo', 'Sagres', 75);
insert into eventoEmergencia values(960000076, '2016-12-12 11:25:40', 'der', 'Queluz', 76);
insert into eventoEmergencia values(960000077, '2016-12-04 18:08:23', 'der', 'Cascais', 77);
insert into eventoEmergencia values(960000078, '2018-06-19 20:35:55', 'Toms', 'Valongo', 78);
insert into eventoEmergencia values(960000079, '2016-11-13 02:02:12', 'Ricardo', 'Horta', 79);
insert into eventoEmergencia values(960000080, '2018-02-18 09:02:57', 'Marega', 'Fafe', 80);
insert into eventoEmergencia values(960000081, '2018-09-28 06:05:57', 'Joo', 'Leiria', 81);
insert into eventoEmergencia values(960000082, '2017-04-05 02:23:59', 'Bruno Fernandes', 'Castro Daire', 82);
insert into eventoEmergencia values(960000083, '2017-06-10 03:49:34', 'Maria', 'Seia', 83);
insert into eventoEmergencia values(960000084, '2018-10-01 06:48:21', 'Ricardo', 'gueda', 84);
insert into eventoEmergencia values(960000085, '2018-08-13 10:34:34', 'Maria', 'Faro', 85);
insert into eventoEmergencia values(960000086, '2017-04-30 23:13:17', 'Ricardo', 'Ericeira', 86);
insert into eventoEmergencia values(960000087, '2017-08-24 20:01:24', 'Lus', 'Mirandela', 87);
insert into eventoEmergencia values(960000088, '2016-04-05 04:45:39', 'Lus', 'Viseu', 88);
insert into eventoEmergencia values(960000089, '2018-11-05 13:43:17', 'Catarina', 'Portalegre', 89);
insert into eventoEmergencia values(960000090, '2017-12-24 07:33:29', 'Miguel', 'Trancoso', 90);
insert into eventoEmergencia values(960000091, '2017-04-23 03:43:05', 'Joo', 'Lixa', 91);
insert into eventoEmergencia values(960000092, '2018-12-31 13:36:51', 'Miguel', 'Chaves', 92);
insert into eventoEmergencia values(960000093, '2017-11-05 01:03:41', 'Cames', 'Bragana', 93);
insert into eventoEmergencia values(960000094, '2016-10-05 11:10:47', 'Catarina', 'Santo Andr', 94);
insert into eventoEmergencia values(960000095, '2018-09-25 04:41:35', 'Catarina', 'Gouveia', 95);
insert into eventoEmergencia values(960000096, '2016-02-27 10:13:34', 'Joana', 'Ftima', 96);
insert into eventoEmergencia values(960000097, '2016-06-09 13:04:58', 'Jonas', 'Lamego', 97);
insert into eventoEmergencia values(960000098, '2016-01-09 08:31:37', 'Maria', 'Horta', 98);
insert into eventoEmergencia values(960000099, '2017-04-28 09:08:51', 'Miguel', 'Loul', 99);
insert into eventoEmergencia values(960000100, '2017-08-09 08:24:41', 'Toms', 'Vila Nova de Gaia', 100);
insert into eventoEmergencia values(960000101, '2016-08-16 08:57:51', 'Margarida', 'Pombal', 101);
insert into eventoEmergencia values(960000102, '2016-07-08 21:15:39', 'Simo', 'Redondo', 0);
insert into eventoEmergencia values(960000103, '2016-02-18 12:22:23', 'Catarina', 'Macedo de Cavaleiros', 1);
insert into eventoEmergencia values(960000104, '2017-04-18 22:05:32', 'Margarida', 'Santo Andr', 2);
insert into eventoEmergencia values(960000105, '2016-05-12 14:02:21', 'Cristiano Ronaldo', 'Pombal', 3);
insert into eventoEmergencia values(960000106, '2016-11-02 13:22:37', 'Cames', 'Vila Real', 4);
insert into eventoEmergencia values(960000107, '2017-04-12 21:23:23', 'Sancidino', 'Vila das Aves', 5);
insert into eventoEmergencia values(960000108, '2016-02-18 17:45:05', 'Maria', 'Coina', 6);
insert into eventoEmergencia values(960000109, '2018-10-04 10:02:07', 'Lus', 'Almada', 7);
insert into eventoEmergencia values(960000110, '2016-02-16 00:24:57', 'Catarina', 'Beja', 8);
insert into eventoEmergencia values(960000111, '2018-05-28 19:39:11', 'Cames', 'Albufeira', 9);
insert into eventoEmergencia values(960000112, '2016-04-30 19:02:32', 'Joo', 'Beja', 10);
insert into eventoEmergencia values(960000113, '2017-08-07 08:50:20', 'Jonas', 'Praia da Vitria', 11);
insert into eventoEmergencia values(960000114, '2016-07-30 03:01:19', 'der', 'Gouveia', 12);
insert into eventoEmergencia values(960000115, '2018-06-15 09:23:33', 'Sancidino', 'Loures', 13);
insert into eventoEmergencia values(960000116, '2017-06-22 07:28:49', 'Pedro', 'Penafiel', 14);
insert into eventoEmergencia values(960000117, '2016-02-27 02:44:19', 'Toms', 'Braga', 15);
insert into eventoEmergencia values(960000118, '2017-06-18 03:57:03', 'Madalena', 'Trofa', 16);
insert into eventoEmergencia values(960000119, '2016-01-07 12:38:16', 'Simo', 'Sines', 17);
insert into eventoEmergencia values(960000120, '2016-02-14 01:17:07', 'Toms', 'Olho', 18);
insert into eventoEmergencia values(960000121, '2016-02-20 23:32:54', 'Marega', 'Rio Maior', 19);
insert into eventoEmergencia values(960000122, '2018-08-08 22:54:08', 'Joana', 'Lourosa', 20);
insert into eventoEmergencia values(960000123, '2017-08-11 15:46:38', 'Joana', 'Beja', 21);
insert into eventoEmergencia values(960000124, '2016-10-08 17:25:16', 'Toms', 'Gouveia', 22);
insert into eventoEmergencia values(960000125, '2016-05-08 05:14:29', 'Miguel', 'Macedo de Cavaleiros', 23);
insert into eventoEmergencia values(960000126, '2018-05-23 06:31:35', 'Catarina', 'Marzovelos', 24);
insert into eventoEmergencia values(960000127, '2018-07-25 00:27:36', 'Maria', 'Alfena', 25);
insert into eventoEmergencia values(960000128, '2018-04-28 15:21:28', 'Simo', 'Gouveia', 26);
insert into eventoEmergencia values(960000129, '2018-10-03 18:47:56', 'Cristiano Ronaldo', 'Vila das Aves', 27);
insert into eventoEmergencia values(960000130, '2018-03-31 18:11:22', 'Joo', 'Portalegre', 28);
insert into eventoEmergencia values(960000131, '2017-04-04 21:27:23', 'Sancidino', 'vora', 29);
insert into eventoEmergencia values(960000132, '2016-01-01 01:56:20', 'Cristiano Ronaldo', 'Guarda', 30);
insert into eventoEmergencia values(960000133, '2018-01-31 03:49:23', 'Ana', 'Alcobaa', 31);
insert into eventoEmergencia values(960000134, '2016-08-27 18:45:02', 'Ricardo', 'Sines', 32);
insert into eventoEmergencia values(960000135, '2016-07-31 15:39:46', 'Margarida', 'Mes', 33);
insert into eventoEmergencia values(960000136, '2016-09-01 20:44:48', 'Bruno Fernandes', 'Fafe', 34);
insert into eventoEmergencia values(960000137, '2016-02-13 23:40:40', 'Simo', 'Alccer do Sal', 35);
insert into eventoEmergencia values(960000138, '2018-02-12 11:37:45', 'Marega', 'Costa da Caparica', 36);
insert into eventoEmergencia values(960000139, '2017-01-05 17:50:01', 'Joo', 'Braga', 37);
insert into eventoEmergencia values(960000140, '2018-12-02 19:37:39', 'Bruno Fernandes', 'Viseu', 38);
insert into eventoEmergencia values(960000141, '2017-09-24 21:32:31', 'Joo', 'Coina', 39);
insert into eventoEmergencia values(960000142, '2018-07-06 08:03:13', 'Pedro', 'Sabugal', 40);
insert into eventoEmergencia values(960000143, '2017-09-20 10:00:52', 'Sancidino', 'Mirandela', 41);
insert into eventoEmergencia values(960000144, '2016-11-12 13:57:10', 'Jonas', 'Queluz', 42);
insert into eventoEmergencia values(960000145, '2016-11-26 05:25:31', 'Jonas', 'Vizela', 43);
insert into eventoEmergencia values(960000146, '2016-10-11 16:40:08', 'Jonas', 'Cascais', 44);
insert into eventoEmergencia values(960000147, '2016-02-01 18:10:11', 'Toms', 'Seixal', 45);
insert into eventoEmergencia values(960000148, '2017-04-03 16:39:34', 'Simo', 'Espinho', 46);
insert into eventoEmergencia values(960000149, '2016-10-11 05:46:46', 'Sancidino', 'Leiria', 47);



insert into entidadeMeio values('Bombeiros de Moura');
insert into entidadeMeio values('Bombeiros de Marco de Canavezes');
insert into entidadeMeio values('Bombeiros de Vila das Aves');
insert into entidadeMeio values('Junta de Freguesia de Santo Tirso');
insert into entidadeMeio values('Polcia de Viana do Castelo');
insert into entidadeMeio values('Polcia de Felgueiras');
insert into entidadeMeio values('Junta de Freguesia de Alcochete');
insert into entidadeMeio values('Polcia de Pinhel');
insert into entidadeMeio values('Bombeiros de Abrantes');
insert into entidadeMeio values('Bombeiros de gueda');
insert into entidadeMeio values('Junta de Freguesia de Nazar');
insert into entidadeMeio values('Bombeiros de Queluz');
insert into entidadeMeio values('Junta de Freguesia de Fafe');
insert into entidadeMeio values('Polcia de Nazar');
insert into entidadeMeio values('Polcia de Estarreja');
insert into entidadeMeio values('Bombeiros de Gouveia');
insert into entidadeMeio values('Polcia de Funchal');
insert into entidadeMeio values('Bombeiros de Lixa');
insert into entidadeMeio values('Polcia de Faro');
insert into entidadeMeio values('Bombeiros de Portalegre');
insert into entidadeMeio values('Polcia de Barreiro');
insert into entidadeMeio values('Bombeiros de Tavira');
insert into entidadeMeio values('Junta de Freguesia de Marco de Canavezes');
insert into entidadeMeio values('Bombeiros de Mes');
insert into entidadeMeio values('Bombeiros de Coina');
insert into entidadeMeio values('Junta de Freguesia de Valongo');
insert into entidadeMeio values('Junta de Freguesia de Espinho');
insert into entidadeMeio values('Bombeiros de Alcobaa');
insert into entidadeMeio values('Bombeiros de Alccer do Sal');
insert into entidadeMeio values('Polcia de Portimo');
insert into entidadeMeio values('Bombeiros de Costa da Caparica');
insert into entidadeMeio values('Bombeiros de Seixal');
insert into entidadeMeio values('Junta de Freguesia de lhavo');
insert into entidadeMeio values('Polcia de Setbal');
insert into entidadeMeio values('Bombeiros de Fundo');
insert into entidadeMeio values('Bombeiros de Estarreja');
insert into entidadeMeio values('Junta de Freguesia de Viana do Castelo');
insert into entidadeMeio values('Junta de Freguesia de Mirandela');
insert into entidadeMeio values('Junta de Freguesia de Lourosa');
insert into entidadeMeio values('Polcia de Lagos');
insert into entidadeMeio values('Junta de Freguesia de Leiria');
insert into entidadeMeio values('Bombeiros de vora');
insert into entidadeMeio values('Bombeiros de Gondomar');
insert into entidadeMeio values('Junta de Freguesia de Beja');
insert into entidadeMeio values('Junta de Freguesia de Sintra');
insert into entidadeMeio values('Polcia de Trofa');
insert into entidadeMeio values('Polcia de Machico');
insert into entidadeMeio values('Polcia de Amadora');
insert into entidadeMeio values('Junta de Freguesia de Queluz');
insert into entidadeMeio values('Junta de Freguesia de gueda');
insert into entidadeMeio values('Bombeiros de Maia');
insert into entidadeMeio values('Bombeiros de Aveiro');
insert into entidadeMeio values('Bombeiros de Silves');
insert into entidadeMeio values('Junta de Freguesia de Alcobaa');
insert into entidadeMeio values('Bombeiros de Santa Cruz');
insert into entidadeMeio values('Bombeiros de Sintra');
insert into entidadeMeio values('Junta de Freguesia de Monchique');
insert into entidadeMeio values('Junta de Freguesia de Portimo');
insert into entidadeMeio values('Polcia de Cartaxo');
insert into entidadeMeio values('Junta de Freguesia de Porto');
insert into entidadeMeio values('Polcia de Costa da Caparica');
insert into entidadeMeio values('Bombeiros de Ribeira Grande');
insert into entidadeMeio values('Junta de Freguesia de Maia');
insert into entidadeMeio values('Junta de Freguesia de Redondo');
insert into entidadeMeio values('Polcia de Abrantes');
insert into entidadeMeio values('Bombeiros de Elvas');
insert into entidadeMeio values('Polcia de Fafe');
insert into entidadeMeio values('Polcia de Seixal');
insert into entidadeMeio values('Junta de Freguesia de Ribeira Grande');
insert into entidadeMeio values('Junta de Freguesia de Trancoso');
insert into entidadeMeio values('Polcia de Santa Cruz');
insert into entidadeMeio values('Bombeiros de Machico');
insert into entidadeMeio values('Junta de Freguesia de Horta');
insert into entidadeMeio values('Junta de Freguesia de Machico');
insert into entidadeMeio values('Junta de Freguesia de Guarda');
insert into entidadeMeio values('Polcia de Pvoa de Varzim');
insert into entidadeMeio values('Junta de Freguesia de Felgueiras');
insert into entidadeMeio values('Polcia de Redondo');
insert into entidadeMeio values('Junta de Freguesia de Pinhel');
insert into entidadeMeio values('Junta de Freguesia de Rio Maior');
insert into entidadeMeio values('Junta de Freguesia de Macedo de Cavaleiros');
insert into entidadeMeio values('Junta de Freguesia de Seixal');
insert into entidadeMeio values('Junta de Freguesia de Braga');
insert into entidadeMeio values('Bombeiros de Rio Maior');
insert into entidadeMeio values('Bombeiros de Penafiel');
insert into entidadeMeio values('Polcia de Praia da Vitria');
insert into entidadeMeio values('Bombeiros de Lourosa');
insert into entidadeMeio values('Bombeiros de Guarda');
insert into entidadeMeio values('Junta de Freguesia de Estarreja');
insert into entidadeMeio values('Bombeiros de Ericeira');
insert into entidadeMeio values('Polcia de Alvor');
insert into entidadeMeio values('Polcia de Alfena');
insert into entidadeMeio values('Polcia de Mirandela');
insert into entidadeMeio values('Bombeiros de Braga');
insert into entidadeMeio values('Polcia de Loul');
insert into entidadeMeio values('Bombeiros de Leiria');
insert into entidadeMeio values('Bombeiros de Sabugal');
insert into entidadeMeio values('Junta de Freguesia de Fundo');
insert into entidadeMeio values('Junta de Freguesia de Marzovelos');
insert into entidadeMeio values('Polcia de Santo Andr');
insert into entidadeMeio values('Polcia de Bragana');
insert into entidadeMeio values('Bombeiros de Viseu');



insert into meio values(0, 'Ambulncia', 'Bombeiros de Moura');
insert into meio values(1, 'Camio', 'Bombeiros de Moura');
insert into meio values(2, 'Carrinha', 'Bombeiros de Moura');
insert into meio values(3, 'Camio', 'Bombeiros de Moura');
insert into meio values(4, 'Carrinha', 'Bombeiros de Moura');
insert into meio values(0, 'Carrinha', 'Bombeiros de Marco de Canavezes');
insert into meio values(1, 'Carrinha', 'Bombeiros de Marco de Canavezes');
insert into meio values(2, 'Camio', 'Bombeiros de Marco de Canavezes');
insert into meio values(0, 'Carrinha', 'Bombeiros de Vila das Aves');
insert into meio values(1, 'Ambulncia', 'Bombeiros de Vila das Aves');
insert into meio values(2, 'Ambulncia', 'Bombeiros de Vila das Aves');
insert into meio values(3, 'Ambulncia', 'Bombeiros de Vila das Aves');
insert into meio values(4, 'Carrinha', 'Bombeiros de Vila das Aves');
insert into meio values(0, 'Carrinha', 'Junta de Freguesia de Santo Tirso');
insert into meio values(1, 'Helicptero', 'Junta de Freguesia de Santo Tirso');
insert into meio values(2, 'Helicptero', 'Junta de Freguesia de Santo Tirso');
insert into meio values(3, 'Helicptero', 'Junta de Freguesia de Santo Tirso');
insert into meio values(0, 'Carrinha', 'Polcia de Viana do Castelo');
insert into meio values(1, 'Carrinha', 'Polcia de Viana do Castelo');
insert into meio values(2, 'Ambulncia', 'Polcia de Viana do Castelo');
insert into meio values(3, 'Helicptero', 'Polcia de Viana do Castelo');
insert into meio values(0, 'Camio', 'Polcia de Felgueiras');
insert into meio values(1, 'Camio', 'Polcia de Felgueiras');
insert into meio values(2, 'Camio', 'Polcia de Felgueiras');
insert into meio values(0, 'Helicptero', 'Junta de Freguesia de Alcochete');
insert into meio values(1, 'Carrinha', 'Junta de Freguesia de Alcochete');
insert into meio values(2, 'Carrinha', 'Junta de Freguesia de Alcochete');
insert into meio values(3, 'Carrinha', 'Junta de Freguesia de Alcochete');
insert into meio values(0, 'Camio', 'Polcia de Pinhel');
insert into meio values(1, 'Carrinha', 'Polcia de Pinhel');
insert into meio values(2, 'Carrinha', 'Polcia de Pinhel');
insert into meio values(3, 'Helicptero', 'Polcia de Pinhel');
insert into meio values(0, 'Camio', 'Bombeiros de Abrantes');
insert into meio values(1, 'Helicptero', 'Bombeiros de Abrantes');
insert into meio values(2, 'Camio', 'Bombeiros de Abrantes');
insert into meio values(3, 'Camio', 'Bombeiros de Abrantes');
insert into meio values(4, 'Helicptero', 'Bombeiros de Abrantes');
insert into meio values(0, 'Ambulncia', 'Bombeiros de gueda');
insert into meio values(1, 'Ambulncia', 'Bombeiros de gueda');
insert into meio values(2, 'Ambulncia', 'Bombeiros de gueda');
insert into meio values(0, 'Ambulncia', 'Junta de Freguesia de Nazar');
insert into meio values(1, 'Helicptero', 'Junta de Freguesia de Nazar');
insert into meio values(2, 'Ambulncia', 'Junta de Freguesia de Nazar');
insert into meio values(0, 'Helicptero', 'Bombeiros de Queluz');
insert into meio values(1, 'Helicptero', 'Bombeiros de Queluz');
insert into meio values(2, 'Ambulncia', 'Bombeiros de Queluz');
insert into meio values(3, 'Ambulncia', 'Bombeiros de Queluz');
insert into meio values(4, 'Carrinha', 'Bombeiros de Queluz');
insert into meio values(0, 'Ambulncia', 'Junta de Freguesia de Fafe');
insert into meio values(1, 'Camio', 'Junta de Freguesia de Fafe');
insert into meio values(2, 'Carrinha', 'Junta de Freguesia de Fafe');
insert into meio values(3, 'Helicptero', 'Junta de Freguesia de Fafe');
insert into meio values(0, 'Ambulncia', 'Polcia de Nazar');
insert into meio values(1, 'Camio', 'Polcia de Nazar');
insert into meio values(2, 'Helicptero', 'Polcia de Nazar');
insert into meio values(0, 'Carrinha', 'Polcia de Estarreja');
insert into meio values(1, 'Carrinha', 'Polcia de Estarreja');
insert into meio values(2, 'Camio', 'Polcia de Estarreja');
insert into meio values(0, 'Carrinha', 'Bombeiros de Gouveia');
insert into meio values(1, 'Camio', 'Bombeiros de Gouveia');
insert into meio values(2, 'Carrinha', 'Bombeiros de Gouveia');
insert into meio values(3, 'Ambulncia', 'Bombeiros de Gouveia');
insert into meio values(4, 'Camio', 'Bombeiros de Gouveia');
insert into meio values(0, 'Camio', 'Polcia de Funchal');
insert into meio values(1, 'Helicptero', 'Polcia de Funchal');
insert into meio values(2, 'Ambulncia', 'Polcia de Funchal');
insert into meio values(3, 'Carrinha', 'Polcia de Funchal');
insert into meio values(0, 'Camio', 'Bombeiros de Lixa');
insert into meio values(1, 'Ambulncia', 'Bombeiros de Lixa');
insert into meio values(2, 'Carrinha', 'Bombeiros de Lixa');
insert into meio values(3, 'Carrinha', 'Bombeiros de Lixa');
insert into meio values(4, 'Camio', 'Bombeiros de Lixa');
insert into meio values(0, 'Ambulncia', 'Polcia de Faro');
insert into meio values(1, 'Helicptero', 'Polcia de Faro');
insert into meio values(2, 'Helicptero', 'Polcia de Faro');
insert into meio values(0, 'Camio', 'Bombeiros de Portalegre');
insert into meio values(1, 'Carrinha', 'Bombeiros de Portalegre');
insert into meio values(2, 'Helicptero', 'Bombeiros de Portalegre');
insert into meio values(0, 'Camio', 'Polcia de Barreiro');
insert into meio values(1, 'Carrinha', 'Polcia de Barreiro');
insert into meio values(2, 'Camio', 'Polcia de Barreiro');
insert into meio values(3, 'Ambulncia', 'Polcia de Barreiro');
insert into meio values(4, 'Helicptero', 'Polcia de Barreiro');
insert into meio values(0, 'Helicptero', 'Bombeiros de Tavira');
insert into meio values(1, 'Ambulncia', 'Bombeiros de Tavira');
insert into meio values(2, 'Carrinha', 'Bombeiros de Tavira');
insert into meio values(0, 'Camio', 'Junta de Freguesia de Marco de Canavezes');
insert into meio values(1, 'Carrinha', 'Junta de Freguesia de Marco de Canavezes');
insert into meio values(2, 'Ambulncia', 'Junta de Freguesia de Marco de Canavezes');
insert into meio values(3, 'Helicptero', 'Junta de Freguesia de Marco de Canavezes');
insert into meio values(4, 'Helicptero', 'Junta de Freguesia de Marco de Canavezes');
insert into meio values(0, 'Helicptero', 'Bombeiros de Mes');
insert into meio values(1, 'Helicptero', 'Bombeiros de Mes');
insert into meio values(2, 'Helicptero', 'Bombeiros de Mes');
insert into meio values(3, 'Ambulncia', 'Bombeiros de Mes');
insert into meio values(0, 'Carrinha', 'Bombeiros de Coina');
insert into meio values(1, 'Camio', 'Bombeiros de Coina');
insert into meio values(2, 'Camio', 'Bombeiros de Coina');
insert into meio values(3, 'Ambulncia', 'Bombeiros de Coina');
insert into meio values(0, 'Carrinha', 'Junta de Freguesia de Valongo');
insert into meio values(1, 'Carrinha', 'Junta de Freguesia de Valongo');
insert into meio values(2, 'Helicptero', 'Junta de Freguesia de Valongo');
insert into meio values(3, 'Carrinha', 'Junta de Freguesia de Valongo');
insert into meio values(4, 'Carrinha', 'Junta de Freguesia de Valongo');
insert into meio values(0, 'Ambulncia', 'Junta de Freguesia de Espinho');
insert into meio values(1, 'Helicptero', 'Junta de Freguesia de Espinho');
insert into meio values(2, 'Carrinha', 'Junta de Freguesia de Espinho');
insert into meio values(3, 'Ambulncia', 'Junta de Freguesia de Espinho');
insert into meio values(4, 'Ambulncia', 'Junta de Freguesia de Espinho');
insert into meio values(0, 'Ambulncia', 'Bombeiros de Alcobaa');
insert into meio values(1, 'Ambulncia', 'Bombeiros de Alcobaa');
insert into meio values(2, 'Camio', 'Bombeiros de Alcobaa');
insert into meio values(3, 'Camio', 'Bombeiros de Alcobaa');
insert into meio values(0, 'Helicptero', 'Bombeiros de Alccer do Sal');
insert into meio values(1, 'Ambulncia', 'Bombeiros de Alccer do Sal');
insert into meio values(2, 'Ambulncia', 'Bombeiros de Alccer do Sal');
insert into meio values(0, 'Ambulncia', 'Polcia de Portimo');
insert into meio values(1, 'Helicptero', 'Polcia de Portimo');
insert into meio values(2, 'Carrinha', 'Polcia de Portimo');
insert into meio values(3, 'Carrinha', 'Polcia de Portimo');
insert into meio values(0, 'Carrinha', 'Bombeiros de Costa da Caparica');
insert into meio values(1, 'Ambulncia', 'Bombeiros de Costa da Caparica');
insert into meio values(2, 'Carrinha', 'Bombeiros de Costa da Caparica');
insert into meio values(0, 'Ambulncia', 'Bombeiros de Seixal');
insert into meio values(1, 'Carrinha', 'Bombeiros de Seixal');
insert into meio values(2, 'Ambulncia', 'Bombeiros de Seixal');
insert into meio values(3, 'Helicptero', 'Bombeiros de Seixal');
insert into meio values(0, 'Ambulncia', 'Junta de Freguesia de lhavo');
insert into meio values(1, 'Helicptero', 'Junta de Freguesia de lhavo');
insert into meio values(2, 'Ambulncia', 'Junta de Freguesia de lhavo');
insert into meio values(3, 'Carrinha', 'Junta de Freguesia de lhavo');
insert into meio values(0, 'Carrinha', 'Polcia de Setbal');
insert into meio values(1, 'Carrinha', 'Polcia de Setbal');
insert into meio values(2, 'Carrinha', 'Polcia de Setbal');
insert into meio values(3, 'Carrinha', 'Polcia de Setbal');
insert into meio values(0, 'Ambulncia', 'Bombeiros de Fundo');
insert into meio values(1, 'Helicptero', 'Bombeiros de Fundo');
insert into meio values(2, 'Camio', 'Bombeiros de Fundo');
insert into meio values(0, 'Camio', 'Bombeiros de Estarreja');
insert into meio values(1, 'Camio', 'Bombeiros de Estarreja');
insert into meio values(2, 'Helicptero', 'Bombeiros de Estarreja');
insert into meio values(3, 'Carrinha', 'Bombeiros de Estarreja');
insert into meio values(0, 'Ambulncia', 'Junta de Freguesia de Viana do Castelo');
insert into meio values(1, 'Carrinha', 'Junta de Freguesia de Viana do Castelo');
insert into meio values(2, 'Ambulncia', 'Junta de Freguesia de Viana do Castelo');
insert into meio values(0, 'Carrinha', 'Junta de Freguesia de Mirandela');
insert into meio values(1, 'Carrinha', 'Junta de Freguesia de Mirandela');
insert into meio values(2, 'Ambulncia', 'Junta de Freguesia de Mirandela');
insert into meio values(3, 'Carrinha', 'Junta de Freguesia de Mirandela');
insert into meio values(0, 'Carrinha', 'Junta de Freguesia de Lourosa');
insert into meio values(1, 'Camio', 'Junta de Freguesia de Lourosa');
insert into meio values(2, 'Carrinha', 'Junta de Freguesia de Lourosa');
insert into meio values(0, 'Camio', 'Polcia de Lagos');
insert into meio values(1, 'Ambulncia', 'Polcia de Lagos');
insert into meio values(2, 'Camio', 'Polcia de Lagos');
insert into meio values(3, 'Carrinha', 'Polcia de Lagos');
insert into meio values(4, 'Ambulncia', 'Polcia de Lagos');
insert into meio values(0, 'Helicptero', 'Junta de Freguesia de Leiria');
insert into meio values(1, 'Carrinha', 'Junta de Freguesia de Leiria');
insert into meio values(2, 'Helicptero', 'Junta de Freguesia de Leiria');
insert into meio values(0, 'Helicptero', 'Bombeiros de vora');
insert into meio values(1, 'Ambulncia', 'Bombeiros de vora');
insert into meio values(2, 'Helicptero', 'Bombeiros de vora');
insert into meio values(3, 'Camio', 'Bombeiros de vora');
insert into meio values(4, 'Helicptero', 'Bombeiros de vora');
insert into meio values(0, 'Camio', 'Bombeiros de Gondomar');
insert into meio values(1, 'Carrinha', 'Bombeiros de Gondomar');
insert into meio values(2, 'Camio', 'Bombeiros de Gondomar');
insert into meio values(3, 'Helicptero', 'Bombeiros de Gondomar');
insert into meio values(4, 'Camio', 'Bombeiros de Gondomar');
insert into meio values(0, 'Carrinha', 'Junta de Freguesia de Beja');
insert into meio values(1, 'Carrinha', 'Junta de Freguesia de Beja');
insert into meio values(2, 'Carrinha', 'Junta de Freguesia de Beja');
insert into meio values(0, 'Carrinha', 'Junta de Freguesia de Sintra');
insert into meio values(1, 'Carrinha', 'Junta de Freguesia de Sintra');
insert into meio values(2, 'Helicptero', 'Junta de Freguesia de Sintra');
insert into meio values(3, 'Ambulncia', 'Junta de Freguesia de Sintra');
insert into meio values(4, 'Camio', 'Junta de Freguesia de Sintra');
insert into meio values(0, 'Carrinha', 'Polcia de Trofa');
insert into meio values(1, 'Helicptero', 'Polcia de Trofa');
insert into meio values(2, 'Helicptero', 'Polcia de Trofa');
insert into meio values(0, 'Helicptero', 'Polcia de Machico');
insert into meio values(1, 'Ambulncia', 'Polcia de Machico');
insert into meio values(2, 'Helicptero', 'Polcia de Machico');
insert into meio values(3, 'Camio', 'Polcia de Machico');
insert into meio values(0, 'Carrinha', 'Polcia de Amadora');
insert into meio values(1, 'Helicptero', 'Polcia de Amadora');
insert into meio values(2, 'Camio', 'Polcia de Amadora');
insert into meio values(3, 'Helicptero', 'Polcia de Amadora');
insert into meio values(4, 'Carrinha', 'Polcia de Amadora');
insert into meio values(0, 'Camio', 'Junta de Freguesia de Queluz');
insert into meio values(1, 'Helicptero', 'Junta de Freguesia de Queluz');
insert into meio values(2, 'Helicptero', 'Junta de Freguesia de Queluz');
insert into meio values(0, 'Ambulncia', 'Junta de Freguesia de gueda');
insert into meio values(1, 'Carrinha', 'Junta de Freguesia de gueda');
insert into meio values(2, 'Ambulncia', 'Junta de Freguesia de gueda');
insert into meio values(0, 'Camio', 'Bombeiros de Maia');
insert into meio values(1, 'Helicptero', 'Bombeiros de Maia');
insert into meio values(2, 'Camio', 'Bombeiros de Maia');
insert into meio values(3, 'Carrinha', 'Bombeiros de Maia');
insert into meio values(4, 'Carrinha', 'Bombeiros de Maia');
insert into meio values(0, 'Helicptero', 'Bombeiros de Aveiro');
insert into meio values(1, 'Carrinha', 'Bombeiros de Aveiro');
insert into meio values(2, 'Ambulncia', 'Bombeiros de Aveiro');
insert into meio values(3, 'Carrinha', 'Bombeiros de Aveiro');
insert into meio values(4, 'Camio', 'Bombeiros de Aveiro');
insert into meio values(0, 'Camio', 'Bombeiros de Silves');
insert into meio values(1, 'Helicptero', 'Bombeiros de Silves');
insert into meio values(2, 'Carrinha', 'Bombeiros de Silves');
insert into meio values(3, 'Camio', 'Bombeiros de Silves');
insert into meio values(0, 'Ambulncia', 'Junta de Freguesia de Alcobaa');
insert into meio values(1, 'Carrinha', 'Junta de Freguesia de Alcobaa');
insert into meio values(2, 'Camio', 'Junta de Freguesia de Alcobaa');
insert into meio values(3, 'Camio', 'Junta de Freguesia de Alcobaa');
insert into meio values(4, 'Camio', 'Junta de Freguesia de Alcobaa');
insert into meio values(0, 'Camio', 'Bombeiros de Santa Cruz');
insert into meio values(1, 'Ambulncia', 'Bombeiros de Santa Cruz');
insert into meio values(2, 'Camio', 'Bombeiros de Santa Cruz');
insert into meio values(0, 'Carrinha', 'Bombeiros de Sintra');
insert into meio values(1, 'Carrinha', 'Bombeiros de Sintra');
insert into meio values(2, 'Ambulncia', 'Bombeiros de Sintra');
insert into meio values(3, 'Camio', 'Bombeiros de Sintra');
insert into meio values(4, 'Ambulncia', 'Bombeiros de Sintra');
insert into meio values(0, 'Carrinha', 'Junta de Freguesia de Monchique');
insert into meio values(1, 'Carrinha', 'Junta de Freguesia de Monchique');
insert into meio values(2, 'Ambulncia', 'Junta de Freguesia de Monchique');
insert into meio values(3, 'Carrinha', 'Junta de Freguesia de Monchique');
insert into meio values(4, 'Ambulncia', 'Junta de Freguesia de Monchique');
insert into meio values(0, 'Camio', 'Junta de Freguesia de Portimo');
insert into meio values(1, 'Ambulncia', 'Junta de Freguesia de Portimo');
insert into meio values(2, 'Carrinha', 'Junta de Freguesia de Portimo');
insert into meio values(3, 'Ambulncia', 'Junta de Freguesia de Portimo');
insert into meio values(0, 'Ambulncia', 'Polcia de Cartaxo');
insert into meio values(1, 'Helicptero', 'Polcia de Cartaxo');
insert into meio values(2, 'Ambulncia', 'Polcia de Cartaxo');
insert into meio values(3, 'Carrinha', 'Polcia de Cartaxo');
insert into meio values(0, 'Ambulncia', 'Junta de Freguesia de Porto');
insert into meio values(1, 'Camio', 'Junta de Freguesia de Porto');
insert into meio values(2, 'Helicptero', 'Junta de Freguesia de Porto');
insert into meio values(3, 'Camio', 'Junta de Freguesia de Porto');
insert into meio values(4, 'Camio', 'Junta de Freguesia de Porto');
insert into meio values(0, 'Camio', 'Polcia de Costa da Caparica');
insert into meio values(1, 'Carrinha', 'Polcia de Costa da Caparica');
insert into meio values(2, 'Camio', 'Polcia de Costa da Caparica');
insert into meio values(3, 'Helicptero', 'Polcia de Costa da Caparica');
insert into meio values(0, 'Helicptero', 'Bombeiros de Ribeira Grande');
insert into meio values(1, 'Ambulncia', 'Bombeiros de Ribeira Grande');
insert into meio values(2, 'Carrinha', 'Bombeiros de Ribeira Grande');
insert into meio values(3, 'Carrinha', 'Bombeiros de Ribeira Grande');
insert into meio values(4, 'Helicptero', 'Bombeiros de Ribeira Grande');
insert into meio values(0, 'Carrinha', 'Junta de Freguesia de Maia');
insert into meio values(1, 'Ambulncia', 'Junta de Freguesia de Maia');
insert into meio values(2, 'Camio', 'Junta de Freguesia de Maia');
insert into meio values(3, 'Helicptero', 'Junta de Freguesia de Maia');
insert into meio values(4, 'Helicptero', 'Junta de Freguesia de Maia');
insert into meio values(0, 'Camio', 'Junta de Freguesia de Redondo');
insert into meio values(1, 'Helicptero', 'Junta de Freguesia de Redondo');
insert into meio values(2, 'Camio', 'Junta de Freguesia de Redondo');
insert into meio values(3, 'Ambulncia', 'Junta de Freguesia de Redondo');
insert into meio values(4, 'Carrinha', 'Junta de Freguesia de Redondo');
insert into meio values(0, 'Camio', 'Polcia de Abrantes');
insert into meio values(1, 'Camio', 'Polcia de Abrantes');
insert into meio values(2, 'Camio', 'Polcia de Abrantes');
insert into meio values(3, 'Helicptero', 'Polcia de Abrantes');
insert into meio values(4, 'Carrinha', 'Polcia de Abrantes');
insert into meio values(0, 'Carrinha', 'Bombeiros de Elvas');
insert into meio values(1, 'Ambulncia', 'Bombeiros de Elvas');
insert into meio values(2, 'Carrinha', 'Bombeiros de Elvas');
insert into meio values(0, 'Carrinha', 'Polcia de Fafe');
insert into meio values(1, 'Camio', 'Polcia de Fafe');
insert into meio values(2, 'Carrinha', 'Polcia de Fafe');
insert into meio values(0, 'Ambulncia', 'Polcia de Seixal');
insert into meio values(1, 'Carrinha', 'Polcia de Seixal');
insert into meio values(2, 'Ambulncia', 'Polcia de Seixal');
insert into meio values(0, 'Camio', 'Junta de Freguesia de Ribeira Grande');
insert into meio values(1, 'Camio', 'Junta de Freguesia de Ribeira Grande');
insert into meio values(2, 'Helicptero', 'Junta de Freguesia de Ribeira Grande');
insert into meio values(0, 'Helicptero', 'Junta de Freguesia de Trancoso');
insert into meio values(1, 'Ambulncia', 'Junta de Freguesia de Trancoso');
insert into meio values(2, 'Carrinha', 'Junta de Freguesia de Trancoso');
insert into meio values(0, 'Helicptero', 'Polcia de Santa Cruz');
insert into meio values(1, 'Ambulncia', 'Polcia de Santa Cruz');
insert into meio values(2, 'Ambulncia', 'Polcia de Santa Cruz');
insert into meio values(3, 'Carrinha', 'Polcia de Santa Cruz');
insert into meio values(0, 'Carrinha', 'Bombeiros de Machico');
insert into meio values(1, 'Ambulncia', 'Bombeiros de Machico');
insert into meio values(2, 'Ambulncia', 'Bombeiros de Machico');
insert into meio values(3, 'Camio', 'Bombeiros de Machico');
insert into meio values(0, 'Helicptero', 'Junta de Freguesia de Horta');
insert into meio values(1, 'Carrinha', 'Junta de Freguesia de Horta');
insert into meio values(2, 'Helicptero', 'Junta de Freguesia de Horta');
insert into meio values(0, 'Carrinha', 'Junta de Freguesia de Machico');
insert into meio values(1, 'Camio', 'Junta de Freguesia de Machico');
insert into meio values(2, 'Carrinha', 'Junta de Freguesia de Machico');
insert into meio values(3, 'Camio', 'Junta de Freguesia de Machico');
insert into meio values(0, 'Camio', 'Junta de Freguesia de Guarda');
insert into meio values(1, 'Carrinha', 'Junta de Freguesia de Guarda');
insert into meio values(2, 'Helicptero', 'Junta de Freguesia de Guarda');
insert into meio values(0, 'Camio', 'Polcia de Pvoa de Varzim');
insert into meio values(1, 'Ambulncia', 'Polcia de Pvoa de Varzim');
insert into meio values(2, 'Helicptero', 'Polcia de Pvoa de Varzim');
insert into meio values(3, 'Ambulncia', 'Polcia de Pvoa de Varzim');
insert into meio values(4, 'Carrinha', 'Polcia de Pvoa de Varzim');
insert into meio values(0, 'Carrinha', 'Junta de Freguesia de Felgueiras');
insert into meio values(1, 'Carrinha', 'Junta de Freguesia de Felgueiras');
insert into meio values(2, 'Carrinha', 'Junta de Freguesia de Felgueiras');
insert into meio values(3, 'Camio', 'Junta de Freguesia de Felgueiras');
insert into meio values(4, 'Ambulncia', 'Junta de Freguesia de Felgueiras');
insert into meio values(0, 'Carrinha', 'Polcia de Redondo');
insert into meio values(1, 'Helicptero', 'Polcia de Redondo');
insert into meio values(2, 'Camio', 'Polcia de Redondo');
insert into meio values(3, 'Carrinha', 'Polcia de Redondo');
insert into meio values(0, 'Camio', 'Junta de Freguesia de Pinhel');
insert into meio values(1, 'Carrinha', 'Junta de Freguesia de Pinhel');
insert into meio values(2, 'Carrinha', 'Junta de Freguesia de Pinhel');
insert into meio values(3, 'Carrinha', 'Junta de Freguesia de Pinhel');
insert into meio values(0, 'Ambulncia', 'Junta de Freguesia de Rio Maior');
insert into meio values(1, 'Ambulncia', 'Junta de Freguesia de Rio Maior');
insert into meio values(2, 'Helicptero', 'Junta de Freguesia de Rio Maior');
insert into meio values(3, 'Carrinha', 'Junta de Freguesia de Rio Maior');
insert into meio values(0, 'Camio', 'Junta de Freguesia de Macedo de Cavaleiros');
insert into meio values(1, 'Ambulncia', 'Junta de Freguesia de Macedo de Cavaleiros');
insert into meio values(2, 'Ambulncia', 'Junta de Freguesia de Macedo de Cavaleiros');
insert into meio values(3, 'Ambulncia', 'Junta de Freguesia de Macedo de Cavaleiros');
insert into meio values(0, 'Helicptero', 'Junta de Freguesia de Seixal');
insert into meio values(1, 'Ambulncia', 'Junta de Freguesia de Seixal');
insert into meio values(2, 'Carrinha', 'Junta de Freguesia de Seixal');
insert into meio values(3, 'Camio', 'Junta de Freguesia de Seixal');
insert into meio values(0, 'Helicptero', 'Junta de Freguesia de Braga');
insert into meio values(1, 'Helicptero', 'Junta de Freguesia de Braga');
insert into meio values(2, 'Helicptero', 'Junta de Freguesia de Braga');
insert into meio values(3, 'Carrinha', 'Junta de Freguesia de Braga');
insert into meio values(4, 'Ambulncia', 'Junta de Freguesia de Braga');
insert into meio values(0, 'Ambulncia', 'Bombeiros de Rio Maior');
insert into meio values(1, 'Camio', 'Bombeiros de Rio Maior');
insert into meio values(2, 'Carrinha', 'Bombeiros de Rio Maior');
insert into meio values(3, 'Camio', 'Bombeiros de Rio Maior');
insert into meio values(0, 'Helicptero', 'Bombeiros de Penafiel');
insert into meio values(1, 'Carrinha', 'Bombeiros de Penafiel');
insert into meio values(2, 'Ambulncia', 'Bombeiros de Penafiel');
insert into meio values(0, 'Helicptero', 'Polcia de Praia da Vitria');
insert into meio values(1, 'Carrinha', 'Polcia de Praia da Vitria');
insert into meio values(2, 'Camio', 'Polcia de Praia da Vitria');
insert into meio values(3, 'Carrinha', 'Polcia de Praia da Vitria');
insert into meio values(0, 'Camio', 'Bombeiros de Lourosa');
insert into meio values(1, 'Carrinha', 'Bombeiros de Lourosa');
insert into meio values(2, 'Camio', 'Bombeiros de Lourosa');
insert into meio values(0, 'Camio', 'Bombeiros de Guarda');
insert into meio values(1, 'Carrinha', 'Bombeiros de Guarda');
insert into meio values(2, 'Ambulncia', 'Bombeiros de Guarda');
insert into meio values(3, 'Camio', 'Bombeiros de Guarda');
insert into meio values(4, 'Camio', 'Bombeiros de Guarda');
insert into meio values(0, 'Carrinha', 'Junta de Freguesia de Estarreja');
insert into meio values(1, 'Ambulncia', 'Junta de Freguesia de Estarreja');
insert into meio values(2, 'Helicptero', 'Junta de Freguesia de Estarreja');
insert into meio values(3, 'Carrinha', 'Junta de Freguesia de Estarreja');
insert into meio values(4, 'Camio', 'Junta de Freguesia de Estarreja');
insert into meio values(0, 'Helicptero', 'Bombeiros de Ericeira');
insert into meio values(1, 'Carrinha', 'Bombeiros de Ericeira');
insert into meio values(2, 'Helicptero', 'Bombeiros de Ericeira');
insert into meio values(0, 'Helicptero', 'Polcia de Alvor');
insert into meio values(1, 'Camio', 'Polcia de Alvor');
insert into meio values(2, 'Camio', 'Polcia de Alvor');
insert into meio values(3, 'Camio', 'Polcia de Alvor');
insert into meio values(4, 'Ambulncia', 'Polcia de Alvor');
insert into meio values(0, 'Ambulncia', 'Polcia de Alfena');
insert into meio values(1, 'Helicptero', 'Polcia de Alfena');
insert into meio values(2, 'Ambulncia', 'Polcia de Alfena');
insert into meio values(3, 'Carrinha', 'Polcia de Alfena');
insert into meio values(4, 'Helicptero', 'Polcia de Alfena');
insert into meio values(0, 'Camio', 'Polcia de Mirandela');
insert into meio values(1, 'Ambulncia', 'Polcia de Mirandela');
insert into meio values(2, 'Helicptero', 'Polcia de Mirandela');
insert into meio values(0, 'Camio', 'Bombeiros de Braga');
insert into meio values(1, 'Helicptero', 'Bombeiros de Braga');
insert into meio values(2, 'Ambulncia', 'Bombeiros de Braga');
insert into meio values(3, 'Ambulncia', 'Bombeiros de Braga');
insert into meio values(0, 'Carrinha', 'Polcia de Loul');
insert into meio values(1, 'Helicptero', 'Polcia de Loul');
insert into meio values(2, 'Camio', 'Polcia de Loul');
insert into meio values(3, 'Carrinha', 'Polcia de Loul');
insert into meio values(4, 'Camio', 'Polcia de Loul');
insert into meio values(0, 'Ambulncia', 'Bombeiros de Leiria');
insert into meio values(1, 'Helicptero', 'Bombeiros de Leiria');
insert into meio values(2, 'Ambulncia', 'Bombeiros de Leiria');
insert into meio values(0, 'Camio', 'Bombeiros de Sabugal');
insert into meio values(1, 'Ambulncia', 'Bombeiros de Sabugal');
insert into meio values(2, 'Carrinha', 'Bombeiros de Sabugal');
insert into meio values(0, 'Carrinha', 'Junta de Freguesia de Fundo');
insert into meio values(1, 'Ambulncia', 'Junta de Freguesia de Fundo');
insert into meio values(2, 'Ambulncia', 'Junta de Freguesia de Fundo');
insert into meio values(3, 'Carrinha', 'Junta de Freguesia de Fundo');
insert into meio values(0, 'Camio', 'Junta de Freguesia de Marzovelos');
insert into meio values(1, 'Camio', 'Junta de Freguesia de Marzovelos');
insert into meio values(2, 'Ambulncia', 'Junta de Freguesia de Marzovelos');
insert into meio values(3, 'Ambulncia', 'Junta de Freguesia de Marzovelos');
insert into meio values(0, 'Camio', 'Polcia de Santo Andr');
insert into meio values(1, 'Camio', 'Polcia de Santo Andr');
insert into meio values(2, 'Ambulncia', 'Polcia de Santo Andr');
insert into meio values(0, 'Ambulncia', 'Polcia de Bragana');
insert into meio values(1, 'Ambulncia', 'Polcia de Bragana');
insert into meio values(2, 'Ambulncia', 'Polcia de Bragana');
insert into meio values(3, 'Camio', 'Polcia de Bragana');
insert into meio values(4, 'Ambulncia', 'Polcia de Bragana');
insert into meio values(0, 'Ambulncia', 'Bombeiros de Viseu');
insert into meio values(1, 'Camio', 'Bombeiros de Viseu');
insert into meio values(2, 'Ambulncia', 'Bombeiros de Viseu');
insert into meio values(3, 'Helicptero', 'Bombeiros de Viseu');



insert into meioCombate values(0, 'Bombeiros de Moura');
insert into meioCombate values(3, 'Bombeiros de Moura');
insert into meioCombate values(0, 'Bombeiros de Marco de Canavezes');
insert into meioCombate values(0, 'Bombeiros de Vila das Aves');
insert into meioCombate values(3, 'Bombeiros de Vila das Aves');
insert into meioCombate values(0, 'Junta de Freguesia de Santo Tirso');
insert into meioCombate values(3, 'Junta de Freguesia de Santo Tirso');
insert into meioCombate values(0, 'Polcia de Viana do Castelo');
insert into meioCombate values(3, 'Polcia de Viana do Castelo');
insert into meioCombate values(0, 'Polcia de Felgueiras');
insert into meioCombate values(0, 'Junta de Freguesia de Alcochete');
insert into meioCombate values(3, 'Junta de Freguesia de Alcochete');
insert into meioCombate values(0, 'Polcia de Pinhel');
insert into meioCombate values(3, 'Polcia de Pinhel');
insert into meioCombate values(0, 'Bombeiros de Abrantes');
insert into meioCombate values(3, 'Bombeiros de Abrantes');
insert into meioCombate values(0, 'Bombeiros de gueda');
insert into meioCombate values(0, 'Junta de Freguesia de Nazar');
insert into meioCombate values(0, 'Bombeiros de Queluz');
insert into meioCombate values(3, 'Bombeiros de Queluz');
insert into meioCombate values(0, 'Junta de Freguesia de Fafe');
insert into meioCombate values(3, 'Junta de Freguesia de Fafe');
insert into meioCombate values(0, 'Polcia de Nazar');
insert into meioCombate values(0, 'Polcia de Estarreja');
insert into meioCombate values(0, 'Bombeiros de Gouveia');
insert into meioCombate values(3, 'Bombeiros de Gouveia');
insert into meioCombate values(0, 'Polcia de Funchal');
insert into meioCombate values(3, 'Polcia de Funchal');
insert into meioCombate values(0, 'Bombeiros de Lixa');
insert into meioCombate values(3, 'Bombeiros de Lixa');
insert into meioCombate values(0, 'Polcia de Faro');
insert into meioCombate values(0, 'Bombeiros de Portalegre');
insert into meioCombate values(0, 'Polcia de Barreiro');
insert into meioCombate values(3, 'Polcia de Barreiro');
insert into meioCombate values(0, 'Bombeiros de Tavira');
insert into meioCombate values(0, 'Junta de Freguesia de Marco de Canavezes');
insert into meioCombate values(3, 'Junta de Freguesia de Marco de Canavezes');
insert into meioCombate values(0, 'Bombeiros de Mes');
insert into meioCombate values(3, 'Bombeiros de Mes');
insert into meioCombate values(0, 'Bombeiros de Coina');
insert into meioCombate values(3, 'Bombeiros de Coina');
insert into meioCombate values(0, 'Junta de Freguesia de Valongo');
insert into meioCombate values(3, 'Junta de Freguesia de Valongo');
insert into meioCombate values(0, 'Junta de Freguesia de Espinho');
insert into meioCombate values(3, 'Junta de Freguesia de Espinho');
insert into meioCombate values(0, 'Bombeiros de Alcobaa');
insert into meioCombate values(3, 'Bombeiros de Alcobaa');
insert into meioCombate values(0, 'Bombeiros de Alccer do Sal');
insert into meioCombate values(0, 'Polcia de Portimo');
insert into meioCombate values(3, 'Polcia de Portimo');
insert into meioCombate values(0, 'Bombeiros de Costa da Caparica');
insert into meioCombate values(0, 'Bombeiros de Seixal');
insert into meioCombate values(3, 'Bombeiros de Seixal');
insert into meioCombate values(0, 'Junta de Freguesia de lhavo');
insert into meioCombate values(3, 'Junta de Freguesia de lhavo');
insert into meioCombate values(0, 'Polcia de Setbal');
insert into meioCombate values(3, 'Polcia de Setbal');
insert into meioCombate values(0, 'Bombeiros de Fundo');
insert into meioCombate values(0, 'Bombeiros de Estarreja');
insert into meioCombate values(3, 'Bombeiros de Estarreja');
insert into meioCombate values(0, 'Junta de Freguesia de Viana do Castelo');
insert into meioCombate values(0, 'Junta de Freguesia de Mirandela');
insert into meioCombate values(3, 'Junta de Freguesia de Mirandela');
insert into meioCombate values(0, 'Junta de Freguesia de Lourosa');
insert into meioCombate values(0, 'Polcia de Lagos');
insert into meioCombate values(3, 'Polcia de Lagos');
insert into meioCombate values(0, 'Junta de Freguesia de Leiria');
insert into meioCombate values(0, 'Bombeiros de vora');
insert into meioCombate values(3, 'Bombeiros de vora');
insert into meioCombate values(0, 'Bombeiros de Gondomar');
insert into meioCombate values(3, 'Bombeiros de Gondomar');
insert into meioCombate values(0, 'Junta de Freguesia de Beja');
insert into meioCombate values(0, 'Junta de Freguesia de Sintra');
insert into meioCombate values(3, 'Junta de Freguesia de Sintra');
insert into meioCombate values(0, 'Polcia de Trofa');
insert into meioCombate values(0, 'Polcia de Machico');
insert into meioCombate values(3, 'Polcia de Machico');
insert into meioCombate values(0, 'Polcia de Amadora');
insert into meioCombate values(3, 'Polcia de Amadora');
insert into meioCombate values(0, 'Junta de Freguesia de Queluz');
insert into meioCombate values(0, 'Junta de Freguesia de gueda');
insert into meioCombate values(0, 'Bombeiros de Maia');
insert into meioCombate values(3, 'Bombeiros de Maia');
insert into meioCombate values(0, 'Bombeiros de Aveiro');
insert into meioCombate values(3, 'Bombeiros de Aveiro');
insert into meioCombate values(0, 'Bombeiros de Silves');
insert into meioCombate values(3, 'Bombeiros de Silves');
insert into meioCombate values(0, 'Junta de Freguesia de Alcobaa');
insert into meioCombate values(3, 'Junta de Freguesia de Alcobaa');
insert into meioCombate values(0, 'Bombeiros de Santa Cruz');
insert into meioCombate values(0, 'Bombeiros de Sintra');
insert into meioCombate values(3, 'Bombeiros de Sintra');
insert into meioCombate values(0, 'Junta de Freguesia de Monchique');
insert into meioCombate values(3, 'Junta de Freguesia de Monchique');
insert into meioCombate values(0, 'Junta de Freguesia de Portimo');
insert into meioCombate values(3, 'Junta de Freguesia de Portimo');
insert into meioCombate values(0, 'Polcia de Cartaxo');
insert into meioCombate values(3, 'Polcia de Cartaxo');
insert into meioCombate values(0, 'Junta de Freguesia de Porto');
insert into meioCombate values(3, 'Junta de Freguesia de Porto');
insert into meioCombate values(0, 'Polcia de Costa da Caparica');
insert into meioCombate values(3, 'Polcia de Costa da Caparica');
insert into meioCombate values(0, 'Bombeiros de Ribeira Grande');
insert into meioCombate values(3, 'Bombeiros de Ribeira Grande');
insert into meioCombate values(0, 'Junta de Freguesia de Maia');
insert into meioCombate values(3, 'Junta de Freguesia de Maia');
insert into meioCombate values(0, 'Junta de Freguesia de Redondo');
insert into meioCombate values(3, 'Junta de Freguesia de Redondo');
insert into meioCombate values(0, 'Polcia de Abrantes');
insert into meioCombate values(3, 'Polcia de Abrantes');
insert into meioCombate values(0, 'Bombeiros de Elvas');
insert into meioCombate values(0, 'Polcia de Fafe');
insert into meioCombate values(0, 'Polcia de Seixal');
insert into meioCombate values(0, 'Junta de Freguesia de Ribeira Grande');
insert into meioCombate values(0, 'Junta de Freguesia de Trancoso');
insert into meioCombate values(0, 'Polcia de Santa Cruz');
insert into meioCombate values(3, 'Polcia de Santa Cruz');
insert into meioCombate values(0, 'Bombeiros de Machico');
insert into meioCombate values(3, 'Bombeiros de Machico');
insert into meioCombate values(0, 'Junta de Freguesia de Horta');
insert into meioCombate values(0, 'Junta de Freguesia de Machico');
insert into meioCombate values(3, 'Junta de Freguesia de Machico');
insert into meioCombate values(0, 'Junta de Freguesia de Guarda');
insert into meioCombate values(0, 'Polcia de Pvoa de Varzim');
insert into meioCombate values(3, 'Polcia de Pvoa de Varzim');
insert into meioCombate values(0, 'Junta de Freguesia de Felgueiras');
insert into meioCombate values(3, 'Junta de Freguesia de Felgueiras');
insert into meioCombate values(0, 'Polcia de Redondo');
insert into meioCombate values(3, 'Polcia de Redondo');
insert into meioCombate values(0, 'Junta de Freguesia de Pinhel');
insert into meioCombate values(3, 'Junta de Freguesia de Pinhel');
insert into meioCombate values(0, 'Junta de Freguesia de Rio Maior');
insert into meioCombate values(3, 'Junta de Freguesia de Rio Maior');
insert into meioCombate values(0, 'Junta de Freguesia de Macedo de Cavaleiros');
insert into meioCombate values(3, 'Junta de Freguesia de Macedo de Cavaleiros');
insert into meioCombate values(0, 'Junta de Freguesia de Seixal');
insert into meioCombate values(3, 'Junta de Freguesia de Seixal');
insert into meioCombate values(0, 'Junta de Freguesia de Braga');
insert into meioCombate values(3, 'Junta de Freguesia de Braga');
insert into meioCombate values(0, 'Bombeiros de Rio Maior');
insert into meioCombate values(3, 'Bombeiros de Rio Maior');
insert into meioCombate values(0, 'Bombeiros de Penafiel');
insert into meioCombate values(0, 'Polcia de Praia da Vitria');
insert into meioCombate values(3, 'Polcia de Praia da Vitria');
insert into meioCombate values(0, 'Bombeiros de Lourosa');
insert into meioCombate values(0, 'Bombeiros de Guarda');
insert into meioCombate values(3, 'Bombeiros de Guarda');
insert into meioCombate values(0, 'Junta de Freguesia de Estarreja');
insert into meioCombate values(3, 'Junta de Freguesia de Estarreja');
insert into meioCombate values(0, 'Bombeiros de Ericeira');
insert into meioCombate values(0, 'Polcia de Alvor');
insert into meioCombate values(3, 'Polcia de Alvor');
insert into meioCombate values(0, 'Polcia de Alfena');
insert into meioCombate values(3, 'Polcia de Alfena');
insert into meioCombate values(0, 'Polcia de Mirandela');
insert into meioCombate values(0, 'Bombeiros de Braga');
insert into meioCombate values(3, 'Bombeiros de Braga');
insert into meioCombate values(0, 'Polcia de Loul');
insert into meioCombate values(3, 'Polcia de Loul');
insert into meioCombate values(0, 'Bombeiros de Leiria');
insert into meioCombate values(0, 'Bombeiros de Sabugal');
insert into meioCombate values(0, 'Junta de Freguesia de Fundo');
insert into meioCombate values(3, 'Junta de Freguesia de Fundo');
insert into meioCombate values(0, 'Junta de Freguesia de Marzovelos');
insert into meioCombate values(3, 'Junta de Freguesia de Marzovelos');
insert into meioCombate values(0, 'Polcia de Santo Andr');
insert into meioCombate values(0, 'Polcia de Bragana');
insert into meioCombate values(3, 'Polcia de Bragana');
insert into meioCombate values(0, 'Bombeiros de Viseu');
insert into meioCombate values(3, 'Bombeiros de Viseu');



insert into meioApoio values(1, 'Bombeiros de Moura');
insert into meioApoio values(4, 'Bombeiros de Moura');
insert into meioApoio values(1, 'Bombeiros de Marco de Canavezes');
insert into meioApoio values(1, 'Bombeiros de Vila das Aves');
insert into meioApoio values(4, 'Bombeiros de Vila das Aves');
insert into meioApoio values(1, 'Junta de Freguesia de Santo Tirso');
insert into meioApoio values(1, 'Polcia de Viana do Castelo');
insert into meioApoio values(1, 'Polcia de Felgueiras');
insert into meioApoio values(1, 'Junta de Freguesia de Alcochete');
insert into meioApoio values(1, 'Polcia de Pinhel');
insert into meioApoio values(1, 'Bombeiros de Abrantes');
insert into meioApoio values(4, 'Bombeiros de Abrantes');
insert into meioApoio values(1, 'Bombeiros de gueda');
insert into meioApoio values(1, 'Junta de Freguesia de Nazar');
insert into meioApoio values(1, 'Bombeiros de Queluz');
insert into meioApoio values(4, 'Bombeiros de Queluz');
insert into meioApoio values(1, 'Junta de Freguesia de Fafe');
insert into meioApoio values(1, 'Polcia de Nazar');
insert into meioApoio values(1, 'Polcia de Estarreja');
insert into meioApoio values(1, 'Bombeiros de Gouveia');
insert into meioApoio values(4, 'Bombeiros de Gouveia');
insert into meioApoio values(1, 'Polcia de Funchal');
insert into meioApoio values(1, 'Bombeiros de Lixa');
insert into meioApoio values(4, 'Bombeiros de Lixa');
insert into meioApoio values(1, 'Polcia de Faro');
insert into meioApoio values(1, 'Bombeiros de Portalegre');
insert into meioApoio values(1, 'Polcia de Barreiro');
insert into meioApoio values(4, 'Polcia de Barreiro');
insert into meioApoio values(1, 'Bombeiros de Tavira');
insert into meioApoio values(1, 'Junta de Freguesia de Marco de Canavezes');
insert into meioApoio values(4, 'Junta de Freguesia de Marco de Canavezes');
insert into meioApoio values(1, 'Bombeiros de Mes');
insert into meioApoio values(1, 'Bombeiros de Coina');
insert into meioApoio values(1, 'Junta de Freguesia de Valongo');
insert into meioApoio values(4, 'Junta de Freguesia de Valongo');
insert into meioApoio values(1, 'Junta de Freguesia de Espinho');
insert into meioApoio values(4, 'Junta de Freguesia de Espinho');
insert into meioApoio values(1, 'Bombeiros de Alcobaa');
insert into meioApoio values(1, 'Bombeiros de Alccer do Sal');
insert into meioApoio values(1, 'Polcia de Portimo');
insert into meioApoio values(1, 'Bombeiros de Costa da Caparica');
insert into meioApoio values(1, 'Bombeiros de Seixal');
insert into meioApoio values(1, 'Junta de Freguesia de lhavo');
insert into meioApoio values(1, 'Polcia de Setbal');
insert into meioApoio values(1, 'Bombeiros de Fundo');
insert into meioApoio values(1, 'Bombeiros de Estarreja');
insert into meioApoio values(1, 'Junta de Freguesia de Viana do Castelo');
insert into meioApoio values(1, 'Junta de Freguesia de Mirandela');
insert into meioApoio values(1, 'Junta de Freguesia de Lourosa');
insert into meioApoio values(1, 'Polcia de Lagos');
insert into meioApoio values(4, 'Polcia de Lagos');
insert into meioApoio values(1, 'Junta de Freguesia de Leiria');
insert into meioApoio values(1, 'Bombeiros de vora');
insert into meioApoio values(4, 'Bombeiros de vora');
insert into meioApoio values(1, 'Bombeiros de Gondomar');
insert into meioApoio values(4, 'Bombeiros de Gondomar');
insert into meioApoio values(1, 'Junta de Freguesia de Beja');
insert into meioApoio values(1, 'Junta de Freguesia de Sintra');
insert into meioApoio values(4, 'Junta de Freguesia de Sintra');
insert into meioApoio values(1, 'Polcia de Trofa');
insert into meioApoio values(1, 'Polcia de Machico');
insert into meioApoio values(1, 'Polcia de Amadora');
insert into meioApoio values(4, 'Polcia de Amadora');
insert into meioApoio values(1, 'Junta de Freguesia de Queluz');
insert into meioApoio values(1, 'Junta de Freguesia de gueda');
insert into meioApoio values(1, 'Bombeiros de Maia');
insert into meioApoio values(4, 'Bombeiros de Maia');
insert into meioApoio values(1, 'Bombeiros de Aveiro');
insert into meioApoio values(4, 'Bombeiros de Aveiro');
insert into meioApoio values(1, 'Bombeiros de Silves');
insert into meioApoio values(1, 'Junta de Freguesia de Alcobaa');
insert into meioApoio values(4, 'Junta de Freguesia de Alcobaa');
insert into meioApoio values(1, 'Bombeiros de Santa Cruz');
insert into meioApoio values(1, 'Bombeiros de Sintra');
insert into meioApoio values(4, 'Bombeiros de Sintra');
insert into meioApoio values(1, 'Junta de Freguesia de Monchique');
insert into meioApoio values(4, 'Junta de Freguesia de Monchique');
insert into meioApoio values(1, 'Junta de Freguesia de Portimo');
insert into meioApoio values(1, 'Polcia de Cartaxo');
insert into meioApoio values(1, 'Junta de Freguesia de Porto');
insert into meioApoio values(4, 'Junta de Freguesia de Porto');
insert into meioApoio values(1, 'Polcia de Costa da Caparica');
insert into meioApoio values(1, 'Bombeiros de Ribeira Grande');
insert into meioApoio values(4, 'Bombeiros de Ribeira Grande');
insert into meioApoio values(1, 'Junta de Freguesia de Maia');
insert into meioApoio values(4, 'Junta de Freguesia de Maia');
insert into meioApoio values(1, 'Junta de Freguesia de Redondo');
insert into meioApoio values(4, 'Junta de Freguesia de Redondo');
insert into meioApoio values(1, 'Polcia de Abrantes');
insert into meioApoio values(4, 'Polcia de Abrantes');
insert into meioApoio values(1, 'Bombeiros de Elvas');
insert into meioApoio values(1, 'Polcia de Fafe');
insert into meioApoio values(1, 'Polcia de Seixal');
insert into meioApoio values(1, 'Junta de Freguesia de Ribeira Grande');
insert into meioApoio values(1, 'Junta de Freguesia de Trancoso');
insert into meioApoio values(1, 'Polcia de Santa Cruz');
insert into meioApoio values(1, 'Bombeiros de Machico');
insert into meioApoio values(1, 'Junta de Freguesia de Horta');
insert into meioApoio values(1, 'Junta de Freguesia de Machico');
insert into meioApoio values(1, 'Junta de Freguesia de Guarda');
insert into meioApoio values(1, 'Polcia de Pvoa de Varzim');
insert into meioApoio values(4, 'Polcia de Pvoa de Varzim');
insert into meioApoio values(1, 'Junta de Freguesia de Felgueiras');
insert into meioApoio values(4, 'Junta de Freguesia de Felgueiras');
insert into meioApoio values(1, 'Polcia de Redondo');
insert into meioApoio values(1, 'Junta de Freguesia de Pinhel');
insert into meioApoio values(1, 'Junta de Freguesia de Rio Maior');
insert into meioApoio values(1, 'Junta de Freguesia de Macedo de Cavaleiros');
insert into meioApoio values(1, 'Junta de Freguesia de Seixal');
insert into meioApoio values(1, 'Junta de Freguesia de Braga');
insert into meioApoio values(4, 'Junta de Freguesia de Braga');
insert into meioApoio values(1, 'Bombeiros de Rio Maior');
insert into meioApoio values(1, 'Bombeiros de Penafiel');
insert into meioApoio values(1, 'Polcia de Praia da Vitria');
insert into meioApoio values(1, 'Bombeiros de Lourosa');
insert into meioApoio values(1, 'Bombeiros de Guarda');
insert into meioApoio values(4, 'Bombeiros de Guarda');
insert into meioApoio values(1, 'Junta de Freguesia de Estarreja');
insert into meioApoio values(4, 'Junta de Freguesia de Estarreja');
insert into meioApoio values(1, 'Bombeiros de Ericeira');
insert into meioApoio values(1, 'Polcia de Alvor');
insert into meioApoio values(4, 'Polcia de Alvor');
insert into meioApoio values(1, 'Polcia de Alfena');
insert into meioApoio values(4, 'Polcia de Alfena');
insert into meioApoio values(1, 'Polcia de Mirandela');
insert into meioApoio values(1, 'Bombeiros de Braga');
insert into meioApoio values(1, 'Polcia de Loul');
insert into meioApoio values(4, 'Polcia de Loul');
insert into meioApoio values(1, 'Bombeiros de Leiria');
insert into meioApoio values(1, 'Bombeiros de Sabugal');
insert into meioApoio values(1, 'Junta de Freguesia de Fundo');
insert into meioApoio values(1, 'Junta de Freguesia de Marzovelos');
insert into meioApoio values(1, 'Polcia de Santo Andr');
insert into meioApoio values(1, 'Polcia de Bragana');
insert into meioApoio values(4, 'Polcia de Bragana');
insert into meioApoio values(1, 'Bombeiros de Viseu');



insert into meioSocorro values(2, 'Bombeiros de Moura');
insert into meioSocorro values(2, 'Bombeiros de Marco de Canavezes');
insert into meioSocorro values(2, 'Bombeiros de Vila das Aves');
insert into meioSocorro values(2, 'Junta de Freguesia de Santo Tirso');
insert into meioSocorro values(2, 'Polcia de Viana do Castelo');
insert into meioSocorro values(2, 'Polcia de Felgueiras');
insert into meioSocorro values(2, 'Junta de Freguesia de Alcochete');
insert into meioSocorro values(2, 'Polcia de Pinhel');
insert into meioSocorro values(2, 'Bombeiros de Abrantes');
insert into meioSocorro values(2, 'Bombeiros de gueda');
insert into meioSocorro values(2, 'Junta de Freguesia de Nazar');
insert into meioSocorro values(2, 'Bombeiros de Queluz');
insert into meioSocorro values(2, 'Junta de Freguesia de Fafe');
insert into meioSocorro values(2, 'Polcia de Nazar');
insert into meioSocorro values(2, 'Polcia de Estarreja');
insert into meioSocorro values(2, 'Bombeiros de Gouveia');
insert into meioSocorro values(2, 'Polcia de Funchal');
insert into meioSocorro values(2, 'Bombeiros de Lixa');
insert into meioSocorro values(2, 'Polcia de Faro');
insert into meioSocorro values(2, 'Bombeiros de Portalegre');
insert into meioSocorro values(2, 'Polcia de Barreiro');
insert into meioSocorro values(2, 'Bombeiros de Tavira');
insert into meioSocorro values(2, 'Junta de Freguesia de Marco de Canavezes');
insert into meioSocorro values(2, 'Bombeiros de Mes');
insert into meioSocorro values(2, 'Bombeiros de Coina');
insert into meioSocorro values(2, 'Junta de Freguesia de Valongo');
insert into meioSocorro values(2, 'Junta de Freguesia de Espinho');
insert into meioSocorro values(2, 'Bombeiros de Alcobaa');
insert into meioSocorro values(2, 'Bombeiros de Alccer do Sal');
insert into meioSocorro values(2, 'Polcia de Portimo');
insert into meioSocorro values(2, 'Bombeiros de Costa da Caparica');
insert into meioSocorro values(2, 'Bombeiros de Seixal');
insert into meioSocorro values(2, 'Junta de Freguesia de lhavo');
insert into meioSocorro values(2, 'Polcia de Setbal');
insert into meioSocorro values(2, 'Bombeiros de Fundo');
insert into meioSocorro values(2, 'Bombeiros de Estarreja');
insert into meioSocorro values(2, 'Junta de Freguesia de Viana do Castelo');
insert into meioSocorro values(2, 'Junta de Freguesia de Mirandela');
insert into meioSocorro values(2, 'Junta de Freguesia de Lourosa');
insert into meioSocorro values(2, 'Polcia de Lagos');
insert into meioSocorro values(2, 'Junta de Freguesia de Leiria');
insert into meioSocorro values(2, 'Bombeiros de vora');
insert into meioSocorro values(2, 'Bombeiros de Gondomar');
insert into meioSocorro values(2, 'Junta de Freguesia de Beja');
insert into meioSocorro values(2, 'Junta de Freguesia de Sintra');
insert into meioSocorro values(2, 'Polcia de Trofa');
insert into meioSocorro values(2, 'Polcia de Machico');
insert into meioSocorro values(2, 'Polcia de Amadora');
insert into meioSocorro values(2, 'Junta de Freguesia de Queluz');
insert into meioSocorro values(2, 'Junta de Freguesia de gueda');
insert into meioSocorro values(2, 'Bombeiros de Maia');
insert into meioSocorro values(2, 'Bombeiros de Aveiro');
insert into meioSocorro values(2, 'Bombeiros de Silves');
insert into meioSocorro values(2, 'Junta de Freguesia de Alcobaa');
insert into meioSocorro values(2, 'Bombeiros de Santa Cruz');
insert into meioSocorro values(2, 'Bombeiros de Sintra');
insert into meioSocorro values(2, 'Junta de Freguesia de Monchique');
insert into meioSocorro values(2, 'Junta de Freguesia de Portimo');
insert into meioSocorro values(2, 'Polcia de Cartaxo');
insert into meioSocorro values(2, 'Junta de Freguesia de Porto');
insert into meioSocorro values(2, 'Polcia de Costa da Caparica');
insert into meioSocorro values(2, 'Bombeiros de Ribeira Grande');
insert into meioSocorro values(2, 'Junta de Freguesia de Maia');
insert into meioSocorro values(2, 'Junta de Freguesia de Redondo');
insert into meioSocorro values(2, 'Polcia de Abrantes');
insert into meioSocorro values(2, 'Bombeiros de Elvas');
insert into meioSocorro values(2, 'Polcia de Fafe');
insert into meioSocorro values(2, 'Polcia de Seixal');
insert into meioSocorro values(2, 'Junta de Freguesia de Ribeira Grande');
insert into meioSocorro values(2, 'Junta de Freguesia de Trancoso');
insert into meioSocorro values(2, 'Polcia de Santa Cruz');
insert into meioSocorro values(2, 'Bombeiros de Machico');
insert into meioSocorro values(2, 'Junta de Freguesia de Horta');
insert into meioSocorro values(2, 'Junta de Freguesia de Machico');
insert into meioSocorro values(2, 'Junta de Freguesia de Guarda');
insert into meioSocorro values(2, 'Polcia de Pvoa de Varzim');
insert into meioSocorro values(2, 'Junta de Freguesia de Felgueiras');
insert into meioSocorro values(2, 'Polcia de Redondo');
insert into meioSocorro values(2, 'Junta de Freguesia de Pinhel');
insert into meioSocorro values(2, 'Junta de Freguesia de Rio Maior');
insert into meioSocorro values(2, 'Junta de Freguesia de Macedo de Cavaleiros');
insert into meioSocorro values(2, 'Junta de Freguesia de Seixal');
insert into meioSocorro values(2, 'Junta de Freguesia de Braga');
insert into meioSocorro values(2, 'Bombeiros de Rio Maior');
insert into meioSocorro values(2, 'Bombeiros de Penafiel');
insert into meioSocorro values(2, 'Polcia de Praia da Vitria');
insert into meioSocorro values(2, 'Bombeiros de Lourosa');
insert into meioSocorro values(2, 'Bombeiros de Guarda');
insert into meioSocorro values(2, 'Junta de Freguesia de Estarreja');
insert into meioSocorro values(2, 'Bombeiros de Ericeira');
insert into meioSocorro values(2, 'Polcia de Alvor');
insert into meioSocorro values(2, 'Polcia de Alfena');
insert into meioSocorro values(2, 'Polcia de Mirandela');
insert into meioSocorro values(2, 'Bombeiros de Braga');
insert into meioSocorro values(2, 'Polcia de Loul');
insert into meioSocorro values(2, 'Bombeiros de Leiria');
insert into meioSocorro values(2, 'Bombeiros de Sabugal');
insert into meioSocorro values(2, 'Junta de Freguesia de Fundo');
insert into meioSocorro values(2, 'Junta de Freguesia de Marzovelos');
insert into meioSocorro values(2, 'Polcia de Santo Andr');
insert into meioSocorro values(2, 'Polcia de Bragana');
insert into meioSocorro values(2, 'Bombeiros de Viseu');



insert into transporta values(2, 'Bombeiros de Viseu', 18, 0);
insert into transporta values(2, 'Bombeiros de Moura', 15, 0);
insert into transporta values(2, 'Bombeiros de Moura', 19, 1);
insert into transporta values(2, 'Bombeiros de Marco de Canavezes', 11, 1);
insert into transporta values(2, 'Bombeiros de Marco de Canavezes', 9, 2);
insert into transporta values(2, 'Bombeiros de Vila das Aves', 13, 2);
insert into transporta values(2, 'Bombeiros de Vila das Aves', 12, 3);
insert into transporta values(2, 'Junta de Freguesia de Santo Tirso', 19, 3);
insert into transporta values(2, 'Junta de Freguesia de Santo Tirso', 12, 4);
insert into transporta values(2, 'Polcia de Viana do Castelo', 18, 4);
insert into transporta values(2, 'Polcia de Viana do Castelo', 12, 5);
insert into transporta values(2, 'Polcia de Felgueiras', 18, 5);
insert into transporta values(2, 'Polcia de Felgueiras', 6, 6);
insert into transporta values(2, 'Junta de Freguesia de Alcochete', 9, 6);
insert into transporta values(2, 'Junta de Freguesia de Alcochete', 5, 7);
insert into transporta values(2, 'Polcia de Pinhel', 12, 7);
insert into transporta values(2, 'Polcia de Pinhel', 10, 8);
insert into transporta values(2, 'Bombeiros de Abrantes', 17, 8);
insert into transporta values(2, 'Bombeiros de Abrantes', 10, 9);
insert into transporta values(2, 'Bombeiros de gueda', 5, 9);
insert into transporta values(2, 'Bombeiros de gueda', 8, 10);
insert into transporta values(2, 'Junta de Freguesia de Nazar', 18, 10);
insert into transporta values(2, 'Junta de Freguesia de Nazar', 15, 11);
insert into transporta values(2, 'Bombeiros de Queluz', 13, 11);
insert into transporta values(2, 'Bombeiros de Queluz', 5, 12);
insert into transporta values(2, 'Junta de Freguesia de Fafe', 15, 12);
insert into transporta values(2, 'Junta de Freguesia de Fafe', 8, 13);
insert into transporta values(2, 'Polcia de Nazar', 10, 13);
insert into transporta values(2, 'Polcia de Nazar', 9, 14);
insert into transporta values(2, 'Polcia de Estarreja', 15, 14);
insert into transporta values(2, 'Polcia de Estarreja', 12, 15);
insert into transporta values(2, 'Bombeiros de Gouveia', 19, 15);
insert into transporta values(2, 'Bombeiros de Gouveia', 19, 16);
insert into transporta values(2, 'Polcia de Funchal', 14, 16);
insert into transporta values(2, 'Polcia de Funchal', 16, 17);
insert into transporta values(2, 'Bombeiros de Lixa', 15, 17);
insert into transporta values(2, 'Bombeiros de Lixa', 20, 18);
insert into transporta values(2, 'Polcia de Faro', 12, 18);
insert into transporta values(2, 'Polcia de Faro', 7, 19);
insert into transporta values(2, 'Bombeiros de Portalegre', 6, 19);
insert into transporta values(2, 'Bombeiros de Portalegre', 12, 20);
insert into transporta values(2, 'Polcia de Barreiro', 9, 20);
insert into transporta values(2, 'Polcia de Barreiro', 16, 21);
insert into transporta values(2, 'Bombeiros de Tavira', 16, 21);
insert into transporta values(2, 'Bombeiros de Tavira', 6, 22);
insert into transporta values(2, 'Junta de Freguesia de Marco de Canavezes', 6, 22);
insert into transporta values(2, 'Junta de Freguesia de Marco de Canavezes', 10, 23);
insert into transporta values(2, 'Bombeiros de Mes', 12, 23);
insert into transporta values(2, 'Bombeiros de Mes', 19, 24);
insert into transporta values(2, 'Bombeiros de Coina', 10, 24);
insert into transporta values(2, 'Bombeiros de Coina', 7, 25);
insert into transporta values(2, 'Junta de Freguesia de Valongo', 9, 25);
insert into transporta values(2, 'Junta de Freguesia de Valongo', 8, 26);
insert into transporta values(2, 'Junta de Freguesia de Espinho', 17, 26);
insert into transporta values(2, 'Junta de Freguesia de Espinho', 12, 27);
insert into transporta values(2, 'Bombeiros de Alcobaa', 20, 27);
insert into transporta values(2, 'Bombeiros de Alcobaa', 15, 28);
insert into transporta values(2, 'Bombeiros de Alccer do Sal', 8, 28);
insert into transporta values(2, 'Bombeiros de Alccer do Sal', 16, 29);
insert into transporta values(2, 'Polcia de Portimo', 5, 29);
insert into transporta values(2, 'Polcia de Portimo', 16, 30);
insert into transporta values(2, 'Bombeiros de Costa da Caparica', 7, 30);
insert into transporta values(2, 'Bombeiros de Costa da Caparica', 12, 31);
insert into transporta values(2, 'Bombeiros de Seixal', 7, 31);
insert into transporta values(2, 'Bombeiros de Seixal', 13, 32);
insert into transporta values(2, 'Junta de Freguesia de lhavo', 15, 32);
insert into transporta values(2, 'Junta de Freguesia de lhavo', 16, 33);
insert into transporta values(2, 'Polcia de Setbal', 7, 33);
insert into transporta values(2, 'Polcia de Setbal', 15, 34);
insert into transporta values(2, 'Bombeiros de Fundo', 13, 34);
insert into transporta values(2, 'Bombeiros de Fundo', 12, 35);
insert into transporta values(2, 'Bombeiros de Estarreja', 6, 35);
insert into transporta values(2, 'Bombeiros de Estarreja', 17, 36);
insert into transporta values(2, 'Junta de Freguesia de Viana do Castelo', 6, 36);
insert into transporta values(2, 'Junta de Freguesia de Viana do Castelo', 19, 37);
insert into transporta values(2, 'Junta de Freguesia de Mirandela', 16, 37);
insert into transporta values(2, 'Junta de Freguesia de Mirandela', 14, 38);
insert into transporta values(2, 'Junta de Freguesia de Lourosa', 11, 38);
insert into transporta values(2, 'Junta de Freguesia de Lourosa', 11, 39);
insert into transporta values(2, 'Polcia de Lagos', 20, 39);
insert into transporta values(2, 'Polcia de Lagos', 12, 40);
insert into transporta values(2, 'Junta de Freguesia de Leiria', 12, 40);
insert into transporta values(2, 'Junta de Freguesia de Leiria', 5, 41);
insert into transporta values(2, 'Bombeiros de vora', 13, 41);
insert into transporta values(2, 'Bombeiros de vora', 13, 42);
insert into transporta values(2, 'Bombeiros de Gondomar', 5, 42);
insert into transporta values(2, 'Bombeiros de Gondomar', 12, 43);
insert into transporta values(2, 'Junta de Freguesia de Beja', 13, 43);
insert into transporta values(2, 'Junta de Freguesia de Beja', 13, 44);
insert into transporta values(2, 'Junta de Freguesia de Sintra', 17, 44);
insert into transporta values(2, 'Junta de Freguesia de Sintra', 16, 45);
insert into transporta values(2, 'Polcia de Trofa', 15, 45);
insert into transporta values(2, 'Polcia de Trofa', 8, 46);
insert into transporta values(2, 'Polcia de Machico', 10, 46);
insert into transporta values(2, 'Polcia de Machico', 19, 47);
insert into transporta values(2, 'Polcia de Amadora', 6, 47);
insert into transporta values(2, 'Polcia de Amadora', 9, 48);
insert into transporta values(2, 'Junta de Freguesia de Queluz', 15, 48);
insert into transporta values(2, 'Junta de Freguesia de Queluz', 19, 49);
insert into transporta values(2, 'Junta de Freguesia de gueda', 11, 49);
insert into transporta values(2, 'Junta de Freguesia de gueda', 8, 50);
insert into transporta values(2, 'Bombeiros de Maia', 10, 50);
insert into transporta values(2, 'Bombeiros de Maia', 14, 51);
insert into transporta values(2, 'Bombeiros de Aveiro', 12, 51);
insert into transporta values(2, 'Bombeiros de Aveiro', 9, 52);
insert into transporta values(2, 'Bombeiros de Silves', 13, 52);
insert into transporta values(2, 'Bombeiros de Silves', 17, 53);
insert into transporta values(2, 'Junta de Freguesia de Alcobaa', 15, 53);
insert into transporta values(2, 'Junta de Freguesia de Alcobaa', 17, 54);
insert into transporta values(2, 'Bombeiros de Santa Cruz', 15, 54);
insert into transporta values(2, 'Bombeiros de Santa Cruz', 12, 55);
insert into transporta values(2, 'Bombeiros de Sintra', 11, 55);
insert into transporta values(2, 'Bombeiros de Sintra', 12, 56);
insert into transporta values(2, 'Junta de Freguesia de Monchique', 7, 56);
insert into transporta values(2, 'Junta de Freguesia de Monchique', 8, 57);
insert into transporta values(2, 'Junta de Freguesia de Portimo', 16, 57);
insert into transporta values(2, 'Junta de Freguesia de Portimo', 12, 58);
insert into transporta values(2, 'Polcia de Cartaxo', 16, 58);
insert into transporta values(2, 'Polcia de Cartaxo', 18, 59);
insert into transporta values(2, 'Junta de Freguesia de Porto', 10, 59);
insert into transporta values(2, 'Junta de Freguesia de Porto', 9, 60);
insert into transporta values(2, 'Polcia de Costa da Caparica', 18, 60);
insert into transporta values(2, 'Polcia de Costa da Caparica', 7, 61);
insert into transporta values(2, 'Bombeiros de Ribeira Grande', 12, 61);
insert into transporta values(2, 'Bombeiros de Ribeira Grande', 7, 62);
insert into transporta values(2, 'Junta de Freguesia de Maia', 10, 62);
insert into transporta values(2, 'Junta de Freguesia de Maia', 13, 63);
insert into transporta values(2, 'Junta de Freguesia de Redondo', 9, 63);
insert into transporta values(2, 'Junta de Freguesia de Redondo', 20, 64);
insert into transporta values(2, 'Polcia de Abrantes', 5, 64);
insert into transporta values(2, 'Polcia de Abrantes', 17, 65);
insert into transporta values(2, 'Bombeiros de Elvas', 7, 65);
insert into transporta values(2, 'Bombeiros de Elvas', 18, 66);
insert into transporta values(2, 'Polcia de Fafe', 18, 66);
insert into transporta values(2, 'Polcia de Fafe', 7, 67);
insert into transporta values(2, 'Polcia de Seixal', 14, 67);
insert into transporta values(2, 'Polcia de Seixal', 15, 68);
insert into transporta values(2, 'Junta de Freguesia de Ribeira Grande', 20, 68);
insert into transporta values(2, 'Junta de Freguesia de Ribeira Grande', 9, 69);
insert into transporta values(2, 'Junta de Freguesia de Trancoso', 13, 69);
insert into transporta values(2, 'Junta de Freguesia de Trancoso', 8, 70);
insert into transporta values(2, 'Polcia de Santa Cruz', 5, 70);
insert into transporta values(2, 'Polcia de Santa Cruz', 15, 71);
insert into transporta values(2, 'Bombeiros de Machico', 7, 71);
insert into transporta values(2, 'Bombeiros de Machico', 7, 72);
insert into transporta values(2, 'Junta de Freguesia de Horta', 7, 72);
insert into transporta values(2, 'Junta de Freguesia de Horta', 17, 73);
insert into transporta values(2, 'Junta de Freguesia de Machico', 11, 73);
insert into transporta values(2, 'Junta de Freguesia de Machico', 7, 74);
insert into transporta values(2, 'Junta de Freguesia de Guarda', 6, 74);
insert into transporta values(2, 'Junta de Freguesia de Guarda', 5, 75);
insert into transporta values(2, 'Polcia de Pvoa de Varzim', 10, 75);
insert into transporta values(2, 'Polcia de Pvoa de Varzim', 10, 76);
insert into transporta values(2, 'Junta de Freguesia de Felgueiras', 10, 76);
insert into transporta values(2, 'Junta de Freguesia de Felgueiras', 18, 77);
insert into transporta values(2, 'Polcia de Redondo', 13, 77);
insert into transporta values(2, 'Polcia de Redondo', 16, 78);
insert into transporta values(2, 'Junta de Freguesia de Pinhel', 17, 78);
insert into transporta values(2, 'Junta de Freguesia de Pinhel', 20, 79);
insert into transporta values(2, 'Junta de Freguesia de Rio Maior', 15, 79);
insert into transporta values(2, 'Junta de Freguesia de Rio Maior', 6, 80);
insert into transporta values(2, 'Junta de Freguesia de Macedo de Cavaleiros', 13, 80);
insert into transporta values(2, 'Junta de Freguesia de Macedo de Cavaleiros', 9, 81);
insert into transporta values(2, 'Junta de Freguesia de Seixal', 18, 81);
insert into transporta values(2, 'Junta de Freguesia de Seixal', 18, 82);
insert into transporta values(2, 'Junta de Freguesia de Braga', 12, 82);
insert into transporta values(2, 'Junta de Freguesia de Braga', 18, 83);
insert into transporta values(2, 'Bombeiros de Rio Maior', 11, 83);
insert into transporta values(2, 'Bombeiros de Rio Maior', 6, 84);
insert into transporta values(2, 'Bombeiros de Penafiel', 5, 84);
insert into transporta values(2, 'Bombeiros de Penafiel', 9, 85);
insert into transporta values(2, 'Polcia de Praia da Vitria', 11, 85);
insert into transporta values(2, 'Polcia de Praia da Vitria', 13, 86);
insert into transporta values(2, 'Bombeiros de Lourosa', 13, 86);
insert into transporta values(2, 'Bombeiros de Lourosa', 11, 87);
insert into transporta values(2, 'Bombeiros de Guarda', 17, 87);
insert into transporta values(2, 'Bombeiros de Guarda', 14, 88);
insert into transporta values(2, 'Junta de Freguesia de Estarreja', 6, 88);
insert into transporta values(2, 'Junta de Freguesia de Estarreja', 14, 89);
insert into transporta values(2, 'Bombeiros de Ericeira', 7, 89);
insert into transporta values(2, 'Bombeiros de Ericeira', 5, 90);
insert into transporta values(2, 'Polcia de Alvor', 6, 90);
insert into transporta values(2, 'Polcia de Alvor', 14, 91);
insert into transporta values(2, 'Polcia de Alfena', 18, 91);
insert into transporta values(2, 'Polcia de Alfena', 18, 92);
insert into transporta values(2, 'Polcia de Mirandela', 15, 92);
insert into transporta values(2, 'Polcia de Mirandela', 18, 93);
insert into transporta values(2, 'Bombeiros de Braga', 20, 93);
insert into transporta values(2, 'Bombeiros de Braga', 13, 94);
insert into transporta values(2, 'Polcia de Loul', 13, 94);
insert into transporta values(2, 'Polcia de Loul', 14, 95);
insert into transporta values(2, 'Bombeiros de Leiria', 9, 95);
insert into transporta values(2, 'Bombeiros de Leiria', 17, 96);
insert into transporta values(2, 'Bombeiros de Sabugal', 13, 96);
insert into transporta values(2, 'Bombeiros de Sabugal', 15, 97);
insert into transporta values(2, 'Junta de Freguesia de Fundo', 11, 97);
insert into transporta values(2, 'Junta de Freguesia de Fundo', 19, 98);
insert into transporta values(2, 'Junta de Freguesia de Marzovelos', 13, 98);
insert into transporta values(2, 'Junta de Freguesia de Marzovelos', 13, 99);
insert into transporta values(2, 'Polcia de Santo Andr', 6, 99);
insert into transporta values(2, 'Polcia de Santo Andr', 8, 100);
insert into transporta values(2, 'Polcia de Bragana', 19, 100);
insert into transporta values(2, 'Polcia de Bragana', 10, 101);
insert into transporta values(2, 'Bombeiros de Viseu', 15, 101);



insert into alocado values(1, 'Bombeiros de Viseu', 1, 0);
insert into alocado values(1, 'Bombeiros de Moura', 6, 0);
insert into alocado values(1, 'Bombeiros de Moura', 3, 1);
insert into alocado values(4, 'Bombeiros de Moura', 10, 1);
insert into alocado values(4, 'Bombeiros de Moura', 9, 2);
insert into alocado values(1, 'Bombeiros de Marco de Canavezes', 8, 2);
insert into alocado values(1, 'Bombeiros de Marco de Canavezes', 3, 3);
insert into alocado values(1, 'Bombeiros de Vila das Aves', 8, 3);
insert into alocado values(1, 'Bombeiros de Vila das Aves', 3, 4);
insert into alocado values(4, 'Bombeiros de Vila das Aves', 2, 4);
insert into alocado values(4, 'Bombeiros de Vila das Aves', 7, 5);
insert into alocado values(1, 'Junta de Freguesia de Santo Tirso', 6, 5);
insert into alocado values(1, 'Junta de Freguesia de Santo Tirso', 10, 6);
insert into alocado values(1, 'Polcia de Viana do Castelo', 1, 6);
insert into alocado values(1, 'Polcia de Viana do Castelo', 1, 7);
insert into alocado values(1, 'Polcia de Felgueiras', 8, 7);
insert into alocado values(1, 'Polcia de Felgueiras', 5, 8);
insert into alocado values(1, 'Junta de Freguesia de Alcochete', 9, 8);
insert into alocado values(1, 'Junta de Freguesia de Alcochete', 5, 9);
insert into alocado values(1, 'Polcia de Pinhel', 7, 9);
insert into alocado values(1, 'Polcia de Pinhel', 5, 10);
insert into alocado values(1, 'Bombeiros de Abrantes', 2, 10);
insert into alocado values(1, 'Bombeiros de Abrantes', 4, 11);
insert into alocado values(4, 'Bombeiros de Abrantes', 10, 11);
insert into alocado values(4, 'Bombeiros de Abrantes', 9, 12);
insert into alocado values(1, 'Bombeiros de gueda', 2, 12);
insert into alocado values(1, 'Bombeiros de gueda', 2, 13);
insert into alocado values(1, 'Junta de Freguesia de Nazar', 8, 13);
insert into alocado values(1, 'Junta de Freguesia de Nazar', 2, 14);
insert into alocado values(1, 'Bombeiros de Queluz', 2, 14);
insert into alocado values(1, 'Bombeiros de Queluz', 1, 15);
insert into alocado values(4, 'Bombeiros de Queluz', 8, 15);
insert into alocado values(4, 'Bombeiros de Queluz', 2, 16);
insert into alocado values(1, 'Junta de Freguesia de Fafe', 3, 16);
insert into alocado values(1, 'Junta de Freguesia de Fafe', 9, 17);
insert into alocado values(1, 'Polcia de Nazar', 10, 17);
insert into alocado values(1, 'Polcia de Nazar', 1, 18);
insert into alocado values(1, 'Polcia de Estarreja', 6, 18);
insert into alocado values(1, 'Polcia de Estarreja', 4, 19);
insert into alocado values(1, 'Bombeiros de Gouveia', 2, 19);
insert into alocado values(1, 'Bombeiros de Gouveia', 4, 20);
insert into alocado values(4, 'Bombeiros de Gouveia', 7, 20);
insert into alocado values(4, 'Bombeiros de Gouveia', 4, 21);
insert into alocado values(1, 'Polcia de Funchal', 1, 21);
insert into alocado values(1, 'Polcia de Funchal', 3, 22);
insert into alocado values(1, 'Bombeiros de Lixa', 1, 22);
insert into alocado values(1, 'Bombeiros de Lixa', 8, 23);
insert into alocado values(4, 'Bombeiros de Lixa', 3, 23);
insert into alocado values(4, 'Bombeiros de Lixa', 4, 24);
insert into alocado values(1, 'Polcia de Faro', 9, 24);
insert into alocado values(1, 'Polcia de Faro', 9, 25);
insert into alocado values(1, 'Bombeiros de Portalegre', 3, 25);
insert into alocado values(1, 'Bombeiros de Portalegre', 3, 26);
insert into alocado values(1, 'Polcia de Barreiro', 8, 26);
insert into alocado values(1, 'Polcia de Barreiro', 6, 27);
insert into alocado values(4, 'Polcia de Barreiro', 2, 27);
insert into alocado values(4, 'Polcia de Barreiro', 10, 28);
insert into alocado values(1, 'Bombeiros de Tavira', 4, 28);
insert into alocado values(1, 'Bombeiros de Tavira', 2, 29);
insert into alocado values(1, 'Junta de Freguesia de Marco de Canavezes', 7, 29);
insert into alocado values(1, 'Junta de Freguesia de Marco de Canavezes', 7, 30);
insert into alocado values(4, 'Junta de Freguesia de Marco de Canavezes', 2, 30);
insert into alocado values(4, 'Junta de Freguesia de Marco de Canavezes', 9, 31);
insert into alocado values(1, 'Bombeiros de Mes', 10, 31);
insert into alocado values(1, 'Bombeiros de Mes', 2, 32);
insert into alocado values(1, 'Bombeiros de Coina', 6, 32);
insert into alocado values(1, 'Bombeiros de Coina', 1, 33);
insert into alocado values(1, 'Junta de Freguesia de Valongo', 7, 33);
insert into alocado values(1, 'Junta de Freguesia de Valongo', 9, 34);
insert into alocado values(4, 'Junta de Freguesia de Valongo', 4, 34);
insert into alocado values(4, 'Junta de Freguesia de Valongo', 10, 35);
insert into alocado values(1, 'Junta de Freguesia de Espinho', 7, 35);
insert into alocado values(1, 'Junta de Freguesia de Espinho', 10, 36);
insert into alocado values(4, 'Junta de Freguesia de Espinho', 8, 36);
insert into alocado values(4, 'Junta de Freguesia de Espinho', 2, 37);
insert into alocado values(1, 'Bombeiros de Alcobaa', 10, 37);
insert into alocado values(1, 'Bombeiros de Alcobaa', 8, 38);
insert into alocado values(1, 'Bombeiros de Alccer do Sal', 3, 38);
insert into alocado values(1, 'Bombeiros de Alccer do Sal', 2, 39);
insert into alocado values(1, 'Polcia de Portimo', 6, 39);
insert into alocado values(1, 'Polcia de Portimo', 6, 40);
insert into alocado values(1, 'Bombeiros de Costa da Caparica', 9, 40);
insert into alocado values(1, 'Bombeiros de Costa da Caparica', 1, 41);
insert into alocado values(1, 'Bombeiros de Seixal', 7, 41);
insert into alocado values(1, 'Bombeiros de Seixal', 10, 42);
insert into alocado values(1, 'Junta de Freguesia de lhavo', 10, 42);
insert into alocado values(1, 'Junta de Freguesia de lhavo', 3, 43);
insert into alocado values(1, 'Polcia de Setbal', 3, 43);
insert into alocado values(1, 'Polcia de Setbal', 3, 44);
insert into alocado values(1, 'Bombeiros de Fundo', 9, 44);
insert into alocado values(1, 'Bombeiros de Fundo', 5, 45);
insert into alocado values(1, 'Bombeiros de Estarreja', 10, 45);
insert into alocado values(1, 'Bombeiros de Estarreja', 2, 46);
insert into alocado values(1, 'Junta de Freguesia de Viana do Castelo', 4, 46);
insert into alocado values(1, 'Junta de Freguesia de Viana do Castelo', 6, 47);
insert into alocado values(1, 'Junta de Freguesia de Mirandela', 3, 47);
insert into alocado values(1, 'Junta de Freguesia de Mirandela', 8, 48);
insert into alocado values(1, 'Junta de Freguesia de Lourosa', 7, 48);
insert into alocado values(1, 'Junta de Freguesia de Lourosa', 7, 49);
insert into alocado values(1, 'Polcia de Lagos', 1, 49);
insert into alocado values(1, 'Polcia de Lagos', 5, 50);
insert into alocado values(4, 'Polcia de Lagos', 5, 50);
insert into alocado values(4, 'Polcia de Lagos', 10, 51);
insert into alocado values(1, 'Junta de Freguesia de Leiria', 1, 51);
insert into alocado values(1, 'Junta de Freguesia de Leiria', 3, 52);
insert into alocado values(1, 'Bombeiros de vora', 4, 52);
insert into alocado values(1, 'Bombeiros de vora', 4, 53);
insert into alocado values(4, 'Bombeiros de vora', 8, 53);
insert into alocado values(4, 'Bombeiros de vora', 9, 54);
insert into alocado values(1, 'Bombeiros de Gondomar', 5, 54);
insert into alocado values(1, 'Bombeiros de Gondomar', 3, 55);
insert into alocado values(4, 'Bombeiros de Gondomar', 2, 55);
insert into alocado values(4, 'Bombeiros de Gondomar', 6, 56);
insert into alocado values(1, 'Junta de Freguesia de Beja', 2, 56);
insert into alocado values(1, 'Junta de Freguesia de Beja', 8, 57);
insert into alocado values(1, 'Junta de Freguesia de Sintra', 10, 57);
insert into alocado values(1, 'Junta de Freguesia de Sintra', 10, 58);
insert into alocado values(4, 'Junta de Freguesia de Sintra', 8, 58);
insert into alocado values(4, 'Junta de Freguesia de Sintra', 9, 59);
insert into alocado values(1, 'Polcia de Trofa', 10, 59);
insert into alocado values(1, 'Polcia de Trofa', 9, 60);
insert into alocado values(1, 'Polcia de Machico', 8, 60);
insert into alocado values(1, 'Polcia de Machico', 8, 61);
insert into alocado values(1, 'Polcia de Amadora', 2, 61);
insert into alocado values(1, 'Polcia de Amadora', 4, 62);
insert into alocado values(4, 'Polcia de Amadora', 4, 62);
insert into alocado values(4, 'Polcia de Amadora', 7, 63);
insert into alocado values(1, 'Junta de Freguesia de Queluz', 9, 63);
insert into alocado values(1, 'Junta de Freguesia de Queluz', 7, 64);
insert into alocado values(1, 'Junta de Freguesia de gueda', 6, 64);
insert into alocado values(1, 'Junta de Freguesia de gueda', 1, 65);
insert into alocado values(1, 'Bombeiros de Maia', 7, 65);
insert into alocado values(1, 'Bombeiros de Maia', 4, 66);
insert into alocado values(4, 'Bombeiros de Maia', 7, 66);
insert into alocado values(4, 'Bombeiros de Maia', 2, 67);
insert into alocado values(1, 'Bombeiros de Aveiro', 4, 67);
insert into alocado values(1, 'Bombeiros de Aveiro', 4, 68);
insert into alocado values(4, 'Bombeiros de Aveiro', 9, 68);
insert into alocado values(4, 'Bombeiros de Aveiro', 3, 69);
insert into alocado values(1, 'Bombeiros de Silves', 7, 69);
insert into alocado values(1, 'Bombeiros de Silves', 1, 70);
insert into alocado values(1, 'Junta de Freguesia de Alcobaa', 7, 70);
insert into alocado values(1, 'Junta de Freguesia de Alcobaa', 10, 71);
insert into alocado values(4, 'Junta de Freguesia de Alcobaa', 5, 71);
insert into alocado values(4, 'Junta de Freguesia de Alcobaa', 2, 72);
insert into alocado values(1, 'Bombeiros de Santa Cruz', 6, 72);
insert into alocado values(1, 'Bombeiros de Santa Cruz', 2, 73);
insert into alocado values(1, 'Bombeiros de Sintra', 7, 73);
insert into alocado values(1, 'Bombeiros de Sintra', 7, 74);
insert into alocado values(4, 'Bombeiros de Sintra', 2, 74);
insert into alocado values(4, 'Bombeiros de Sintra', 10, 75);
insert into alocado values(1, 'Junta de Freguesia de Monchique', 7, 75);
insert into alocado values(1, 'Junta de Freguesia de Monchique', 10, 76);
insert into alocado values(4, 'Junta de Freguesia de Monchique', 9, 76);
insert into alocado values(4, 'Junta de Freguesia de Monchique', 3, 77);
insert into alocado values(1, 'Junta de Freguesia de Portimo', 1, 77);
insert into alocado values(1, 'Junta de Freguesia de Portimo', 2, 78);
insert into alocado values(1, 'Polcia de Cartaxo', 8, 78);
insert into alocado values(1, 'Polcia de Cartaxo', 8, 79);
insert into alocado values(1, 'Junta de Freguesia de Porto', 8, 79);
insert into alocado values(1, 'Junta de Freguesia de Porto', 8, 80);
insert into alocado values(4, 'Junta de Freguesia de Porto', 2, 80);
insert into alocado values(4, 'Junta de Freguesia de Porto', 10, 81);
insert into alocado values(1, 'Polcia de Costa da Caparica', 6, 81);
insert into alocado values(1, 'Polcia de Costa da Caparica', 6, 82);
insert into alocado values(1, 'Bombeiros de Ribeira Grande', 10, 82);
insert into alocado values(1, 'Bombeiros de Ribeira Grande', 6, 83);
insert into alocado values(4, 'Bombeiros de Ribeira Grande', 8, 83);
insert into alocado values(4, 'Bombeiros de Ribeira Grande', 3, 84);
insert into alocado values(1, 'Junta de Freguesia de Maia', 1, 84);
insert into alocado values(1, 'Junta de Freguesia de Maia', 7, 85);
insert into alocado values(4, 'Junta de Freguesia de Maia', 10, 85);
insert into alocado values(4, 'Junta de Freguesia de Maia', 4, 86);
insert into alocado values(1, 'Junta de Freguesia de Redondo', 5, 86);
insert into alocado values(1, 'Junta de Freguesia de Redondo', 6, 87);
insert into alocado values(4, 'Junta de Freguesia de Redondo', 9, 87);
insert into alocado values(4, 'Junta de Freguesia de Redondo', 9, 88);
insert into alocado values(1, 'Polcia de Abrantes', 3, 88);
insert into alocado values(1, 'Polcia de Abrantes', 7, 89);
insert into alocado values(4, 'Polcia de Abrantes', 2, 89);
insert into alocado values(4, 'Polcia de Abrantes', 9, 90);
insert into alocado values(1, 'Bombeiros de Elvas', 7, 90);
insert into alocado values(1, 'Bombeiros de Elvas', 7, 91);
insert into alocado values(1, 'Polcia de Fafe', 8, 91);
insert into alocado values(1, 'Polcia de Fafe', 9, 92);
insert into alocado values(1, 'Polcia de Seixal', 3, 92);
insert into alocado values(1, 'Polcia de Seixal', 2, 93);
insert into alocado values(1, 'Junta de Freguesia de Ribeira Grande', 1, 93);
insert into alocado values(1, 'Junta de Freguesia de Ribeira Grande', 5, 94);
insert into alocado values(1, 'Junta de Freguesia de Trancoso', 9, 94);
insert into alocado values(1, 'Junta de Freguesia de Trancoso', 3, 95);
insert into alocado values(1, 'Polcia de Santa Cruz', 1, 95);
insert into alocado values(1, 'Polcia de Santa Cruz', 7, 96);
insert into alocado values(1, 'Bombeiros de Machico', 3, 96);
insert into alocado values(1, 'Bombeiros de Machico', 5, 97);
insert into alocado values(1, 'Junta de Freguesia de Horta', 7, 97);
insert into alocado values(1, 'Junta de Freguesia de Horta', 3, 98);
insert into alocado values(1, 'Junta de Freguesia de Machico', 1, 98);
insert into alocado values(1, 'Junta de Freguesia de Machico', 2, 99);
insert into alocado values(1, 'Junta de Freguesia de Guarda', 7, 99);
insert into alocado values(1, 'Junta de Freguesia de Guarda', 8, 100);
insert into alocado values(1, 'Polcia de Pvoa de Varzim', 2, 100);
insert into alocado values(1, 'Polcia de Pvoa de Varzim', 7, 101);
insert into alocado values(4, 'Polcia de Pvoa de Varzim', 7, 101);



insert into acciona values(0, 'Bombeiros de Moura', 0);
insert into acciona values(1, 'Bombeiros de Moura', 0);
insert into acciona values(2, 'Bombeiros de Moura', 0);
insert into acciona values(1, 'Bombeiros de Moura', 1);
insert into acciona values(2, 'Bombeiros de Moura', 1);
insert into acciona values(3, 'Bombeiros de Moura', 1);
insert into acciona values(2, 'Bombeiros de Moura', 2);
insert into acciona values(3, 'Bombeiros de Moura', 2);
insert into acciona values(4, 'Bombeiros de Moura', 2);
insert into acciona values(3, 'Bombeiros de Moura', 3);
insert into acciona values(4, 'Bombeiros de Moura', 3);
insert into acciona values(0, 'Bombeiros de Marco de Canavezes', 3);
insert into acciona values(4, 'Bombeiros de Moura', 4);
insert into acciona values(0, 'Bombeiros de Marco de Canavezes', 4);
insert into acciona values(1, 'Bombeiros de Marco de Canavezes', 4);
insert into acciona values(0, 'Bombeiros de Marco de Canavezes', 5);
insert into acciona values(1, 'Bombeiros de Marco de Canavezes', 5);
insert into acciona values(2, 'Bombeiros de Marco de Canavezes', 5);
insert into acciona values(1, 'Bombeiros de Marco de Canavezes', 6);
insert into acciona values(2, 'Bombeiros de Marco de Canavezes', 6);
insert into acciona values(0, 'Bombeiros de Vila das Aves', 6);
insert into acciona values(2, 'Bombeiros de Marco de Canavezes', 7);
insert into acciona values(0, 'Bombeiros de Vila das Aves', 7);
insert into acciona values(1, 'Bombeiros de Vila das Aves', 7);
insert into acciona values(0, 'Bombeiros de Vila das Aves', 8);
insert into acciona values(1, 'Bombeiros de Vila das Aves', 8);
insert into acciona values(2, 'Bombeiros de Vila das Aves', 8);
insert into acciona values(1, 'Bombeiros de Vila das Aves', 9);
insert into acciona values(2, 'Bombeiros de Vila das Aves', 9);
insert into acciona values(3, 'Bombeiros de Vila das Aves', 9);
insert into acciona values(2, 'Bombeiros de Vila das Aves', 10);
insert into acciona values(3, 'Bombeiros de Vila das Aves', 10);
insert into acciona values(4, 'Bombeiros de Vila das Aves', 10);
insert into acciona values(3, 'Bombeiros de Vila das Aves', 11);
insert into acciona values(4, 'Bombeiros de Vila das Aves', 11);
insert into acciona values(0, 'Junta de Freguesia de Santo Tirso', 11);
insert into acciona values(4, 'Bombeiros de Vila das Aves', 12);
insert into acciona values(0, 'Junta de Freguesia de Santo Tirso', 12);
insert into acciona values(1, 'Junta de Freguesia de Santo Tirso', 12);
insert into acciona values(0, 'Junta de Freguesia de Santo Tirso', 13);
insert into acciona values(1, 'Junta de Freguesia de Santo Tirso', 13);
insert into acciona values(2, 'Junta de Freguesia de Santo Tirso', 13);
insert into acciona values(1, 'Junta de Freguesia de Santo Tirso', 14);
insert into acciona values(2, 'Junta de Freguesia de Santo Tirso', 14);
insert into acciona values(3, 'Junta de Freguesia de Santo Tirso', 14);
insert into acciona values(2, 'Junta de Freguesia de Santo Tirso', 15);
insert into acciona values(3, 'Junta de Freguesia de Santo Tirso', 15);
insert into acciona values(0, 'Polcia de Viana do Castelo', 15);
insert into acciona values(3, 'Junta de Freguesia de Santo Tirso', 16);
insert into acciona values(0, 'Polcia de Viana do Castelo', 16);
insert into acciona values(1, 'Polcia de Viana do Castelo', 16);
insert into acciona values(0, 'Polcia de Viana do Castelo', 17);
insert into acciona values(1, 'Polcia de Viana do Castelo', 17);
insert into acciona values(2, 'Polcia de Viana do Castelo', 17);
insert into acciona values(1, 'Polcia de Viana do Castelo', 18);
insert into acciona values(2, 'Polcia de Viana do Castelo', 18);
insert into acciona values(3, 'Polcia de Viana do Castelo', 18);
insert into acciona values(2, 'Polcia de Viana do Castelo', 19);
insert into acciona values(3, 'Polcia de Viana do Castelo', 19);
insert into acciona values(0, 'Polcia de Felgueiras', 19);
insert into acciona values(3, 'Polcia de Viana do Castelo', 20);
insert into acciona values(0, 'Polcia de Felgueiras', 20);
insert into acciona values(1, 'Polcia de Felgueiras', 20);
insert into acciona values(0, 'Polcia de Felgueiras', 21);
insert into acciona values(1, 'Polcia de Felgueiras', 21);
insert into acciona values(2, 'Polcia de Felgueiras', 21);
insert into acciona values(1, 'Polcia de Felgueiras', 22);
insert into acciona values(2, 'Polcia de Felgueiras', 22);
insert into acciona values(0, 'Junta de Freguesia de Alcochete', 22);
insert into acciona values(2, 'Polcia de Felgueiras', 23);
insert into acciona values(0, 'Junta de Freguesia de Alcochete', 23);
insert into acciona values(1, 'Junta de Freguesia de Alcochete', 23);
insert into acciona values(0, 'Junta de Freguesia de Alcochete', 24);
insert into acciona values(1, 'Junta de Freguesia de Alcochete', 24);
insert into acciona values(2, 'Junta de Freguesia de Alcochete', 24);
insert into acciona values(1, 'Junta de Freguesia de Alcochete', 25);
insert into acciona values(2, 'Junta de Freguesia de Alcochete', 25);
insert into acciona values(3, 'Junta de Freguesia de Alcochete', 25);
insert into acciona values(2, 'Junta de Freguesia de Alcochete', 26);
insert into acciona values(3, 'Junta de Freguesia de Alcochete', 26);
insert into acciona values(0, 'Polcia de Pinhel', 26);
insert into acciona values(3, 'Junta de Freguesia de Alcochete', 27);
insert into acciona values(0, 'Polcia de Pinhel', 27);
insert into acciona values(1, 'Polcia de Pinhel', 27);
insert into acciona values(0, 'Polcia de Pinhel', 28);
insert into acciona values(1, 'Polcia de Pinhel', 28);
insert into acciona values(2, 'Polcia de Pinhel', 28);
insert into acciona values(1, 'Polcia de Pinhel', 29);
insert into acciona values(2, 'Polcia de Pinhel', 29);
insert into acciona values(3, 'Polcia de Pinhel', 29);
insert into acciona values(2, 'Polcia de Pinhel', 30);
insert into acciona values(3, 'Polcia de Pinhel', 30);
insert into acciona values(0, 'Bombeiros de Abrantes', 30);
insert into acciona values(3, 'Polcia de Pinhel', 31);
insert into acciona values(0, 'Bombeiros de Abrantes', 31);
insert into acciona values(1, 'Bombeiros de Abrantes', 31);
insert into acciona values(0, 'Bombeiros de Abrantes', 32);
insert into acciona values(1, 'Bombeiros de Abrantes', 32);
insert into acciona values(2, 'Bombeiros de Abrantes', 32);
insert into acciona values(1, 'Bombeiros de Abrantes', 33);
insert into acciona values(2, 'Bombeiros de Abrantes', 33);
insert into acciona values(3, 'Bombeiros de Abrantes', 33);
insert into acciona values(2, 'Bombeiros de Abrantes', 34);
insert into acciona values(3, 'Bombeiros de Abrantes', 34);
insert into acciona values(4, 'Bombeiros de Abrantes', 34);
insert into acciona values(3, 'Bombeiros de Abrantes', 35);
insert into acciona values(4, 'Bombeiros de Abrantes', 35);
insert into acciona values(0, 'Bombeiros de gueda', 35);
insert into acciona values(4, 'Bombeiros de Abrantes', 36);
insert into acciona values(0, 'Bombeiros de gueda', 36);
insert into acciona values(1, 'Bombeiros de gueda', 36);
insert into acciona values(0, 'Bombeiros de gueda', 37);
insert into acciona values(1, 'Bombeiros de gueda', 37);
insert into acciona values(2, 'Bombeiros de gueda', 37);
insert into acciona values(1, 'Bombeiros de gueda', 38);
insert into acciona values(2, 'Bombeiros de gueda', 38);
insert into acciona values(0, 'Junta de Freguesia de Nazar', 38);
insert into acciona values(2, 'Bombeiros de gueda', 39);
insert into acciona values(0, 'Junta de Freguesia de Nazar', 39);
insert into acciona values(1, 'Junta de Freguesia de Nazar', 39);
insert into acciona values(0, 'Junta de Freguesia de Nazar', 40);
insert into acciona values(1, 'Junta de Freguesia de Nazar', 40);
insert into acciona values(2, 'Junta de Freguesia de Nazar', 40);
insert into acciona values(1, 'Junta de Freguesia de Nazar', 41);
insert into acciona values(2, 'Junta de Freguesia de Nazar', 41);
insert into acciona values(0, 'Bombeiros de Queluz', 41);
insert into acciona values(2, 'Junta de Freguesia de Nazar', 42);
insert into acciona values(0, 'Bombeiros de Queluz', 42);
insert into acciona values(1, 'Bombeiros de Queluz', 42);
insert into acciona values(0, 'Bombeiros de Queluz', 43);
insert into acciona values(1, 'Bombeiros de Queluz', 43);
insert into acciona values(2, 'Bombeiros de Queluz', 43);
insert into acciona values(1, 'Bombeiros de Queluz', 44);
insert into acciona values(2, 'Bombeiros de Queluz', 44);
insert into acciona values(3, 'Bombeiros de Queluz', 44);
insert into acciona values(2, 'Bombeiros de Queluz', 45);
insert into acciona values(3, 'Bombeiros de Queluz', 45);
insert into acciona values(4, 'Bombeiros de Queluz', 45);
insert into acciona values(3, 'Bombeiros de Queluz', 46);
insert into acciona values(4, 'Bombeiros de Queluz', 46);
insert into acciona values(0, 'Junta de Freguesia de Fafe', 46);
insert into acciona values(4, 'Bombeiros de Queluz', 47);
insert into acciona values(0, 'Junta de Freguesia de Fafe', 47);
insert into acciona values(1, 'Junta de Freguesia de Fafe', 47);
insert into acciona values(0, 'Junta de Freguesia de Fafe', 48);
insert into acciona values(1, 'Junta de Freguesia de Fafe', 48);
insert into acciona values(2, 'Junta de Freguesia de Fafe', 48);
insert into acciona values(1, 'Junta de Freguesia de Fafe', 49);
insert into acciona values(2, 'Junta de Freguesia de Fafe', 49);
insert into acciona values(3, 'Junta de Freguesia de Fafe', 49);
insert into acciona values(2, 'Junta de Freguesia de Fafe', 50);
insert into acciona values(3, 'Junta de Freguesia de Fafe', 50);
insert into acciona values(0, 'Polcia de Nazar', 50);
insert into acciona values(3, 'Junta de Freguesia de Fafe', 51);
insert into acciona values(0, 'Polcia de Nazar', 51);
insert into acciona values(1, 'Polcia de Nazar', 51);
insert into acciona values(0, 'Polcia de Nazar', 52);
insert into acciona values(1, 'Polcia de Nazar', 52);
insert into acciona values(2, 'Polcia de Nazar', 52);
insert into acciona values(1, 'Polcia de Nazar', 53);
insert into acciona values(2, 'Polcia de Nazar', 53);
insert into acciona values(0, 'Polcia de Estarreja', 53);
insert into acciona values(2, 'Polcia de Nazar', 54);
insert into acciona values(0, 'Polcia de Estarreja', 54);
insert into acciona values(1, 'Polcia de Estarreja', 54);
insert into acciona values(0, 'Polcia de Estarreja', 55);
insert into acciona values(1, 'Polcia de Estarreja', 55);
insert into acciona values(2, 'Polcia de Estarreja', 55);
insert into acciona values(1, 'Polcia de Estarreja', 56);
insert into acciona values(2, 'Polcia de Estarreja', 56);
insert into acciona values(0, 'Bombeiros de Gouveia', 56);
insert into acciona values(2, 'Polcia de Estarreja', 57);
insert into acciona values(0, 'Bombeiros de Gouveia', 57);
insert into acciona values(1, 'Bombeiros de Gouveia', 57);
insert into acciona values(0, 'Bombeiros de Gouveia', 58);
insert into acciona values(1, 'Bombeiros de Gouveia', 58);
insert into acciona values(2, 'Bombeiros de Gouveia', 58);
insert into acciona values(1, 'Bombeiros de Gouveia', 59);
insert into acciona values(2, 'Bombeiros de Gouveia', 59);
insert into acciona values(3, 'Bombeiros de Gouveia', 59);
insert into acciona values(2, 'Bombeiros de Gouveia', 60);
insert into acciona values(3, 'Bombeiros de Gouveia', 60);
insert into acciona values(4, 'Bombeiros de Gouveia', 60);
insert into acciona values(3, 'Bombeiros de Gouveia', 61);
insert into acciona values(4, 'Bombeiros de Gouveia', 61);
insert into acciona values(0, 'Polcia de Funchal', 61);
insert into acciona values(4, 'Bombeiros de Gouveia', 62);
insert into acciona values(0, 'Polcia de Funchal', 62);
insert into acciona values(1, 'Polcia de Funchal', 62);
insert into acciona values(0, 'Polcia de Funchal', 63);
insert into acciona values(1, 'Polcia de Funchal', 63);
insert into acciona values(2, 'Polcia de Funchal', 63);
insert into acciona values(1, 'Polcia de Funchal', 64);
insert into acciona values(2, 'Polcia de Funchal', 64);
insert into acciona values(3, 'Polcia de Funchal', 64);
insert into acciona values(2, 'Polcia de Funchal', 65);
insert into acciona values(3, 'Polcia de Funchal', 65);
insert into acciona values(0, 'Bombeiros de Lixa', 65);
insert into acciona values(3, 'Polcia de Funchal', 66);
insert into acciona values(0, 'Bombeiros de Lixa', 66);
insert into acciona values(1, 'Bombeiros de Lixa', 66);
insert into acciona values(0, 'Bombeiros de Lixa', 67);
insert into acciona values(1, 'Bombeiros de Lixa', 67);
insert into acciona values(2, 'Bombeiros de Lixa', 67);
insert into acciona values(1, 'Bombeiros de Lixa', 68);
insert into acciona values(2, 'Bombeiros de Lixa', 68);
insert into acciona values(3, 'Bombeiros de Lixa', 68);
insert into acciona values(2, 'Bombeiros de Lixa', 69);
insert into acciona values(3, 'Bombeiros de Lixa', 69);
insert into acciona values(4, 'Bombeiros de Lixa', 69);
insert into acciona values(3, 'Bombeiros de Lixa', 70);
insert into acciona values(4, 'Bombeiros de Lixa', 70);
insert into acciona values(0, 'Polcia de Faro', 70);
insert into acciona values(4, 'Bombeiros de Lixa', 71);
insert into acciona values(0, 'Polcia de Faro', 71);
insert into acciona values(1, 'Polcia de Faro', 71);
insert into acciona values(0, 'Polcia de Faro', 72);
insert into acciona values(1, 'Polcia de Faro', 72);
insert into acciona values(2, 'Polcia de Faro', 72);
insert into acciona values(1, 'Polcia de Faro', 73);
insert into acciona values(2, 'Polcia de Faro', 73);
insert into acciona values(0, 'Bombeiros de Portalegre', 73);
insert into acciona values(2, 'Polcia de Faro', 74);
insert into acciona values(0, 'Bombeiros de Portalegre', 74);
insert into acciona values(1, 'Bombeiros de Portalegre', 74);
insert into acciona values(0, 'Bombeiros de Portalegre', 75);
insert into acciona values(1, 'Bombeiros de Portalegre', 75);
insert into acciona values(2, 'Bombeiros de Portalegre', 75);
insert into acciona values(1, 'Bombeiros de Portalegre', 76);
insert into acciona values(2, 'Bombeiros de Portalegre', 76);
insert into acciona values(0, 'Polcia de Barreiro', 76);
insert into acciona values(2, 'Bombeiros de Portalegre', 77);
insert into acciona values(0, 'Polcia de Barreiro', 77);
insert into acciona values(1, 'Polcia de Barreiro', 77);
insert into acciona values(0, 'Polcia de Barreiro', 78);
insert into acciona values(1, 'Polcia de Barreiro', 78);
insert into acciona values(2, 'Polcia de Barreiro', 78);
insert into acciona values(1, 'Polcia de Barreiro', 79);
insert into acciona values(2, 'Polcia de Barreiro', 79);
insert into acciona values(3, 'Polcia de Barreiro', 79);
insert into acciona values(2, 'Polcia de Barreiro', 80);
insert into acciona values(3, 'Polcia de Barreiro', 80);
insert into acciona values(4, 'Polcia de Barreiro', 80);
insert into acciona values(3, 'Polcia de Barreiro', 81);
insert into acciona values(4, 'Polcia de Barreiro', 81);
insert into acciona values(0, 'Bombeiros de Tavira', 81);
insert into acciona values(4, 'Polcia de Barreiro', 82);
insert into acciona values(0, 'Bombeiros de Tavira', 82);
insert into acciona values(1, 'Bombeiros de Tavira', 82);
insert into acciona values(0, 'Bombeiros de Tavira', 83);
insert into acciona values(1, 'Bombeiros de Tavira', 83);
insert into acciona values(2, 'Bombeiros de Tavira', 83);
insert into acciona values(1, 'Bombeiros de Tavira', 84);
insert into acciona values(2, 'Bombeiros de Tavira', 84);
insert into acciona values(0, 'Junta de Freguesia de Marco de Canavezes', 84);
insert into acciona values(2, 'Bombeiros de Tavira', 85);
insert into acciona values(0, 'Junta de Freguesia de Marco de Canavezes', 85);
insert into acciona values(1, 'Junta de Freguesia de Marco de Canavezes', 85);
insert into acciona values(0, 'Junta de Freguesia de Marco de Canavezes', 86);
insert into acciona values(1, 'Junta de Freguesia de Marco de Canavezes', 86);
insert into acciona values(2, 'Junta de Freguesia de Marco de Canavezes', 86);
insert into acciona values(1, 'Junta de Freguesia de Marco de Canavezes', 87);
insert into acciona values(2, 'Junta de Freguesia de Marco de Canavezes', 87);
insert into acciona values(3, 'Junta de Freguesia de Marco de Canavezes', 87);
insert into acciona values(2, 'Junta de Freguesia de Marco de Canavezes', 88);
insert into acciona values(3, 'Junta de Freguesia de Marco de Canavezes', 88);
insert into acciona values(4, 'Junta de Freguesia de Marco de Canavezes', 88);
insert into acciona values(3, 'Junta de Freguesia de Marco de Canavezes', 89);
insert into acciona values(4, 'Junta de Freguesia de Marco de Canavezes', 89);
insert into acciona values(0, 'Bombeiros de Mes', 89);
insert into acciona values(4, 'Junta de Freguesia de Marco de Canavezes', 90);
insert into acciona values(0, 'Bombeiros de Mes', 90);
insert into acciona values(1, 'Bombeiros de Mes', 90);
insert into acciona values(0, 'Bombeiros de Mes', 91);
insert into acciona values(1, 'Bombeiros de Mes', 91);
insert into acciona values(2, 'Bombeiros de Mes', 91);
insert into acciona values(1, 'Bombeiros de Mes', 92);
insert into acciona values(2, 'Bombeiros de Mes', 92);
insert into acciona values(3, 'Bombeiros de Mes', 92);
insert into acciona values(2, 'Bombeiros de Mes', 93);
insert into acciona values(3, 'Bombeiros de Mes', 93);
insert into acciona values(0, 'Bombeiros de Coina', 93);
insert into acciona values(3, 'Bombeiros de Mes', 94);
insert into acciona values(0, 'Bombeiros de Coina', 94);
insert into acciona values(1, 'Bombeiros de Coina', 94);
insert into acciona values(0, 'Bombeiros de Coina', 95);
insert into acciona values(1, 'Bombeiros de Coina', 95);
insert into acciona values(2, 'Bombeiros de Coina', 95);
insert into acciona values(1, 'Bombeiros de Coina', 96);
insert into acciona values(2, 'Bombeiros de Coina', 96);
insert into acciona values(3, 'Bombeiros de Coina', 96);
insert into acciona values(2, 'Bombeiros de Coina', 97);
insert into acciona values(3, 'Bombeiros de Coina', 97);
insert into acciona values(0, 'Junta de Freguesia de Valongo', 97);
insert into acciona values(3, 'Bombeiros de Coina', 98);
insert into acciona values(0, 'Junta de Freguesia de Valongo', 98);
insert into acciona values(1, 'Junta de Freguesia de Valongo', 98);
insert into acciona values(0, 'Junta de Freguesia de Valongo', 99);
insert into acciona values(1, 'Junta de Freguesia de Valongo', 99);
insert into acciona values(2, 'Junta de Freguesia de Valongo', 99);
insert into acciona values(1, 'Junta de Freguesia de Valongo', 100);
insert into acciona values(2, 'Junta de Freguesia de Valongo', 100);
insert into acciona values(3, 'Junta de Freguesia de Valongo', 100);
insert into acciona values(2, 'Junta de Freguesia de Valongo', 101);
insert into acciona values(3, 'Junta de Freguesia de Valongo', 101);
insert into acciona values(4, 'Junta de Freguesia de Valongo', 101);



insert into coordenador values(0);
insert into coordenador values(1);
insert into coordenador values(2);
insert into coordenador values(3);
insert into coordenador values(4);
insert into coordenador values(5);
insert into coordenador values(6);
insert into coordenador values(7);
insert into coordenador values(8);
insert into coordenador values(9);
insert into coordenador values(10);
insert into coordenador values(11);
insert into coordenador values(12);
insert into coordenador values(13);
insert into coordenador values(14);
insert into coordenador values(15);
insert into coordenador values(16);
insert into coordenador values(17);
insert into coordenador values(18);
insert into coordenador values(19);
insert into coordenador values(20);
insert into coordenador values(21);
insert into coordenador values(22);
insert into coordenador values(23);
insert into coordenador values(24);
insert into coordenador values(25);
insert into coordenador values(26);
insert into coordenador values(27);
insert into coordenador values(28);
insert into coordenador values(29);
insert into coordenador values(30);
insert into coordenador values(31);
insert into coordenador values(32);
insert into coordenador values(33);
insert into coordenador values(34);
insert into coordenador values(35);
insert into coordenador values(36);
insert into coordenador values(37);
insert into coordenador values(38);
insert into coordenador values(39);
insert into coordenador values(40);
insert into coordenador values(41);
insert into coordenador values(42);
insert into coordenador values(43);
insert into coordenador values(44);
insert into coordenador values(45);
insert into coordenador values(46);
insert into coordenador values(47);
insert into coordenador values(48);
insert into coordenador values(49);
insert into coordenador values(50);
insert into coordenador values(51);
insert into coordenador values(52);
insert into coordenador values(53);
insert into coordenador values(54);
insert into coordenador values(55);
insert into coordenador values(56);
insert into coordenador values(57);
insert into coordenador values(58);
insert into coordenador values(59);
insert into coordenador values(60);
insert into coordenador values(61);
insert into coordenador values(62);
insert into coordenador values(63);
insert into coordenador values(64);
insert into coordenador values(65);
insert into coordenador values(66);
insert into coordenador values(67);
insert into coordenador values(68);
insert into coordenador values(69);
insert into coordenador values(70);
insert into coordenador values(71);
insert into coordenador values(72);
insert into coordenador values(73);
insert into coordenador values(74);
insert into coordenador values(75);
insert into coordenador values(76);
insert into coordenador values(77);
insert into coordenador values(78);
insert into coordenador values(79);
insert into coordenador values(80);
insert into coordenador values(81);
insert into coordenador values(82);
insert into coordenador values(83);
insert into coordenador values(84);
insert into coordenador values(85);
insert into coordenador values(86);
insert into coordenador values(87);
insert into coordenador values(88);
insert into coordenador values(89);
insert into coordenador values(90);
insert into coordenador values(91);
insert into coordenador values(92);
insert into coordenador values(93);
insert into coordenador values(94);
insert into coordenador values(95);
insert into coordenador values(96);
insert into coordenador values(97);
insert into coordenador values(98);
insert into coordenador values(99);
insert into coordenador values(100);
insert into coordenador values(101);



insert into audita values(0, 3, 'Bombeiros de Moura', 3, '2017-10-16 06:00:41', '2017-10-16 06:09:15', '2017-10-16 06:00:41', 'Auditado.');
insert into audita values(1, 0, 'Bombeiros de Moura', 0, '2017-10-26 06:49:16', '2017-10-26 07:01:29', '2017-10-26 06:49:16', 'Auditado.');
insert into audita values(2, 2, 'Polcia de Barreiro', 78, '2017-09-16 15:24:15', '2017-09-16 15:26:41', '2017-09-16 15:24:15', 'Auditado.');
insert into audita values(3, 0, 'Bombeiros de Lixa', 65, '2018-09-16 03:37:07', '2018-09-16 03:44:43', '2018-09-16 03:37:07', 'Auditado.');
insert into audita values(4, 0, 'Junta de Freguesia de Alcochete', 23, '2016-05-29 14:51:36', '2016-05-29 14:59:38', '2016-05-29 14:51:36', 'Auditado.');
insert into audita values(5, 0, 'Polcia de Pinhel', 27, '2017-05-13 17:47:50', '2017-05-13 18:05:46', '2017-05-13 17:47:50', 'Auditado.');
insert into audita values(6, 3, 'Polcia de Barreiro', 80, '2016-01-29 18:40:09', '2016-01-29 18:46:30', '2016-01-29 18:40:09', 'Auditado.');
insert into audita values(7, 1, 'Polcia de Funchal', 62, '2017-09-20 13:36:18', '2017-09-20 13:41:38', '2017-09-20 13:36:18', 'Auditado.');
insert into audita values(8, 2, 'Bombeiros de Abrantes', 33, '2017-06-04 15:13:09', '2017-06-04 15:21:12', '2017-06-04 15:13:09', 'Auditado.');
insert into audita values(9, 1, 'Bombeiros de gueda', 38, '2016-07-28 07:34:55', '2016-07-28 07:41:44', '2016-07-28 07:34:55', 'Auditado.');
insert into audita values(10, 3, 'Junta de Freguesia de Alcochete', 27, '2018-08-22 00:31:41', '2018-08-22 00:40:08', '2018-08-22 00:31:41', 'Auditado.');
insert into audita values(11, 1, 'Polcia de Viana do Castelo', 17, '2017-02-16 07:32:26', '2017-02-16 07:45:58', '2017-02-16 07:32:26', 'Auditado.');
insert into audita values(12, 2, 'Bombeiros de gueda', 39, '2016-10-04 05:08:22', '2016-10-04 05:18:45', '2016-10-04 05:08:22', 'Auditado.');
insert into audita values(13, 2, 'Polcia de Viana do Castelo', 17, '2017-10-28 07:22:45', '2017-10-28 07:31:05', '2017-10-28 07:22:45', 'Auditado.');
insert into audita values(14, 0, 'Polcia de Barreiro', 76, '2017-09-09 10:00:28', '2017-09-09 10:12:51', '2017-09-09 10:00:28', 'Auditado.');
insert into audita values(15, 1, 'Polcia de Funchal', 63, '2018-06-02 10:29:37', '2018-06-02 10:37:47', '2018-06-02 10:29:37', 'Auditado.');
insert into audita values(16, 0, 'Bombeiros de Portalegre', 75, '2017-06-08 09:28:21', '2017-06-08 09:38:34', '2017-06-08 09:28:21', 'Auditado.');
insert into audita values(17, 4, 'Polcia de Barreiro', 80, '2017-06-09 20:43:56', '2017-06-09 20:49:55', '2017-06-09 20:43:56', 'Auditado.');
insert into audita values(18, 1, 'Junta de Freguesia de Santo Tirso', 13, '2017-03-27 10:32:24', '2017-03-27 10:45:29', '2017-03-27 10:32:24', 'Auditado.');
insert into audita values(19, 2, 'Bombeiros de Queluz', 45, '2017-02-21 15:52:46', '2017-02-21 16:04:42', '2017-02-21 15:52:46', 'Auditado.');
insert into audita values(20, 2, 'Junta de Freguesia de Fafe', 49, '2018-03-12 13:30:35', '2018-03-12 13:34:01', '2018-03-12 13:30:35', 'Auditado.');
insert into audita values(21, 4, 'Bombeiros de Vila das Aves', 10, '2018-09-10 16:59:22', '2018-09-10 17:09:07', '2018-09-10 16:59:22', 'Auditado.');
insert into audita values(22, 1, 'Junta de Freguesia de Valongo', 98, '2018-04-21 07:44:09', '2018-04-21 07:55:49', '2018-04-21 07:44:09', 'Auditado.');
insert into audita values(23, 4, 'Bombeiros de Gouveia', 60, '2018-05-02 21:13:15', '2018-05-02 21:26:50', '2018-05-02 21:13:15', 'Auditado.');
insert into audita values(24, 1, 'Junta de Freguesia de Marco de Canavezes', 86, '2018-01-13 00:40:21', '2018-01-13 00:52:29', '2018-01-13 00:40:21', 'Auditado.');
insert into audita values(25, 0, 'Junta de Freguesia de Marco de Canavezes', 85, '2017-09-29 17:23:24', '2017-09-29 17:30:34', '2017-09-29 17:23:24', 'Auditado.');
insert into audita values(26, 2, 'Junta de Freguesia de Santo Tirso', 14, '2017-09-28 18:32:52', '2017-09-28 18:52:13', '2017-09-28 18:32:52', 'Auditado.');
insert into audita values(27, 0, 'Bombeiros de Gouveia', 56, '2016-12-19 10:36:33', '2016-12-19 10:41:51', '2016-12-19 10:36:33', 'Auditado.');
insert into audita values(28, 3, 'Junta de Freguesia de Alcochete', 25, '2016-06-17 17:39:17', '2016-06-17 17:48:52', '2016-06-17 17:39:17', 'Auditado.');
insert into audita values(29, 1, 'Bombeiros de Gouveia', 57, '2017-07-19 02:26:35', '2017-07-19 02:41:08', '2017-07-19 02:26:35', 'Auditado.');
insert into audita values(30, 3, 'Junta de Freguesia de Santo Tirso', 14, '2017-10-17 16:26:02', '2017-10-17 16:45:18', '2017-10-17 16:26:02', 'Auditado.');
insert into audita values(31, 2, 'Bombeiros de Moura', 2, '2017-04-25 21:17:03', '2017-04-25 21:34:07', '2017-04-25 21:17:03', 'Auditado.');
insert into audita values(32, 2, 'Polcia de Funchal', 63, '2017-12-07 11:53:07', '2017-12-07 11:57:09', '2017-12-07 11:53:07', 'Auditado.');
insert into audita values(33, 0, 'Junta de Freguesia de Fafe', 47, '2016-12-07 05:07:39', '2016-12-07 05:17:08', '2016-12-07 05:07:39', 'Auditado.');
insert into audita values(34, 2, 'Junta de Freguesia de Alcochete', 24, '2017-08-24 02:30:32', '2017-08-24 02:44:07', '2017-08-24 02:30:32', 'Auditado.');
insert into audita values(35, 3, 'Polcia de Barreiro', 79, '2017-06-21 01:40:43', '2017-06-21 01:53:02', '2017-06-21 01:40:43', 'Auditado.');
insert into audita values(36, 1, 'Bombeiros de Vila das Aves', 8, '2016-11-13 01:51:21', '2016-11-13 02:06:51', '2016-11-13 01:51:21', 'Auditado.');
insert into audita values(37, 0, 'Junta de Freguesia de Fafe', 48, '2016-02-03 19:02:46', '2016-02-03 19:07:26', '2016-02-03 19:02:46', 'Auditado.');
insert into audita values(38, 1, 'Junta de Freguesia de Santo Tirso', 12, '2018-06-02 00:33:34', '2018-06-02 00:39:36', '2018-06-02 00:33:34', 'Auditado.');
insert into audita values(39, 1, 'Bombeiros de Coina', 95, '2016-07-01 11:36:46', '2016-07-01 11:49:50', '2016-07-01 11:36:46', 'Auditado.');
insert into audita values(40, 2, 'Junta de Freguesia de Fafe', 48, '2017-02-19 11:34:44', '2017-02-19 11:44:19', '2017-02-19 11:34:44', 'Auditado.');
insert into audita values(41, 0, 'Polcia de Estarreja', 53, '2016-04-25 01:48:18', '2016-04-25 01:51:18', '2016-04-25 01:48:18', 'Auditado.');
insert into audita values(42, 4, 'Polcia de Barreiro', 81, '2018-08-22 13:58:38', '2018-08-22 14:09:45', '2018-08-22 13:58:38', 'Auditado.');
insert into audita values(43, 0, 'Polcia de Barreiro', 76, '2017-04-26 03:40:44', '2017-04-26 03:49:33', '2017-04-26 03:40:44', 'Auditado.');
insert into audita values(44, 2, 'Bombeiros de Moura', 2, '2018-06-04 18:06:33', '2018-06-04 18:20:35', '2018-06-04 18:06:33', 'Auditado.');
insert into audita values(45, 4, 'Polcia de Barreiro', 82, '2016-02-15 07:28:51', '2016-02-15 07:42:35', '2016-02-15 07:28:51', 'Auditado.');
insert into audita values(46, 0, 'Polcia de Felgueiras', 19, '2017-01-28 10:29:37', '2017-01-28 10:39:13', '2017-01-28 10:29:37', 'Auditado.');
insert into audita values(47, 3, 'Bombeiros de Gouveia', 59, '2016-12-29 00:58:17', '2016-12-29 01:05:58', '2016-12-29 00:58:17', 'Auditado.');
insert into audita values(48, 1, 'Polcia de Faro', 73, '2017-07-03 18:55:00', '2017-07-03 19:11:41', '2017-07-03 18:55:00', 'Auditado.');
insert into audita values(49, 2, 'Bombeiros de Portalegre', 75, '2018-10-31 04:00:54', '2018-10-31 04:19:33', '2018-10-31 04:00:54', 'Auditado.');
insert into audita values(50, 2, 'Bombeiros de Portalegre', 77, '2018-04-10 21:56:48', '2018-04-10 22:10:52', '2018-04-10 21:56:48', 'Auditado.');
insert into audita values(51, 4, 'Polcia de Barreiro', 82, '2017-02-02 20:22:38', '2017-02-02 20:40:07', '2017-02-02 20:22:38', 'Auditado.');
insert into audita values(52, 4, 'Junta de Freguesia de Marco de Canavezes', 88, '2017-03-24 20:26:49', '2017-03-24 20:39:12', '2017-03-24 20:26:49', 'Auditado.');
insert into audita values(53, 0, 'Bombeiros de Mes', 91, '2016-08-05 02:57:01', '2016-08-05 03:13:30', '2016-08-05 02:57:01', 'Auditado.');
insert into audita values(54, 1, 'Polcia de Faro', 73, '2016-11-19 03:20:27', '2016-11-19 03:35:08', '2016-11-19 03:20:27', 'Auditado.');
insert into audita values(55, 2, 'Polcia de Pinhel', 30, '2018-05-05 23:01:22', '2018-05-05 23:03:51', '2018-05-05 23:01:22', 'Auditado.');
insert into audita values(56, 4, 'Junta de Freguesia de Valongo', 101, '2016-03-07 01:13:22', '2016-03-07 01:26:12', '2016-03-07 01:13:22', 'Auditado.');
insert into audita values(57, 2, 'Junta de Freguesia de Alcochete', 26, '2017-03-10 07:08:43', '2017-03-10 07:11:55', '2017-03-10 07:08:43', 'Auditado.');
insert into audita values(58, 3, 'Bombeiros de Coina', 96, '2017-02-03 23:47:46', '2017-02-04 00:01:29', '2017-02-03 23:47:46', 'Auditado.');
insert into audita values(59, 0, 'Bombeiros de Abrantes', 32, '2016-06-21 07:45:47', '2016-06-21 08:02:57', '2016-06-21 07:45:47', 'Auditado.');
insert into audita values(60, 2, 'Junta de Freguesia de Fafe', 48, '2017-02-20 13:52:55', '2017-02-20 14:03:26', '2017-02-20 13:52:55', 'Auditado.');
insert into audita values(61, 1, 'Polcia de Funchal', 63, '2017-12-24 03:20:59', '2017-12-24 03:40:07', '2017-12-24 03:20:59', 'Auditado.');
insert into audita values(62, 2, 'Polcia de Estarreja', 57, '2017-01-13 19:41:56', '2017-01-13 19:54:20', '2017-01-13 19:41:56', 'Auditado.');
insert into audita values(63, 0, 'Polcia de Nazar', 50, '2017-02-23 05:01:54', '2017-02-23 05:04:11', '2017-02-23 05:01:54', 'Auditado.');
insert into audita values(64, 1, 'Junta de Freguesia de Alcochete', 23, '2016-01-18 07:42:28', '2016-01-18 08:01:37', '2016-01-18 07:42:28', 'Auditado.');
insert into audita values(65, 4, 'Polcia de Barreiro', 81, '2018-02-26 08:23:52', '2018-02-26 08:38:27', '2018-02-26 08:23:52', 'Auditado.');
insert into audita values(66, 1, 'Bombeiros de Mes', 91, '2016-02-12 10:42:19', '2016-02-12 10:45:39', '2016-02-12 10:42:19', 'Auditado.');
insert into audita values(67, 1, 'Bombeiros de Marco de Canavezes', 4, '2017-12-10 01:05:10', '2017-12-10 01:10:58', '2017-12-10 01:05:10', 'Auditado.');
insert into audita values(68, 3, 'Bombeiros de Abrantes', 33, '2017-02-28 05:07:46', '2017-02-28 05:23:50', '2017-02-28 05:07:46', 'Auditado.');
insert into audita values(69, 4, 'Bombeiros de Queluz', 46, '2017-12-07 15:43:59', '2017-12-07 15:51:42', '2017-12-07 15:43:59', 'Auditado.');
insert into audita values(70, 2, 'Junta de Freguesia de Alcochete', 25, '2017-04-05 22:50:17', '2017-04-05 22:56:22', '2017-04-05 22:50:17', 'Auditado.');
insert into audita values(71, 1, 'Bombeiros de Gouveia', 57, '2016-09-23 04:07:10', '2016-09-23 04:13:08', '2016-09-23 04:07:10', 'Auditado.');
insert into audita values(72, 2, 'Bombeiros de Gouveia', 59, '2017-09-17 08:01:03', '2017-09-17 08:11:13', '2017-09-17 08:01:03', 'Auditado.');
insert into audita values(73, 3, 'Junta de Freguesia de Alcochete', 25, '2017-08-16 05:10:31', '2017-08-16 05:20:57', '2017-08-16 05:10:31', 'Auditado.');
insert into audita values(74, 2, 'Polcia de Felgueiras', 21, '2016-10-15 11:44:31', '2016-10-15 12:00:18', '2016-10-15 11:44:31', 'Auditado.');
insert into audita values(75, 0, 'Bombeiros de Abrantes', 32, '2017-06-27 17:51:55', '2017-06-27 18:06:11', '2017-06-27 17:51:55', 'Auditado.');
insert into audita values(76, 0, 'Bombeiros de Vila das Aves', 6, '2018-01-01 09:15:58', '2018-01-01 09:26:56', '2018-01-01 09:15:58', 'Auditado.');
insert into audita values(77, 2, 'Bombeiros de gueda', 39, '2017-06-16 15:05:44', '2017-06-16 15:10:35', '2017-06-16 15:05:44', 'Auditado.');
insert into audita values(78, 0, 'Junta de Freguesia de Fafe', 46, '2018-10-26 05:40:58', '2018-10-26 05:55:15', '2018-10-26 05:40:58', 'Auditado.');
insert into audita values(79, 3, 'Bombeiros de Lixa', 68, '2018-09-26 08:29:21', '2018-09-26 08:43:32', '2018-09-26 08:29:21', 'Auditado.');
insert into audita values(80, 0, 'Bombeiros de Moura', 0, '2017-09-13 19:15:37', '2017-09-13 19:34:40', '2017-09-13 19:15:37', 'Auditado.');
insert into audita values(81, 1, 'Bombeiros de Mes', 92, '2016-06-06 13:45:26', '2016-06-06 13:48:28', '2016-06-06 13:45:26', 'Auditado.');
insert into audita values(82, 1, 'Bombeiros de Moura', 1, '2018-10-20 04:46:39', '2018-10-20 04:57:44', '2018-10-20 04:46:39', 'Auditado.');
insert into audita values(83, 1, 'Junta de Freguesia de Nazar', 41, '2017-03-06 08:48:18', '2017-03-06 09:06:09', '2017-03-06 08:48:18', 'Auditado.');
insert into audita values(84, 2, 'Polcia de Estarreja', 56, '2018-06-18 01:56:19', '2018-06-18 02:09:36', '2018-06-18 01:56:19', 'Auditado.');
insert into audita values(85, 1, 'Bombeiros de Marco de Canavezes', 6, '2016-06-15 16:29:59', '2016-06-15 16:41:45', '2016-06-15 16:29:59', 'Auditado.');
insert into audita values(86, 2, 'Polcia de Barreiro', 79, '2016-02-08 01:34:07', '2016-02-08 01:42:14', '2016-02-08 01:34:07', 'Auditado.');
insert into audita values(87, 0, 'Junta de Freguesia de Nazar', 40, '2017-01-25 07:44:49', '2017-01-25 07:48:21', '2017-01-25 07:44:49', 'Auditado.');
insert into audita values(88, 0, 'Bombeiros de gueda', 36, '2017-08-11 07:03:06', '2017-08-11 07:22:44', '2017-08-11 07:03:06', 'Auditado.');
insert into audita values(89, 0, 'Bombeiros de Queluz', 43, '2017-09-07 18:20:37', '2017-09-07 18:23:13', '2017-09-07 18:20:37', 'Auditado.');
insert into audita values(90, 3, 'Bombeiros de Mes', 94, '2018-09-01 15:18:58', '2018-09-01 15:37:27', '2018-09-01 15:18:58', 'Auditado.');
insert into audita values(91, 3, 'Junta de Freguesia de Marco de Canavezes', 87, '2017-12-07 02:14:34', '2017-12-07 02:32:03', '2017-12-07 02:14:34', 'Auditado.');
insert into audita values(92, 0, 'Bombeiros de Vila das Aves', 6, '2017-10-17 00:50:25', '2017-10-17 01:04:13', '2017-10-17 00:50:25', 'Auditado.');
insert into audita values(93, 1, 'Junta de Freguesia de Santo Tirso', 14, '2018-12-13 01:17:22', '2018-12-13 01:35:31', '2018-12-13 01:17:22', 'Auditado.');
insert into audita values(94, 2, 'Bombeiros de Coina', 96, '2017-01-27 02:53:35', '2017-01-27 03:11:00', '2017-01-27 02:53:35', 'Auditado.');
insert into audita values(95, 0, 'Polcia de Felgueiras', 20, '2016-07-16 04:45:03', '2016-07-16 04:56:08', '2016-07-16 04:45:03', 'Auditado.');
insert into audita values(96, 3, 'Junta de Freguesia de Alcochete', 26, '2018-12-18 22:13:39', '2018-12-18 22:23:32', '2018-12-18 22:13:39', 'Auditado.');
insert into audita values(97, 3, 'Polcia de Barreiro', 79, '2018-10-13 09:08:33', '2018-10-13 09:26:27', '2018-10-13 09:08:33', 'Auditado.');
insert into audita values(98, 3, 'Bombeiros de Lixa', 69, '2018-02-06 04:21:02', '2018-02-06 04:33:07', '2018-02-06 04:21:02', 'Auditado.');
insert into audita values(99, 1, 'Bombeiros de Marco de Canavezes', 4, '2018-05-24 02:58:20', '2018-05-24 03:12:51', '2018-05-24 02:58:20', 'Auditado.');
insert into audita values(100, 3, 'Bombeiros de Lixa', 70, '2017-09-20 20:50:59', '2017-09-20 21:09:04', '2017-09-20 20:50:59', 'Auditado.');
insert into audita values(101, 3, 'Bombeiros de Moura', 2, '2017-05-10 23:10:08', '2017-05-10 23:18:12', '2017-05-10 23:10:08', 'Auditado.');



insert into solicita values(0, 1512997474, 15, '2018-08-28 19:36:05', '2018-08-28 19:36:05');
insert into solicita values(1, 1531338101, 45, '2018-12-27 09:11:37', '2018-12-27 09:11:37');
insert into solicita values(2, 1501770844, 15, '2016-10-04 22:38:20', '2016-10-04 22:38:20');
insert into solicita values(3, 1480980388, 26, '2017-07-27 06:15:58', '2017-07-27 06:15:58');
insert into solicita values(4, 1517769307, 42, '2017-11-03 03:37:50', '2017-11-03 03:37:50');
insert into solicita values(5, 1491806136, 93, '2017-01-16 07:00:09', '2017-01-16 07:00:09');
insert into solicita values(6, 1489776573, 99, '2018-09-25 23:27:37', '2018-09-25 23:27:37');
insert into solicita values(7, 1465137227, 3, '2016-01-24 00:12:59', '2016-01-24 00:12:59');
insert into solicita values(8, 1521460512, 60, '2017-11-30 00:22:36', '2017-11-30 00:22:36');
insert into solicita values(9, 1456958341, 20, '2018-08-04 17:37:43', '2018-08-04 17:37:43');
insert into solicita values(10, 1514184167, 48, '2017-01-15 07:41:03', '2017-01-15 07:41:03');
insert into solicita values(11, 1518936792, 1, '2017-03-17 07:24:55', '2017-03-17 07:24:55');
insert into solicita values(12, 1529197795, 12, '2017-01-25 19:09:44', '2017-01-25 19:09:44');
insert into solicita values(13, 1530785726, 40, '2017-01-30 16:01:48', '2017-01-30 16:01:48');
insert into solicita values(14, 1503058156, 81, '2016-10-14 05:42:14', '2016-10-14 05:42:14');
insert into solicita values(15, 1513816435, 70, '2017-04-03 21:24:20', '2017-04-03 21:24:20');
insert into solicita values(16, 1463925716, 94, '2017-10-23 00:00:35', '2017-10-23 00:00:35');
insert into solicita values(17, 1456172002, 77, '2018-09-03 22:45:17', '2018-09-03 22:45:17');
insert into solicita values(18, 1483383156, 98, '2018-02-06 21:32:42', '2018-02-06 21:32:42');
insert into solicita values(19, 1481823256, 18, '2016-01-30 10:01:36', '2016-01-30 10:01:36');
insert into solicita values(20, 1537761138, 67, '2016-02-26 12:11:20', '2016-02-26 12:11:20');
insert into solicita values(21, 1483908141, 46, '2017-12-08 04:56:26', '2017-12-08 04:56:26');
insert into solicita values(22, 1495315379, 32, '2016-06-28 07:32:15', '2016-06-28 07:32:15');
insert into solicita values(23, 1498163011, 25, '2017-04-11 18:14:00', '2017-04-11 18:14:00');
insert into solicita values(24, 1544418679, 69, '2017-11-29 12:03:37', '2017-11-29 12:03:37');
insert into solicita values(25, 1527394311, 3, '2016-10-19 18:57:28', '2016-10-19 18:57:28');
insert into solicita values(26, 1538510311, 95, '2018-04-04 05:08:05', '2018-04-04 05:08:05');
insert into solicita values(27, 1467494666, 15, '2016-11-10 06:14:13', '2016-11-10 06:14:13');
insert into solicita values(28, 1453139414, 2, '2017-10-20 02:06:24', '2017-10-20 02:06:24');
insert into solicita values(29, 1462742593, 49, '2018-09-14 12:23:08', '2018-09-14 12:23:08');
insert into solicita values(30, 1527510114, 37, '2018-05-04 19:14:15', '2018-05-04 19:14:15');
insert into solicita values(31, 1507160761, 20, '2017-07-23 09:40:33', '2017-07-23 09:40:33');
insert into solicita values(32, 1513816435, 70, '2016-06-21 20:36:42', '2016-06-21 20:36:42');
insert into solicita values(33, 1512787426, 46, '2017-05-31 18:14:18', '2017-05-31 18:14:18');
insert into solicita values(34, 1522218445, 70, '2017-01-16 16:48:48', '2017-01-16 16:48:48');
insert into solicita values(35, 1508934794, 34, '2017-05-16 07:39:42', '2017-05-16 07:39:42');
insert into solicita values(36, 1469214335, 53, '2018-09-03 09:49:05', '2018-09-03 09:49:05');
insert into solicita values(37, 1470443306, 48, '2016-06-20 10:09:40', '2016-06-20 10:09:40');
insert into solicita values(38, 1483908141, 46, '2018-12-26 23:03:28', '2018-12-26 23:03:28');
insert into solicita values(39, 1511347554, 75, '2018-07-29 02:46:37', '2018-07-29 02:46:37');
insert into solicita values(40, 1511036442, 82, '2016-02-20 05:32:48', '2016-02-20 05:32:48');
insert into solicita values(41, 1524991158, 88, '2016-02-23 18:36:12', '2016-02-23 18:36:12');
insert into solicita values(42, 1524221876, 92, '2016-09-12 05:36:20', '2016-09-12 05:36:20');
insert into solicita values(43, 1501174850, 54, '2016-01-16 09:29:10', '2016-01-16 09:29:10');
insert into solicita values(44, 1470443306, 48, '2018-01-09 22:30:52', '2018-01-09 22:30:52');
insert into solicita values(45, 1462856165, 30, '2018-11-02 03:36:51', '2018-11-02 03:36:51');
insert into solicita values(46, 1498824524, 0, '2017-01-13 11:44:19', '2017-01-13 11:44:19');
insert into solicita values(47, 1466153559, 38, '2017-11-17 07:33:18', '2017-11-17 07:33:18');
insert into solicita values(48, 1489776573, 99, '2018-08-12 04:39:21', '2018-08-12 04:39:21');
insert into solicita values(49, 1533672913, 19, '2017-04-19 08:28:07', '2017-04-19 08:28:07');
insert into solicita values(50, 1516146932, 13, '2016-06-25 11:26:48', '2016-06-25 11:26:48');
insert into solicita values(51, 1469852428, 27, '2018-02-15 08:54:02', '2018-02-15 08:54:02');
insert into solicita values(52, 1483658281, 62, '2017-04-25 21:50:58', '2017-04-25 21:50:58');
insert into solicita values(53, 1504579270, 16, '2017-07-25 00:54:34', '2017-07-25 00:54:34');
insert into solicita values(54, 1532562550, 55, '2016-05-09 18:31:12', '2016-05-09 18:31:12');
insert into solicita values(55, 1530785726, 40, '2016-08-03 15:32:12', '2016-08-03 15:32:12');
insert into solicita values(56, 1521209005, 46, '2018-01-04 12:11:31', '2018-01-04 12:11:31');
insert into solicita values(57, 1509806960, 1, '2018-06-04 01:20:55', '2018-06-04 01:20:55');
insert into solicita values(58, 1462856165, 30, '2018-11-24 23:46:10', '2018-11-24 23:46:10');
insert into solicita values(59, 1486500329, 60, '2017-12-07 21:11:58', '2017-12-07 21:11:58');
insert into solicita values(60, 1470132160, 34, '2017-02-22 18:08:43', '2017-02-22 18:08:43');
insert into solicita values(61, 1473060974, 3, '2018-05-31 12:19:30', '2018-05-31 12:19:30');
insert into solicita values(62, 1502721292, 89, '2016-02-06 14:35:25', '2016-02-06 14:35:25');
insert into solicita values(63, 1462140988, 50, '2018-06-07 10:37:32', '2018-06-07 10:37:32');
insert into solicita values(64, 1532405464, 24, '2018-10-28 17:47:14', '2018-10-28 17:47:14');
insert into solicita values(65, 1507717728, 45, '2018-11-14 00:48:46', '2018-11-14 00:48:46');
insert into solicita values(66, 1531714795, 34, '2018-06-28 17:40:29', '2018-06-28 17:40:29');
insert into solicita values(67, 1511036442, 82, '2016-11-18 13:52:51', '2016-11-18 13:52:51');
insert into solicita values(68, 1472632869, 60, '2017-06-10 04:45:14', '2017-06-10 04:45:14');
insert into solicita values(69, 1525872632, 11, '2018-08-15 02:03:34', '2018-08-15 02:03:34');
insert into solicita values(70, 1476075891, 50, '2016-08-16 09:51:48', '2016-08-16 09:51:48');
insert into solicita values(71, 1516248615, 69, '2016-04-01 00:29:09', '2016-04-01 00:29:09');
insert into solicita values(72, 1485266889, 22, '2016-09-29 19:52:25', '2016-09-29 19:52:25');
insert into solicita values(73, 1491648768, 58, '2018-09-02 13:54:46', '2018-09-02 13:54:46');
insert into solicita values(74, 1513666752, 9, '2017-08-12 20:48:27', '2017-08-12 20:48:27');
insert into solicita values(75, 1518782748, 53, '2016-08-25 02:26:03', '2016-08-25 02:26:03');
insert into solicita values(76, 1523288500, 79, '2018-09-07 02:37:26', '2018-09-07 02:37:26');
insert into solicita values(77, 1539584504, 40, '2016-05-04 06:00:16', '2016-05-04 06:00:16');
insert into solicita values(78, 1456797601, 43, '2018-02-23 19:57:00', '2018-02-23 19:57:00');
insert into solicita values(79, 1507443919, 37, '2018-06-13 19:15:17', '2018-06-13 19:15:17');
insert into solicita values(80, 1509192149, 73, '2018-04-04 17:18:17', '2018-04-04 17:18:17');
insert into solicita values(81, 1507219989, 32, '2018-03-07 16:06:17', '2018-03-07 16:06:17');
insert into solicita values(82, 1544601714, 2, '2017-11-18 13:16:31', '2017-11-18 13:16:31');
insert into solicita values(83, 1517059039, 62, '2016-04-26 14:39:15', '2016-04-26 14:39:15');
insert into solicita values(84, 1453870553, 74, '2016-03-28 10:47:04', '2016-03-28 10:47:04');
insert into solicita values(85, 1467604535, 4, '2016-01-28 16:08:16', '2016-01-28 16:08:16');
insert into solicita values(86, 1504579270, 16, '2018-06-07 07:44:46', '2018-06-07 07:44:46');
insert into solicita values(87, 1483160747, 95, '2018-09-05 03:00:20', '2018-09-05 03:00:20');
insert into solicita values(88, 1491806136, 93, '2017-06-30 12:47:59', '2017-06-30 12:47:59');
insert into solicita values(89, 1482031065, 49, '2018-10-15 08:39:16', '2018-10-15 08:39:16');
insert into solicita values(90, 1466452516, 7, '2018-08-26 23:43:45', '2018-08-26 23:43:45');
insert into solicita values(91, 1544418679, 69, '2018-09-22 01:27:46', '2018-09-22 01:27:46');
insert into solicita values(92, 1537761138, 67, '2017-10-30 11:47:40', '2017-10-30 11:47:40');
insert into solicita values(93, 1531714795, 34, '2017-02-26 07:40:06', '2017-02-26 07:40:06');
insert into solicita values(94, 1543905204, 74, '2017-02-07 03:23:13', '2017-02-07 03:23:13');
insert into solicita values(95, 1482103662, 16, '2017-03-05 23:18:09', '2017-03-05 23:18:09');
insert into solicita values(96, 1535169673, 31, '2017-10-25 06:13:43', '2017-10-25 06:13:43');
insert into solicita values(97, 1533672913, 19, '2016-10-26 03:15:55', '2016-10-26 03:15:55');
insert into solicita values(98, 1456080075, 13, '2017-08-26 22:56:14', '2017-08-26 22:56:14');
insert into solicita values(99, 1516149191, 25, '2018-08-11 22:36:00', '2018-08-11 22:36:00');
insert into solicita values(100, 1456080075, 13, '2016-08-03 18:54:07', '2016-08-03 18:54:07');
insert into solicita values(101, 1503392179, 41, '2017-11-15 08:45:57', '2017-11-15 08:45:57');
