DROP TABLE IF EXISTS camara;
DROP TABLE IF EXISTS video;
DROP TABLE IF EXISTS segmentoVideo;
DROP TABLE IF EXISTS vigia;
DROP TABLE IF EXISTS eventoEmergencia;
DROP TABLE IF EXISTS processoSocorro;
DROP TABLE IF EXISTS entidadeMeio;
DROP TABLE IF EXISTS meio;
DROP TABLE IF EXISTS meioCombate;
DROP TABLE IF EXISTS meioApoio;
DROP TABLE IF EXISTS meioSocorro;
DROP TABLE IF EXISTS transporta;
DROP TABLE IF EXISTS alocado;
DROP TABLE IF EXISTS acciona;
DROP TABLE IF EXISTS coordenador;
DROP TABLE IF EXISTS audita;
DROP TABLE IF EXISTS solicita;

----------------------------------------
-- Table Creation
----------------------------------------

CREATE TABLE camara(
    numCamara INT NOT NULL UNIQUE,
    PRIMARY KEY(numCamara)
);

CREATE TABLE video(
    dataHoraInicio TIMESTAMP NOT NULL,
    dataHoraFim TIMESTAMP NOT NULL,
    numCamara INT NOT NULL,
    PRIMARY KEY(dataHoraInicio, numCamara),
    FOREIGN KEY(numCamara) REFERENCES camara(numCamara) ON DELETE CASCADE
);

CREATE TABLE segmentoVideo (
    numSegmento INT NOT NULL UNIQUE,
    duracao INT NOT NULL,
    dataHoraInicio TIMESTAMP NOT NULL,
    numCamara INT NOT NULL,
    PRIMARY KEY(numSegmento, dataHoraInicio, numCamara),
    FOREIGN KEY(dataHoraInicio, numCamara) REFERENCES video(dataHoraInicio, numCamara) ON DELETE CASCADE
);

CREATE TABLE local(
    moradaLocal VARCHAR(255),
    PRIMARY KEY(moradaLocal)
);

CREATE TABLE vigia(
    moradaLocal VARCHAR(255),
    numCamara INT NOT NULL,
    PRIMARY KEY(moradaLocal, numCamara),
    FOREIGN KEY(moradaLocal) REFERENCES local(moradaLocal) ON DELETE CASCADE,
    FOREIGN KEY(numCamara) REFERENCES camara(numCamara) ON DELETE CASCADE
);

CREATE TABLE processoSocorro(
    numProcessoSocorro INT NOT NULL,
    PRIMARY KEY(numProcessoSocorro)
);

CREATE TABLE eventoEmergencia(
    numTelefone VARCHAR(13) NOT NULL,
    instanteChamada TIMESTAMP NOT NULL,
    nomePessoa VARCHAR(255),
    moradaLocal VARCHAR(255),
    numProcessoSocorro INT NOT NULL,
    PRIMARY KEY(numTelefone, instanteChamada),
    FOREIGN KEY(moradaLocal) REFERENCES local(moradaLocal) ON DELETE CASCADE,
    FOREIGN KEY(numProcessoSocorro) REFERENCES processoSocorro(numProcessoSocorro) ON DELETE CASCADE
);

CREATE TABLE entidadeMeio(
    nomeEntidade VARCHAR(255) NOT NULL,
    PRIMARY KEY(nomeEntidade)
);

CREATE TABLE meio(
    numMeio INT NOT NULL,
    nomeMeio VARCHAR(255) NOT NULL,
    nomeEntidade VARCHAR(255) NOT NULL,
    PRIMARY KEY(numMeio, nomeEntidade),
    FOREIGN KEY(nomeEntidade) REFERENCES entidadeMeio(nomeEntidade) ON DELETE CASCADE
);

CREATE TABLE meioCombate(
    numMeio INT NOT NULL,
    nomeEntidade VARCHAR(255) NOT NULL,
    PRIMARY KEY(numMeio, nomeEntidade),
    FOREIGN KEY(numMeio, nomeEntidade) REFERENCES meio(numMeio, nomeEntidade) ON DELETE CASCADE
);

CREATE TABLE meioApoio(
    numMeio INT NOT NULL,
    nomeEntidade VARCHAR(255) NOT NULL,
    PRIMARY KEY(numMeio, nomeEntidade),
    FOREIGN KEY(numMeio, nomeEntidade) REFERENCES meio(numMeio, nomeEntidade) ON DELETE CASCADE
);

CREATE TABLE meioSocorro(
    numMeio INT NOT NULL,
    nomeEntidade VARCHAR(255) NOT NULL,
    PRIMARY KEY(numMeio, nomeEntidade),
    FOREIGN KEY(numMeio, nomeEntidade) REFERENCES meio(numMeio, nomeEntidade) ON DELETE CASCADE
);

CREATE TABLE transporta(
    numMeio INT NOT NULL,
    nomeEntidade VARCHAR(255) NOT NULL,
    numVitimas INT,
    numProcessoSocorro INT NOT NULL ,
    PRIMARY KEY(numMeio, nomeEntidade, numProcessoSocorro),
    FOREIGN KEY(numMeio, nomeEntidade) REFERENCES meioSocorro(numMeio, nomeEntidade) ON DELETE CASCADE,
    FOREIGN KEY(numProcessoSocorro) REFERENCES processoSocorro(numProcessoSocorro) ON DELETE CASCADE
);

CREATE TABLE alocado(
    numMeio INT NOT NULL,
    nomeEntidade VARCHAR(255) NOT NULL,
    numHoras INT NOT NULL,
    numProcessoSocorro INT NOT NULL,
    FOREIGN KEY(numMeio, nomeEntidade) REFERENCES meioSocorro(numMeio, nomeEntidade) ON DELETE CASCADE,
    FOREIGN KEY(numProcessoSocorro) REFERENCES processoSocorro(numProcessoSocorro) ON DELETE CASCADE
);

CREATE TABLE acciona(
    numMeio INT NOT NULL,
    nomeEntidade VARCHAR(255) NOT NULL,
    numProcessoSocorro INT NOT NULL,
    PRIMARY KEY(numMeio, nomeEntidade, numProcessoSocorro),
    FOREIGN KEY(numMeio, nomeEntidade) REFERENCES meio(numMeio, nomeEntidade) ON DELETE CASCADE,
    FOREIGN KEY(numProcessoSocorro) REFERENCES processoSocorro(numProcessoSocorro) ON DELETE CASCADE
);

CREATE TABLE coordenador(
    idCoordenador INT NOT NULL UNIQUE,
    PRIMARY KEY(idCoordenador)
);

CREATE TABLE audita(
    idCoordenador INT NOT NULL UNIQUE,
    numMeio INT NOT NULL,
    nomeEntidade VARCHAR(255) NOT NULL,
    numProcessoSocorro INT NOT NULL,
    dataHoraInicio TIMESTAMP NOT NULL,
    dataHoraFim TIMESTAMP NOT NULL,
    dataAuditoria TIMESTAMP NOT NULL,
    texto TEXT NOT NULL,
    PRIMARY KEY(idCoordenador, numMeio, nomeEntidade, numProcessoSocorro, dataHoraInicio, dataHoraFim, dataAuditoria, texto),
    FOREIGN KEY(numMeio, nomeEntidade, numProcessoSocorro) REFERENCES acciona(numMeio, nomeEntidade, numProcessoSocorro) ON DELETE CASCADE,
    FOREIGN KEY(idCoordenador) REFERENCES coordenador(idCoordenador) ON DELETE CASCADE
);

CREATE TABLE solicita(
    idCoordenador INT NOT NULL UNIQUE,
    dataHoraInicioVideo TIMESTAMP NOT NULL,
    numCamara INT NOT NULL,
    dataHoraInicio TIMESTAMP NOT NULL,
    dataHoraFim TIMESTAMP NOT NULL,
    PRIMARY KEY(idCoordenador, dataHoraInicioVideo, numCamara),
    FOREIGN KEY(idCoordenador) REFERENCES coordenador(idCoordenador) ON DELETE CASCADE,
    FOREIGN KEY(dataHoraInicioVideo, numCamara) REFERENCES video(dataHoraInicio, numCamara) ON DELETE CASCADE
);



----------------------------------------
-- Populate Relations 
----------------------------------------

insert into camara values(0);
insert into camara values(1);
insert into camara values(2);
insert into camara values(3);
insert into camara values(4);
insert into camara values(5);
insert into camara values(6);
insert into camara values(7);
insert into camara values(8);
insert into camara values(9);
insert into camara values(10);
insert into camara values(11);
insert into camara values(12);
insert into camara values(13);
insert into camara values(14);
insert into camara values(15);
insert into camara values(16);
insert into camara values(17);
insert into camara values(18);
insert into camara values(19);
insert into camara values(20);
insert into camara values(21);
insert into camara values(22);
insert into camara values(23);
insert into camara values(24);
insert into camara values(25);
insert into camara values(26);
insert into camara values(27);
insert into camara values(28);
insert into camara values(29);
insert into camara values(30);
insert into camara values(31);
insert into camara values(32);
insert into camara values(33);
insert into camara values(34);
insert into camara values(35);
insert into camara values(36);
insert into camara values(37);
insert into camara values(38);
insert into camara values(39);
insert into camara values(40);
insert into camara values(41);
insert into camara values(42);
insert into camara values(43);
insert into camara values(44);
insert into camara values(45);
insert into camara values(46);
insert into camara values(47);
insert into camara values(48);
insert into camara values(49);
insert into camara values(50);
insert into camara values(51);
insert into camara values(52);
insert into camara values(53);
insert into camara values(54);
insert into camara values(55);
insert into camara values(56);
insert into camara values(57);
insert into camara values(58);
insert into camara values(59);
insert into camara values(60);
insert into camara values(61);
insert into camara values(62);
insert into camara values(63);
insert into camara values(64);
insert into camara values(65);
insert into camara values(66);
insert into camara values(67);
insert into camara values(68);
insert into camara values(69);
insert into camara values(70);
insert into camara values(71);
insert into camara values(72);
insert into camara values(73);
insert into camara values(74);
insert into camara values(75);
insert into camara values(76);
insert into camara values(77);
insert into camara values(78);
insert into camara values(79);
insert into camara values(80);
insert into camara values(81);
insert into camara values(82);
insert into camara values(83);
insert into camara values(84);
insert into camara values(85);
insert into camara values(86);
insert into camara values(87);
insert into camara values(88);
insert into camara values(89);
insert into camara values(90);
insert into camara values(91);
insert into camara values(92);
insert into camara values(93);
insert into camara values(94);
insert into camara values(95);
insert into camara values(96);
insert into camara values(97);
insert into camara values(98);
insert into camara values(99);
insert into camara values(100);
insert into camara values(101);



insert into video values('2017-09-15 08:38:28', '2017-09-15 08:52:28', 0);
insert into video values('2017-12-11 01:44:50', '2017-12-11 01:57:50', 0);
insert into video values('2018-10-08 06:31:17', '2018-10-08 06:59:17', 1);
insert into video values('2017-04-19 14:41:25', '2017-04-19 15:04:25', 1);
insert into video values('2017-08-08 02:46:13', '2017-08-08 03:06:13', 1);
insert into video values('2017-02-02 02:47:44', '2017-02-02 03:15:44', 1);
insert into video values('2017-12-17 15:02:40', '2017-12-17 15:29:40', 2);
insert into video values('2017-08-23 04:56:05', '2017-08-23 05:24:05', 2);
insert into video values('2017-08-18 03:14:49', '2017-08-18 03:30:49', 2);
insert into video values('2017-10-26 23:33:02', '2017-10-26 23:54:02', 3);
insert into video values('2016-10-17 16:50:17', '2016-10-17 17:01:17', 3);
insert into video values('2017-07-13 04:52:19', '2017-07-13 05:06:19', 3);
insert into video values('2016-03-31 09:59:45', '2016-03-31 10:23:45', 4);
insert into video values('2017-09-19 22:26:35', '2017-09-19 22:42:35', 4);
insert into video values('2017-07-06 04:32:05', '2017-07-06 04:42:05', 4);
insert into video values('2016-10-22 10:36:36', '2016-10-22 10:50:36', 4);
insert into video values('2018-05-20 08:39:07', '2018-05-20 09:06:07', 5);
insert into video values('2018-11-12 09:25:48', '2018-11-12 09:39:48', 5);
insert into video values('2017-09-08 09:16:54', '2017-09-08 09:29:54', 6);
insert into video values('2016-08-14 19:27:12', '2016-08-14 19:53:12', 6);
insert into video values('2018-03-10 21:46:42', '2018-03-10 22:12:42', 6);
insert into video values('2018-07-08 21:58:19', '2018-07-08 22:22:19', 7);
insert into video values('2018-12-15 11:09:38', '2018-12-15 11:25:38', 7);
insert into video values('2018-03-02 13:07:58', '2018-03-02 13:30:58', 7);
insert into video values('2016-02-27 16:28:45', '2016-02-27 16:45:45', 8);
insert into video values('2016-01-08 20:15:49', '2016-01-08 20:41:49', 8);
insert into video values('2017-05-06 18:48:42', '2017-05-06 19:12:42', 9);
insert into video values('2018-02-06 05:02:56', '2018-02-06 05:18:56', 9);
insert into video values('2017-06-05 21:18:08', '2017-06-05 21:39:08', 9);
insert into video values('2016-10-13 04:19:03', '2016-10-13 04:40:03', 9);
insert into video values('2016-03-24 12:38:19', '2016-03-24 12:58:19', 10);
insert into video values('2017-02-07 19:23:59', '2017-02-07 19:52:59', 10);
insert into video values('2016-02-16 23:47:53', '2016-02-17 00:03:53', 11);
insert into video values('2017-06-04 08:16:57', '2017-06-04 08:34:57', 11);
insert into video values('2018-04-15 17:56:19', '2018-04-15 18:24:19', 12);
insert into video values('2016-09-03 11:15:13', '2016-09-03 11:43:13', 12);
insert into video values('2018-08-02 00:17:11', '2018-08-02 00:29:11', 12);
insert into video values('2017-07-25 14:23:15', '2017-07-25 14:44:15', 12);
insert into video values('2017-03-01 11:04:49', '2017-03-01 11:18:49', 13);
insert into video values('2018-10-01 21:00:39', '2018-10-01 21:19:39', 13);
insert into video values('2016-06-23 02:09:11', '2016-06-23 02:38:11', 14);
insert into video values('2018-05-09 00:03:47', '2018-05-09 00:33:47', 14);
insert into video values('2018-06-29 10:34:36', '2018-06-29 10:54:36', 14);
insert into video values('2017-02-18 00:42:08', '2017-02-18 01:07:08', 14);
insert into video values('2018-05-15 07:04:37', '2018-05-15 07:27:37', 15);
insert into video values('2016-06-15 17:55:28', '2016-06-15 18:19:28', 15);
insert into video values('2018-03-18 20:19:58', '2018-03-18 20:47:58', 15);
insert into video values('2018-10-28 01:49:31', '2018-10-28 02:09:31', 16);
insert into video values('2017-09-28 15:17:10', '2017-09-28 15:37:10', 16);
insert into video values('2017-04-18 16:48:34', '2017-04-18 16:58:34', 16);
insert into video values('2017-07-12 10:27:50', '2017-07-12 10:40:50', 16);
insert into video values('2017-12-21 13:34:44', '2017-12-21 13:49:44', 17);
insert into video values('2016-08-31 15:40:56', '2016-08-31 15:54:56', 17);
insert into video values('2016-10-08 17:54:23', '2016-10-08 18:21:23', 17);
insert into video values('2016-02-22 07:10:36', '2016-02-22 07:33:36', 17);
insert into video values('2016-11-07 12:07:21', '2016-11-07 12:34:21', 18);
insert into video values('2017-08-20 13:26:32', '2017-08-20 13:47:32', 18);
insert into video values('2018-07-27 00:49:10', '2018-07-27 01:14:10', 19);
insert into video values('2017-08-13 06:54:15', '2017-08-13 07:08:15', 19);
insert into video values('2016-04-22 20:39:34', '2016-04-22 20:56:34', 19);
insert into video values('2017-04-28 16:41:17', '2017-04-28 17:11:17', 20);
insert into video values('2017-05-25 16:07:42', '2017-05-25 16:26:42', 20);
insert into video values('2018-10-04 14:20:04', '2018-10-04 14:38:04', 20);
insert into video values('2016-09-13 17:14:03', '2016-09-13 17:31:03', 20);
insert into video values('2016-11-13 20:55:20', '2016-11-13 21:08:20', 21);
insert into video values('2017-09-24 22:08:39', '2017-09-24 22:38:39', 21);
insert into video values('2017-03-12 15:49:05', '2017-03-12 16:06:05', 22);
insert into video values('2017-11-05 22:26:21', '2017-11-05 22:54:21', 22);
insert into video values('2018-10-11 05:21:18', '2018-10-11 05:47:18', 23);
insert into video values('2016-06-05 06:57:51', '2016-06-05 07:21:51', 23);
insert into video values('2016-05-21 01:53:34', '2016-05-21 02:22:34', 23);
insert into video values('2016-04-13 14:30:07', '2016-04-13 14:49:07', 23);
insert into video values('2018-02-09 02:47:27', '2018-02-09 03:03:27', 24);
insert into video values('2017-10-25 13:43:34', '2017-10-25 14:06:34', 24);
insert into video values('2017-04-22 04:40:09', '2017-04-22 04:55:09', 25);
insert into video values('2018-09-06 02:46:58', '2018-09-06 03:04:58', 25);
insert into video values('2018-08-30 08:38:41', '2018-08-30 08:55:41', 25);
insert into video values('2016-09-14 11:40:35', '2016-09-14 12:00:35', 25);
insert into video values('2017-05-09 01:32:23', '2017-05-09 01:48:23', 26);
insert into video values('2016-11-26 03:38:46', '2016-11-26 03:50:46', 26);
insert into video values('2016-12-23 14:58:30', '2016-12-23 15:18:30', 26);
insert into video values('2017-10-14 17:18:05', '2017-10-14 17:46:05', 27);
insert into video values('2018-07-18 03:11:40', '2018-07-18 03:35:40', 27);
insert into video values('2018-12-11 17:42:18', '2018-12-11 17:54:18', 27);
insert into video values('2017-07-10 18:19:53', '2017-07-10 18:46:53', 28);
insert into video values('2018-01-14 17:55:36', '2018-01-14 18:07:36', 28);
insert into video values('2017-08-27 20:09:29', '2017-08-27 20:36:29', 28);
insert into video values('2017-09-12 23:18:25', '2017-09-12 23:28:25', 29);
insert into video values('2018-12-26 15:42:23', '2018-12-26 16:01:23', 29);
insert into video values('2016-04-20 12:07:22', '2016-04-20 12:17:22', 30);
insert into video values('2016-03-24 12:50:33', '2016-03-24 13:16:33', 30);
insert into video values('2016-01-12 10:20:31', '2016-01-12 10:31:31', 30);
insert into video values('2017-05-29 17:28:30', '2017-05-29 17:50:30', 30);
insert into video values('2016-12-28 21:12:42', '2016-12-28 21:39:42', 31);
insert into video values('2017-02-18 22:45:25', '2017-02-18 23:03:25', 31);
insert into video values('2017-04-04 03:52:15', '2017-04-04 04:20:15', 31);
insert into video values('2016-11-03 01:17:09', '2016-11-03 01:47:09', 31);
insert into video values('2016-05-18 01:43:58', '2016-05-18 02:04:58', 32);
insert into video values('2018-11-17 04:31:04', '2018-11-17 04:44:04', 32);
insert into video values('2018-01-20 09:40:05', '2018-01-20 10:03:05', 32);
insert into video values('2016-07-23 04:17:16', '2016-07-23 04:39:16', 32);
insert into video values('2018-03-26 12:13:31', '2018-03-26 12:39:31', 33);
insert into video values('2017-08-02 08:19:51', '2017-08-02 08:31:51', 33);
insert into video values('2016-02-22 22:09:34', '2016-02-22 22:38:34', 33);
insert into video values('2016-10-30 16:48:24', '2016-10-30 17:12:24', 34);
insert into video values('2016-07-06 21:44:58', '2016-07-06 22:12:58', 34);
insert into video values('2018-07-25 03:44:14', '2018-07-25 04:03:14', 34);
insert into video values('2018-03-06 09:02:42', '2018-03-06 09:27:42', 35);
insert into video values('2016-07-08 12:51:06', '2016-07-08 13:12:06', 35);
insert into video values('2018-06-14 06:24:28', '2018-06-14 06:54:28', 36);
insert into video values('2016-02-04 00:20:36', '2016-02-04 00:40:36', 36);
insert into video values('2017-03-18 07:05:52', '2017-03-18 07:21:52', 36);
insert into video values('2017-12-15 10:35:11', '2017-12-15 10:52:11', 36);
insert into video values('2016-01-12 05:26:25', '2016-01-12 05:51:25', 37);
insert into video values('2016-07-19 22:54:35', '2016-07-19 23:23:35', 37);
insert into video values('2017-12-23 04:04:07', '2017-12-23 04:24:07', 37);
insert into video values('2018-07-14 18:56:55', '2018-07-14 19:24:55', 37);
insert into video values('2018-12-01 18:07:11', '2018-12-01 18:37:11', 38);
insert into video values('2018-07-11 20:06:07', '2018-07-11 20:16:07', 38);
insert into video values('2018-06-29 03:24:00', '2018-06-29 03:38:00', 38);
insert into video values('2017-04-20 23:12:11', '2017-04-20 23:33:11', 39);
insert into video values('2017-02-25 05:24:52', '2017-02-25 05:46:52', 39);
insert into video values('2017-06-01 02:05:20', '2017-06-01 02:30:20', 39);
insert into video values('2018-11-14 10:12:30', '2018-11-14 10:30:30', 39);
insert into video values('2018-02-16 07:21:29', '2018-02-16 07:32:29', 40);
insert into video values('2018-05-14 08:00:42', '2018-05-14 08:29:42', 40);
insert into video values('2018-06-10 22:02:17', '2018-06-10 22:19:17', 40);
insert into video values('2016-03-23 11:04:09', '2016-03-23 11:15:09', 41);
insert into video values('2018-12-04 10:30:43', '2018-12-04 10:57:43', 41);
insert into video values('2017-08-12 01:27:50', '2017-08-12 01:41:50', 42);
insert into video values('2018-12-13 16:23:54', '2018-12-13 16:36:54', 42);
insert into video values('2017-06-19 11:12:46', '2017-06-19 11:23:46', 42);
insert into video values('2017-10-30 04:35:51', '2017-10-30 04:53:51', 43);
insert into video values('2016-01-10 06:17:25', '2016-01-10 06:38:25', 43);
insert into video values('2018-07-11 01:30:19', '2018-07-11 01:43:19', 43);
insert into video values('2018-11-05 19:51:18', '2018-11-05 20:11:18', 44);
insert into video values('2017-11-04 14:31:41', '2017-11-04 14:55:41', 44);
insert into video values('2016-08-06 20:49:20', '2016-08-06 21:18:20', 44);
insert into video values('2017-09-06 16:05:37', '2017-09-06 16:19:37', 45);
insert into video values('2017-11-20 06:54:49', '2017-11-20 07:13:49', 45);
insert into video values('2017-09-02 01:33:10', '2017-09-02 01:45:10', 45);
insert into video values('2018-09-09 11:53:10', '2018-09-09 12:19:10', 45);
insert into video values('2018-10-08 07:43:59', '2018-10-08 08:00:59', 46);
insert into video values('2018-05-31 11:16:00', '2018-05-31 11:43:00', 46);
insert into video values('2016-04-07 06:30:51', '2016-04-07 06:44:51', 46);
insert into video values('2017-09-01 15:50:33', '2017-09-01 16:12:33', 46);
insert into video values('2016-12-03 10:18:17', '2016-12-03 10:30:17', 47);
insert into video values('2018-01-11 20:01:07', '2018-01-11 20:20:07', 47);
insert into video values('2018-05-27 06:31:44', '2018-05-27 07:00:44', 48);
insert into video values('2016-02-06 12:04:39', '2016-02-06 12:28:39', 48);
insert into video values('2016-07-26 12:45:20', '2016-07-26 12:56:20', 48);
insert into video values('2016-08-05 09:06:39', '2016-08-05 09:34:39', 48);
insert into video values('2016-02-11 22:30:13', '2016-02-11 23:00:13', 49);
insert into video values('2017-07-02 15:15:09', '2017-07-02 15:25:09', 49);
insert into video values('2016-10-01 07:50:01', '2016-10-01 08:16:01', 49);
insert into video values('2018-05-27 04:26:50', '2018-05-27 04:52:50', 50);
insert into video values('2018-10-31 10:10:24', '2018-10-31 10:34:24', 50);
insert into video values('2018-06-16 09:06:26', '2018-06-16 09:26:26', 50);
insert into video values('2018-09-09 13:14:47', '2018-09-09 13:28:47', 51);
insert into video values('2017-09-09 12:17:56', '2017-09-09 12:28:56', 51);
insert into video values('2018-11-11 16:39:36', '2018-11-11 17:01:36', 52);
insert into video values('2017-05-01 04:53:54', '2017-05-01 05:21:54', 52);
insert into video values('2017-03-22 13:32:31', '2017-03-22 14:01:31', 52);
insert into video values('2016-02-04 15:13:50', '2016-02-04 15:33:50', 53);
insert into video values('2017-11-18 23:58:31', '2017-11-19 00:21:31', 53);
insert into video values('2018-03-16 15:08:25', '2018-03-16 15:33:25', 53);
insert into video values('2017-08-14 15:37:11', '2017-08-14 15:49:11', 54);
insert into video values('2018-10-30 01:16:27', '2018-10-30 01:26:27', 54);
insert into video values('2017-05-04 09:47:32', '2017-05-04 10:17:32', 54);
insert into video values('2017-01-22 04:17:15', '2017-01-22 04:31:15', 55);
insert into video values('2016-08-19 05:06:49', '2016-08-19 05:17:49', 55);
insert into video values('2018-05-04 00:08:52', '2018-05-04 00:30:52', 55);
insert into video values('2018-07-13 16:31:48', '2018-07-13 16:51:48', 55);
insert into video values('2018-01-13 10:35:29', '2018-01-13 11:02:29', 56);
insert into video values('2018-12-20 06:46:27', '2018-12-20 07:11:27', 56);
insert into video values('2016-04-21 17:31:34', '2016-04-21 17:44:34', 56);
insert into video values('2018-07-13 18:41:20', '2018-07-13 18:57:20', 56);
insert into video values('2016-07-31 13:06:43', '2016-07-31 13:16:43', 57);
insert into video values('2016-08-06 16:46:33', '2016-08-06 16:57:33', 57);
insert into video values('2018-02-15 06:18:04', '2018-02-15 06:41:04', 57);
insert into video values('2018-05-02 04:38:10', '2018-05-02 04:48:10', 58);
insert into video values('2016-07-17 12:23:13', '2016-07-17 12:45:13', 58);
insert into video values('2017-09-28 18:09:14', '2017-09-28 18:29:14', 58);
insert into video values('2016-10-14 05:01:48', '2016-10-14 05:22:48', 59);
insert into video values('2018-10-31 13:35:07', '2018-10-31 13:56:07', 59);
insert into video values('2017-03-13 19:51:24', '2017-03-13 20:04:24', 59);
insert into video values('2017-12-24 19:59:19', '2017-12-24 20:10:19', 60);
insert into video values('2018-04-29 11:48:52', '2018-04-29 11:58:52', 60);
insert into video values('2018-12-25 16:51:56', '2018-12-25 17:21:56', 61);
insert into video values('2017-12-25 12:01:48', '2017-12-25 12:17:48', 61);
insert into video values('2017-07-26 08:42:24', '2017-07-26 08:56:24', 61);
insert into video values('2016-12-31 07:04:22', '2016-12-31 07:19:22', 61);
insert into video values('2017-06-24 17:22:04', '2017-06-24 17:46:04', 62);
insert into video values('2016-03-01 22:26:25', '2016-03-01 22:43:25', 62);
insert into video values('2017-06-20 05:36:57', '2017-06-20 06:05:57', 63);
insert into video values('2017-10-29 03:21:19', '2017-10-29 03:51:19', 63);
insert into video values('2018-04-18 14:56:19', '2018-04-18 15:15:19', 63);
insert into video values('2016-01-08 08:11:53', '2016-01-08 08:30:53', 63);
insert into video values('2018-02-03 11:06:34', '2018-02-03 11:30:34', 64);
insert into video values('2018-03-12 21:51:08', '2018-03-12 22:09:08', 64);
insert into video values('2017-01-16 06:10:42', '2017-01-16 06:24:42', 65);
insert into video values('2017-07-07 13:27:41', '2017-07-07 13:39:41', 65);
insert into video values('2017-05-05 09:07:15', '2017-05-05 09:32:15', 65);
insert into video values('2016-09-20 16:43:46', '2016-09-20 17:06:46', 66);
insert into video values('2016-08-16 02:50:23', '2016-08-16 03:14:23', 66);
insert into video values('2016-06-26 02:09:02', '2016-06-26 02:20:02', 67);
insert into video values('2017-07-24 22:34:12', '2017-07-24 23:01:12', 67);
insert into video values('2018-04-29 12:35:06', '2018-04-29 12:56:06', 67);
insert into video values('2018-11-09 08:24:06', '2018-11-09 08:45:06', 67);
insert into video values('2018-11-29 06:15:26', '2018-11-29 06:36:26', 68);
insert into video values('2018-09-22 11:22:17', '2018-09-22 11:38:17', 68);
insert into video values('2018-12-01 06:33:39', '2018-12-01 06:45:39', 69);
insert into video values('2018-01-09 13:26:23', '2018-01-09 13:44:23', 69);
insert into video values('2017-05-27 09:08:07', '2017-05-27 09:25:07', 69);
insert into video values('2016-12-19 17:05:35', '2016-12-19 17:19:35', 69);
insert into video values('2016-02-17 10:30:24', '2016-02-17 10:59:24', 70);
insert into video values('2016-08-27 17:10:15', '2016-08-27 17:39:15', 70);
insert into video values('2017-06-17 15:32:36', '2017-06-17 15:50:36', 70);
insert into video values('2018-05-01 17:09:15', '2018-05-01 17:37:15', 71);
insert into video values('2017-02-14 19:34:45', '2017-02-14 19:50:45', 71);
insert into video values('2018-08-23 00:34:22', '2018-08-23 01:01:22', 71);
insert into video values('2016-07-26 14:10:56', '2016-07-26 14:29:56', 71);
insert into video values('2018-12-25 10:44:40', '2018-12-25 10:54:40', 72);
insert into video values('2017-08-02 02:54:16', '2017-08-02 03:08:16', 72);
insert into video values('2017-08-06 06:37:54', '2017-08-06 06:48:54', 72);
insert into video values('2018-08-21 18:42:34', '2018-08-21 18:57:34', 72);
insert into video values('2017-04-17 04:50:31', '2017-04-17 05:02:31', 73);
insert into video values('2017-07-14 19:58:04', '2017-07-14 20:23:04', 73);
insert into video values('2017-05-04 08:53:30', '2017-05-04 09:14:30', 73);
insert into video values('2016-08-09 00:21:43', '2016-08-09 00:50:43', 73);
insert into video values('2018-12-18 14:29:51', '2018-12-18 14:51:51', 74);
insert into video values('2017-10-26 14:03:58', '2017-10-26 14:29:58', 74);
insert into video values('2016-11-10 17:41:49', '2016-11-10 18:10:49', 75);
insert into video values('2017-10-07 05:29:59', '2017-10-07 05:47:59', 75);
insert into video values('2018-04-22 04:42:04', '2018-04-22 05:05:04', 76);
insert into video values('2016-09-02 22:49:46', '2016-09-02 23:13:46', 76);
insert into video values('2018-08-10 08:11:55', '2018-08-10 08:23:55', 76);
insert into video values('2016-03-07 16:40:38', '2016-03-07 16:51:38', 76);
insert into video values('2017-06-30 07:45:06', '2017-06-30 07:59:06', 77);
insert into video values('2016-04-04 07:06:19', '2016-04-04 07:18:19', 77);
insert into video values('2016-05-24 04:40:05', '2016-05-24 05:10:05', 77);
insert into video values('2018-11-29 19:57:18', '2018-11-29 20:21:18', 77);
insert into video values('2018-05-31 22:18:10', '2018-05-31 22:41:10', 78);
insert into video values('2016-11-11 20:05:20', '2016-11-11 20:24:20', 78);
insert into video values('2017-07-03 19:17:54', '2017-07-03 19:38:54', 79);
insert into video values('2018-11-16 06:22:48', '2018-11-16 06:42:48', 79);
insert into video values('2018-01-05 00:31:10', '2018-01-05 00:49:10', 80);
insert into video values('2018-02-09 12:56:02', '2018-02-09 13:26:02', 80);
insert into video values('2018-04-02 22:12:07', '2018-04-02 22:40:07', 80);
insert into video values('2017-10-30 20:05:01', '2017-10-30 20:33:01', 80);
insert into video values('2017-02-02 19:17:14', '2017-02-02 19:28:14', 81);
insert into video values('2018-09-20 10:02:21', '2018-09-20 10:23:21', 81);
insert into video values('2016-02-14 20:36:01', '2016-02-14 20:49:01', 82);
insert into video values('2018-04-05 21:03:32', '2018-04-05 21:17:32', 82);
insert into video values('2018-04-11 09:14:50', '2018-04-11 09:39:50', 82);
insert into video values('2017-06-09 14:04:41', '2017-06-09 14:23:41', 82);
insert into video values('2016-06-15 21:32:29', '2016-06-15 21:51:29', 83);
insert into video values('2016-06-01 16:28:16', '2016-06-01 16:45:16', 83);
insert into video values('2017-08-14 10:01:04', '2017-08-14 10:18:04', 83);
insert into video values('2017-01-23 22:39:29', '2017-01-23 22:52:29', 84);
insert into video values('2016-05-04 04:20:47', '2016-05-04 04:33:47', 84);
insert into video values('2017-03-30 21:01:54', '2017-03-30 21:27:54', 84);
insert into video values('2018-06-09 19:03:54', '2018-06-09 19:21:54', 84);
insert into video values('2017-06-25 13:00:44', '2017-06-25 13:15:44', 85);
insert into video values('2017-06-29 06:24:08', '2017-06-29 06:52:08', 85);
insert into video values('2018-09-13 12:57:04', '2018-09-13 13:17:04', 85);
insert into video values('2017-06-01 21:03:26', '2017-06-01 21:14:26', 86);
insert into video values('2017-01-23 02:28:24', '2017-01-23 02:57:24', 86);
insert into video values('2018-05-06 08:59:25', '2018-05-06 09:16:25', 86);
insert into video values('2016-11-16 04:14:16', '2016-11-16 04:34:16', 87);
insert into video values('2017-09-11 19:28:39', '2017-09-11 19:42:39', 87);
insert into video values('2018-10-19 06:14:30', '2018-10-19 06:35:30', 88);
insert into video values('2016-01-29 12:06:45', '2016-01-29 12:31:45', 88);
insert into video values('2016-10-21 21:52:33', '2016-10-21 22:22:33', 88);
insert into video values('2017-08-18 06:32:27', '2017-08-18 07:00:27', 88);
insert into video values('2018-11-08 01:45:12', '2018-11-08 02:07:12', 89);
insert into video values('2016-03-23 12:49:31', '2016-03-23 13:11:31', 89);
insert into video values('2016-11-05 22:41:43', '2016-11-05 22:56:43', 90);
insert into video values('2017-05-15 21:39:50', '2017-05-15 22:05:50', 90);
insert into video values('2016-12-15 03:37:13', '2016-12-15 03:54:13', 91);
insert into video values('2016-12-18 01:01:53', '2016-12-18 01:18:53', 91);
insert into video values('2016-04-14 02:00:29', '2016-04-14 02:14:29', 92);
insert into video values('2018-11-30 00:40:35', '2018-11-30 00:51:35', 92);
insert into video values('2016-01-06 00:20:13', '2016-01-06 00:38:13', 93);
insert into video values('2018-10-22 20:22:30', '2018-10-22 20:46:30', 93);
insert into video values('2018-01-01 23:27:20', '2018-01-01 23:55:20', 94);
insert into video values('2018-12-09 22:41:31', '2018-12-09 23:05:31', 94);
insert into video values('2016-06-25 12:23:31', '2016-06-25 12:45:31', 94);
insert into video values('2017-10-10 23:40:51', '2017-10-11 00:08:51', 95);
insert into video values('2018-05-28 06:32:36', '2018-05-28 06:49:36', 95);
insert into video values('2016-09-16 22:59:32', '2016-09-16 23:26:32', 96);
insert into video values('2017-03-25 18:01:10', '2017-03-25 18:25:10', 96);
insert into video values('2016-10-23 13:59:06', '2016-10-23 14:28:06', 96);
insert into video values('2018-07-25 12:01:26', '2018-07-25 12:25:26', 96);
insert into video values('2016-01-04 12:04:07', '2016-01-04 12:14:07', 97);
insert into video values('2018-06-25 22:39:06', '2018-06-25 23:07:06', 97);
insert into video values('2018-06-12 22:56:17', '2018-06-12 23:11:17', 98);
insert into video values('2017-10-27 15:52:03', '2017-10-27 16:14:03', 98);
insert into video values('2016-09-01 08:24:11', '2016-09-01 08:35:11', 99);
insert into video values('2017-06-04 00:44:11', '2017-06-04 01:04:11', 99);
insert into video values('2018-11-06 06:40:50', '2018-11-06 06:50:50', 100);
insert into video values('2016-09-15 12:30:58', '2016-09-15 12:40:58', 100);
insert into video values('2018-08-18 14:54:36', '2018-08-18 15:21:36', 100);
insert into video values('2016-11-03 00:53:04', '2016-11-03 01:09:04', 100);
insert into video values('2018-02-23 01:19:19', '2018-02-23 01:42:19', 101);
insert into video values('2016-01-25 22:35:15', '2016-01-25 22:51:15', 101);
insert into video values('2018-12-18 12:51:14', '2018-12-18 13:08:14', 101);
insert into video values('2018-05-23 00:05:07', '2018-05-23 00:28:07', 101);



insert into segmentoVideo values(0, 2, '2017-09-15 08:38:28', 0);
insert into segmentoVideo values(1, 12, '2017-09-15 08:40:28', 0);
insert into segmentoVideo values(0, 13, '2017-12-11 01:44:50', 0);
insert into segmentoVideo values(0, 2, '2018-10-08 06:31:17', 1);
insert into segmentoVideo values(1, 26, '2018-10-08 06:33:17', 1);
insert into segmentoVideo values(0, 2, '2017-04-19 14:41:25', 1);
insert into segmentoVideo values(1, 21, '2017-04-19 14:43:25', 1);
insert into segmentoVideo values(0, 2, '2017-08-08 02:46:13', 1);
insert into segmentoVideo values(1, 18, '2017-08-08 02:48:13', 1);
insert into segmentoVideo values(0, 28, '2017-02-02 02:47:44', 1);
insert into segmentoVideo values(0, 27, '2017-12-17 15:02:40', 2);
insert into segmentoVideo values(0, 28, '2017-08-23 04:56:05', 2);
insert into segmentoVideo values(0, 2, '2017-08-18 03:14:49', 2);
insert into segmentoVideo values(1, 14, '2017-08-18 03:16:49', 2);
insert into segmentoVideo values(0, 2, '2017-10-26 23:33:02', 3);
insert into segmentoVideo values(1, 19, '2017-10-26 23:35:02', 3);
insert into segmentoVideo values(0, 2, '2016-10-17 16:50:17', 3);
insert into segmentoVideo values(1, 9, '2016-10-17 16:52:17', 3);
insert into segmentoVideo values(0, 14, '2017-07-13 04:52:19', 3);
insert into segmentoVideo values(0, 2, '2016-03-31 09:59:45', 4);
insert into segmentoVideo values(1, 22, '2016-03-31 10:01:45', 4);
insert into segmentoVideo values(0, 2, '2017-09-19 22:26:35', 4);
insert into segmentoVideo values(1, 14, '2017-09-19 22:28:35', 4);
insert into segmentoVideo values(0, 2, '2017-07-06 04:32:05', 4);
insert into segmentoVideo values(1, 8, '2017-07-06 04:34:05', 4);
insert into segmentoVideo values(0, 14, '2016-10-22 10:36:36', 4);
insert into segmentoVideo values(0, 2, '2018-05-20 08:39:07', 5);
insert into segmentoVideo values(1, 25, '2018-05-20 08:41:07', 5);
insert into segmentoVideo values(0, 14, '2018-11-12 09:25:48', 5);
insert into segmentoVideo values(0, 13, '2017-09-08 09:16:54', 6);
insert into segmentoVideo values(0, 26, '2016-08-14 19:27:12', 6);
insert into segmentoVideo values(0, 26, '2018-03-10 21:46:42', 6);
insert into segmentoVideo values(0, 2, '2018-07-08 21:58:19', 7);
insert into segmentoVideo values(1, 22, '2018-07-08 22:00:19', 7);
insert into segmentoVideo values(0, 2, '2018-12-15 11:09:38', 7);
insert into segmentoVideo values(1, 14, '2018-12-15 11:11:38', 7);
insert into segmentoVideo values(0, 2, '2018-03-02 13:07:58', 7);
insert into segmentoVideo values(1, 21, '2018-03-02 13:09:58', 7);
insert into segmentoVideo values(0, 17, '2016-02-27 16:28:45', 8);
insert into segmentoVideo values(0, 2, '2016-01-08 20:15:49', 8);
insert into segmentoVideo values(1, 24, '2016-01-08 20:17:49', 8);
insert into segmentoVideo values(0, 2, '2017-05-06 18:48:42', 9);
insert into segmentoVideo values(1, 22, '2017-05-06 18:50:42', 9);
insert into segmentoVideo values(0, 16, '2018-02-06 05:02:56', 9);
insert into segmentoVideo values(0, 2, '2017-06-05 21:18:08', 9);
insert into segmentoVideo values(1, 19, '2017-06-05 21:20:08', 9);
insert into segmentoVideo values(0, 21, '2016-10-13 04:19:03', 9);
insert into segmentoVideo values(0, 2, '2016-03-24 12:38:19', 10);
insert into segmentoVideo values(1, 18, '2016-03-24 12:40:19', 10);
insert into segmentoVideo values(0, 2, '2017-02-07 19:23:59', 10);
insert into segmentoVideo values(1, 27, '2017-02-07 19:25:59', 10);
insert into segmentoVideo values(0, 2, '2016-02-16 23:47:53', 11);
insert into segmentoVideo values(1, 14, '2016-02-16 23:49:53', 11);
insert into segmentoVideo values(0, 2, '2017-06-04 08:16:57', 11);
insert into segmentoVideo values(1, 16, '2017-06-04 08:18:57', 11);
insert into segmentoVideo values(0, 2, '2018-04-15 17:56:19', 12);
insert into segmentoVideo values(1, 26, '2018-04-15 17:58:19', 12);
insert into segmentoVideo values(0, 2, '2016-09-03 11:15:13', 12);
insert into segmentoVideo values(1, 26, '2016-09-03 11:17:13', 12);
insert into segmentoVideo values(0, 2, '2018-08-02 00:17:11', 12);
insert into segmentoVideo values(1, 10, '2018-08-02 00:19:11', 12);
insert into segmentoVideo values(0, 21, '2017-07-25 14:23:15', 12);
insert into segmentoVideo values(0, 2, '2017-03-01 11:04:49', 13);
insert into segmentoVideo values(1, 12, '2017-03-01 11:06:49', 13);
insert into segmentoVideo values(0, 19, '2018-10-01 21:00:39', 13);
insert into segmentoVideo values(0, 29, '2016-06-23 02:09:11', 14);
insert into segmentoVideo values(0, 30, '2018-05-09 00:03:47', 14);
insert into segmentoVideo values(0, 2, '2018-06-29 10:34:36', 14);
insert into segmentoVideo values(1, 18, '2018-06-29 10:36:36', 14);
insert into segmentoVideo values(0, 25, '2017-02-18 00:42:08', 14);
insert into segmentoVideo values(0, 23, '2018-05-15 07:04:37', 15);
insert into segmentoVideo values(0, 2, '2016-06-15 17:55:28', 15);
insert into segmentoVideo values(1, 22, '2016-06-15 17:57:28', 15);
insert into segmentoVideo values(0, 2, '2018-03-18 20:19:58', 15);
insert into segmentoVideo values(1, 26, '2018-03-18 20:21:58', 15);
insert into segmentoVideo values(0, 2, '2018-10-28 01:49:31', 16);
insert into segmentoVideo values(1, 18, '2018-10-28 01:51:31', 16);
insert into segmentoVideo values(0, 20, '2017-09-28 15:17:10', 16);
insert into segmentoVideo values(0, 2, '2017-04-18 16:48:34', 16);
insert into segmentoVideo values(1, 8, '2017-04-18 16:50:34', 16);
insert into segmentoVideo values(0, 2, '2017-07-12 10:27:50', 16);
insert into segmentoVideo values(1, 11, '2017-07-12 10:29:50', 16);
insert into segmentoVideo values(0, 15, '2017-12-21 13:34:44', 17);
insert into segmentoVideo values(0, 2, '2016-08-31 15:40:56', 17);
insert into segmentoVideo values(1, 12, '2016-08-31 15:42:56', 17);
insert into segmentoVideo values(0, 2, '2016-10-08 17:54:23', 17);
insert into segmentoVideo values(1, 25, '2016-10-08 17:56:23', 17);
insert into segmentoVideo values(0, 23, '2016-02-22 07:10:36', 17);
insert into segmentoVideo values(0, 27, '2016-11-07 12:07:21', 18);
insert into segmentoVideo values(0, 21, '2017-08-20 13:26:32', 18);
insert into segmentoVideo values(0, 2, '2018-07-27 00:49:10', 19);
insert into segmentoVideo values(1, 23, '2018-07-27 00:51:10', 19);
insert into segmentoVideo values(0, 2, '2017-08-13 06:54:15', 19);
insert into segmentoVideo values(1, 12, '2017-08-13 06:56:15', 19);
insert into segmentoVideo values(0, 2, '2016-04-22 20:39:34', 19);
insert into segmentoVideo values(1, 15, '2016-04-22 20:41:34', 19);
insert into segmentoVideo values(0, 30, '2017-04-28 16:41:17', 20);
insert into segmentoVideo values(0, 2, '2017-05-25 16:07:42', 20);
insert into segmentoVideo values(1, 17, '2017-05-25 16:09:42', 20);
insert into segmentoVideo values(0, 2, '2018-10-04 14:20:04', 20);
insert into segmentoVideo values(1, 16, '2018-10-04 14:22:04', 20);
insert into segmentoVideo values(0, 17, '2016-09-13 17:14:03', 20);
insert into segmentoVideo values(0, 2, '2016-11-13 20:55:20', 21);
insert into segmentoVideo values(1, 11, '2016-11-13 20:57:20', 21);
insert into segmentoVideo values(0, 2, '2017-09-24 22:08:39', 21);
insert into segmentoVideo values(1, 28, '2017-09-24 22:10:39', 21);
insert into segmentoVideo values(0, 2, '2017-03-12 15:49:05', 22);
insert into segmentoVideo values(1, 15, '2017-03-12 15:51:05', 22);
insert into segmentoVideo values(0, 2, '2017-11-05 22:26:21', 22);
insert into segmentoVideo values(1, 26, '2017-11-05 22:28:21', 22);
insert into segmentoVideo values(0, 2, '2018-10-11 05:21:18', 23);
insert into segmentoVideo values(1, 24, '2018-10-11 05:23:18', 23);
insert into segmentoVideo values(0, 2, '2016-06-05 06:57:51', 23);
insert into segmentoVideo values(1, 22, '2016-06-05 06:59:51', 23);
insert into segmentoVideo values(0, 29, '2016-05-21 01:53:34', 23);
insert into segmentoVideo values(0, 2, '2016-04-13 14:30:07', 23);
insert into segmentoVideo values(1, 17, '2016-04-13 14:32:07', 23);
insert into segmentoVideo values(0, 2, '2018-02-09 02:47:27', 24);
insert into segmentoVideo values(1, 14, '2018-02-09 02:49:27', 24);
insert into segmentoVideo values(0, 2, '2017-10-25 13:43:34', 24);
insert into segmentoVideo values(1, 21, '2017-10-25 13:45:34', 24);
insert into segmentoVideo values(0, 15, '2017-04-22 04:40:09', 25);
insert into segmentoVideo values(0, 2, '2018-09-06 02:46:58', 25);
insert into segmentoVideo values(1, 16, '2018-09-06 02:48:58', 25);
insert into segmentoVideo values(0, 17, '2018-08-30 08:38:41', 25);
insert into segmentoVideo values(0, 2, '2016-09-14 11:40:35', 25);
insert into segmentoVideo values(1, 18, '2016-09-14 11:42:35', 25);
insert into segmentoVideo values(0, 2, '2017-05-09 01:32:23', 26);
insert into segmentoVideo values(1, 14, '2017-05-09 01:34:23', 26);
insert into segmentoVideo values(0, 2, '2016-11-26 03:38:46', 26);
insert into segmentoVideo values(1, 10, '2016-11-26 03:40:46', 26);
insert into segmentoVideo values(0, 20, '2016-12-23 14:58:30', 26);
insert into segmentoVideo values(0, 2, '2017-10-14 17:18:05', 27);
insert into segmentoVideo values(1, 26, '2017-10-14 17:20:05', 27);
insert into segmentoVideo values(0, 2, '2018-07-18 03:11:40', 27);
insert into segmentoVideo values(1, 22, '2018-07-18 03:13:40', 27);
insert into segmentoVideo values(0, 2, '2018-12-11 17:42:18', 27);
insert into segmentoVideo values(1, 10, '2018-12-11 17:44:18', 27);
insert into segmentoVideo values(0, 27, '2017-07-10 18:19:53', 28);
insert into segmentoVideo values(0, 2, '2018-01-14 17:55:36', 28);
insert into segmentoVideo values(1, 10, '2018-01-14 17:57:36', 28);
insert into segmentoVideo values(0, 2, '2017-08-27 20:09:29', 28);
insert into segmentoVideo values(1, 25, '2017-08-27 20:11:29', 28);
insert into segmentoVideo values(0, 10, '2017-09-12 23:18:25', 29);
insert into segmentoVideo values(0, 19, '2018-12-26 15:42:23', 29);
insert into segmentoVideo values(0, 10, '2016-04-20 12:07:22', 30);
insert into segmentoVideo values(0, 26, '2016-03-24 12:50:33', 30);
insert into segmentoVideo values(0, 11, '2016-01-12 10:20:31', 30);
insert into segmentoVideo values(0, 2, '2017-05-29 17:28:30', 30);
insert into segmentoVideo values(1, 20, '2017-05-29 17:30:30', 30);
insert into segmentoVideo values(0, 2, '2016-12-28 21:12:42', 31);
insert into segmentoVideo values(1, 25, '2016-12-28 21:14:42', 31);
insert into segmentoVideo values(0, 2, '2017-02-18 22:45:25', 31);
insert into segmentoVideo values(1, 16, '2017-02-18 22:47:25', 31);
insert into segmentoVideo values(0, 28, '2017-04-04 03:52:15', 31);
insert into segmentoVideo values(0, 2, '2016-11-03 01:17:09', 31);
insert into segmentoVideo values(1, 28, '2016-11-03 01:19:09', 31);
insert into segmentoVideo values(0, 2, '2016-05-18 01:43:58', 32);
insert into segmentoVideo values(1, 19, '2016-05-18 01:45:58', 32);
insert into segmentoVideo values(0, 13, '2018-11-17 04:31:04', 32);
insert into segmentoVideo values(0, 2, '2018-01-20 09:40:05', 32);
insert into segmentoVideo values(1, 21, '2018-01-20 09:42:05', 32);
insert into segmentoVideo values(0, 2, '2016-07-23 04:17:16', 32);
insert into segmentoVideo values(1, 20, '2016-07-23 04:19:16', 32);
insert into segmentoVideo values(0, 2, '2018-03-26 12:13:31', 33);
insert into segmentoVideo values(1, 24, '2018-03-26 12:15:31', 33);
insert into segmentoVideo values(0, 2, '2017-08-02 08:19:51', 33);
insert into segmentoVideo values(1, 10, '2017-08-02 08:21:51', 33);
insert into segmentoVideo values(0, 29, '2016-02-22 22:09:34', 33);
insert into segmentoVideo values(0, 24, '2016-10-30 16:48:24', 34);
insert into segmentoVideo values(0, 2, '2016-07-06 21:44:58', 34);
insert into segmentoVideo values(1, 26, '2016-07-06 21:46:58', 34);
insert into segmentoVideo values(0, 19, '2018-07-25 03:44:14', 34);
insert into segmentoVideo values(0, 25, '2018-03-06 09:02:42', 35);
insert into segmentoVideo values(0, 2, '2016-07-08 12:51:06', 35);
insert into segmentoVideo values(1, 19, '2016-07-08 12:53:06', 35);
insert into segmentoVideo values(0, 30, '2018-06-14 06:24:28', 36);
insert into segmentoVideo values(0, 2, '2016-02-04 00:20:36', 36);
insert into segmentoVideo values(1, 18, '2016-02-04 00:22:36', 36);
insert into segmentoVideo values(0, 2, '2017-03-18 07:05:52', 36);
insert into segmentoVideo values(1, 14, '2017-03-18 07:07:52', 36);
insert into segmentoVideo values(0, 17, '2017-12-15 10:35:11', 36);
insert into segmentoVideo values(0, 25, '2016-01-12 05:26:25', 37);
insert into segmentoVideo values(0, 29, '2016-07-19 22:54:35', 37);
insert into segmentoVideo values(0, 2, '2017-12-23 04:04:07', 37);
insert into segmentoVideo values(1, 18, '2017-12-23 04:06:07', 37);
insert into segmentoVideo values(0, 2, '2018-07-14 18:56:55', 37);
insert into segmentoVideo values(1, 26, '2018-07-14 18:58:55', 37);
insert into segmentoVideo values(0, 2, '2018-12-01 18:07:11', 38);
insert into segmentoVideo values(1, 28, '2018-12-01 18:09:11', 38);
insert into segmentoVideo values(0, 10, '2018-07-11 20:06:07', 38);
insert into segmentoVideo values(0, 14, '2018-06-29 03:24:00', 38);
insert into segmentoVideo values(0, 21, '2017-04-20 23:12:11', 39);
insert into segmentoVideo values(0, 2, '2017-02-25 05:24:52', 39);
insert into segmentoVideo values(1, 20, '2017-02-25 05:26:52', 39);
insert into segmentoVideo values(0, 25, '2017-06-01 02:05:20', 39);
insert into segmentoVideo values(0, 18, '2018-11-14 10:12:30', 39);
insert into segmentoVideo values(0, 2, '2018-02-16 07:21:29', 40);
insert into segmentoVideo values(1, 9, '2018-02-16 07:23:29', 40);
insert into segmentoVideo values(0, 2, '2018-05-14 08:00:42', 40);
insert into segmentoVideo values(1, 27, '2018-05-14 08:02:42', 40);
insert into segmentoVideo values(0, 2, '2018-06-10 22:02:17', 40);
insert into segmentoVideo values(1, 15, '2018-06-10 22:04:17', 40);
insert into segmentoVideo values(0, 11, '2016-03-23 11:04:09', 41);
insert into segmentoVideo values(0, 27, '2018-12-04 10:30:43', 41);
insert into segmentoVideo values(0, 14, '2017-08-12 01:27:50', 42);
insert into segmentoVideo values(0, 13, '2018-12-13 16:23:54', 42);
insert into segmentoVideo values(0, 11, '2017-06-19 11:12:46', 42);
insert into segmentoVideo values(0, 18, '2017-10-30 04:35:51', 43);
insert into segmentoVideo values(0, 2, '2016-01-10 06:17:25', 43);
insert into segmentoVideo values(1, 19, '2016-01-10 06:19:25', 43);
insert into segmentoVideo values(0, 2, '2018-07-11 01:30:19', 43);
insert into segmentoVideo values(1, 11, '2018-07-11 01:32:19', 43);
insert into segmentoVideo values(0, 20, '2018-11-05 19:51:18', 44);
insert into segmentoVideo values(0, 2, '2017-11-04 14:31:41', 44);
insert into segmentoVideo values(1, 22, '2017-11-04 14:33:41', 44);
insert into segmentoVideo values(0, 2, '2016-08-06 20:49:20', 44);
insert into segmentoVideo values(1, 27, '2016-08-06 20:51:20', 44);
insert into segmentoVideo values(0, 2, '2017-09-06 16:05:37', 45);
insert into segmentoVideo values(1, 12, '2017-09-06 16:07:37', 45);
insert into segmentoVideo values(0, 2, '2017-11-20 06:54:49', 45);
insert into segmentoVideo values(1, 17, '2017-11-20 06:56:49', 45);
insert into segmentoVideo values(0, 2, '2017-09-02 01:33:10', 45);
insert into segmentoVideo values(1, 10, '2017-09-02 01:35:10', 45);
insert into segmentoVideo values(0, 2, '2018-09-09 11:53:10', 45);
insert into segmentoVideo values(1, 24, '2018-09-09 11:55:10', 45);
insert into segmentoVideo values(0, 17, '2018-10-08 07:43:59', 46);
insert into segmentoVideo values(0, 2, '2018-05-31 11:16:00', 46);
insert into segmentoVideo values(1, 25, '2018-05-31 11:18:00', 46);
insert into segmentoVideo values(0, 2, '2016-04-07 06:30:51', 46);
insert into segmentoVideo values(1, 12, '2016-04-07 06:32:51', 46);
insert into segmentoVideo values(0, 2, '2017-09-01 15:50:33', 46);
insert into segmentoVideo values(1, 20, '2017-09-01 15:52:33', 46);
insert into segmentoVideo values(0, 2, '2016-12-03 10:18:17', 47);
insert into segmentoVideo values(1, 10, '2016-12-03 10:20:17', 47);
insert into segmentoVideo values(0, 19, '2018-01-11 20:01:07', 47);
insert into segmentoVideo values(0, 2, '2018-05-27 06:31:44', 48);
insert into segmentoVideo values(1, 27, '2018-05-27 06:33:44', 48);
insert into segmentoVideo values(0, 24, '2016-02-06 12:04:39', 48);
insert into segmentoVideo values(0, 2, '2016-07-26 12:45:20', 48);
insert into segmentoVideo values(1, 9, '2016-07-26 12:47:20', 48);
insert into segmentoVideo values(0, 2, '2016-08-05 09:06:39', 48);
insert into segmentoVideo values(1, 26, '2016-08-05 09:08:39', 48);
insert into segmentoVideo values(0, 2, '2016-02-11 22:30:13', 49);
insert into segmentoVideo values(1, 28, '2016-02-11 22:32:13', 49);
insert into segmentoVideo values(0, 2, '2017-07-02 15:15:09', 49);
insert into segmentoVideo values(1, 8, '2017-07-02 15:17:09', 49);
insert into segmentoVideo values(0, 2, '2016-10-01 07:50:01', 49);
insert into segmentoVideo values(1, 24, '2016-10-01 07:52:01', 49);
insert into segmentoVideo values(0, 2, '2018-05-27 04:26:50', 50);
insert into segmentoVideo values(1, 24, '2018-05-27 04:28:50', 50);
insert into segmentoVideo values(0, 2, '2018-10-31 10:10:24', 50);
insert into segmentoVideo values(1, 22, '2018-10-31 10:12:24', 50);
insert into segmentoVideo values(0, 20, '2018-06-16 09:06:26', 50);
insert into segmentoVideo values(0, 2, '2018-09-09 13:14:47', 51);
insert into segmentoVideo values(1, 12, '2018-09-09 13:16:47', 51);
insert into segmentoVideo values(0, 2, '2017-09-09 12:17:56', 51);
insert into segmentoVideo values(1, 9, '2017-09-09 12:19:56', 51);
insert into segmentoVideo values(0, 2, '2018-11-11 16:39:36', 52);
insert into segmentoVideo values(1, 20, '2018-11-11 16:41:36', 52);
insert into segmentoVideo values(0, 28, '2017-05-01 04:53:54', 52);
insert into segmentoVideo values(0, 2, '2017-03-22 13:32:31', 52);
insert into segmentoVideo values(1, 27, '2017-03-22 13:34:31', 52);
insert into segmentoVideo values(0, 2, '2016-02-04 15:13:50', 53);
insert into segmentoVideo values(1, 18, '2016-02-04 15:15:50', 53);
insert into segmentoVideo values(0, 23, '2017-11-18 23:58:31', 53);
insert into segmentoVideo values(0, 2, '2018-03-16 15:08:25', 53);
insert into segmentoVideo values(1, 23, '2018-03-16 15:10:25', 53);
insert into segmentoVideo values(0, 2, '2017-08-14 15:37:11', 54);
insert into segmentoVideo values(1, 10, '2017-08-14 15:39:11', 54);
insert into segmentoVideo values(0, 10, '2018-10-30 01:16:27', 54);
insert into segmentoVideo values(0, 30, '2017-05-04 09:47:32', 54);
insert into segmentoVideo values(0, 2, '2017-01-22 04:17:15', 55);
insert into segmentoVideo values(1, 12, '2017-01-22 04:19:15', 55);
insert into segmentoVideo values(0, 11, '2016-08-19 05:06:49', 55);
insert into segmentoVideo values(0, 2, '2018-05-04 00:08:52', 55);
insert into segmentoVideo values(1, 20, '2018-05-04 00:10:52', 55);
insert into segmentoVideo values(0, 2, '2018-07-13 16:31:48', 55);
insert into segmentoVideo values(1, 18, '2018-07-13 16:33:48', 55);
insert into segmentoVideo values(0, 2, '2018-01-13 10:35:29', 56);
insert into segmentoVideo values(1, 25, '2018-01-13 10:37:29', 56);
insert into segmentoVideo values(0, 25, '2018-12-20 06:46:27', 56);
insert into segmentoVideo values(0, 2, '2016-04-21 17:31:34', 56);
insert into segmentoVideo values(1, 11, '2016-04-21 17:33:34', 56);
insert into segmentoVideo values(0, 2, '2018-07-13 18:41:20', 56);
insert into segmentoVideo values(1, 14, '2018-07-13 18:43:20', 56);
insert into segmentoVideo values(0, 10, '2016-07-31 13:06:43', 57);
insert into segmentoVideo values(0, 2, '2016-08-06 16:46:33', 57);
insert into segmentoVideo values(1, 9, '2016-08-06 16:48:33', 57);
insert into segmentoVideo values(0, 23, '2018-02-15 06:18:04', 57);
insert into segmentoVideo values(0, 2, '2018-05-02 04:38:10', 58);
insert into segmentoVideo values(1, 8, '2018-05-02 04:40:10', 58);
insert into segmentoVideo values(0, 22, '2016-07-17 12:23:13', 58);
insert into segmentoVideo values(0, 20, '2017-09-28 18:09:14', 58);
insert into segmentoVideo values(0, 2, '2016-10-14 05:01:48', 59);
insert into segmentoVideo values(1, 19, '2016-10-14 05:03:48', 59);
insert into segmentoVideo values(0, 21, '2018-10-31 13:35:07', 59);
insert into segmentoVideo values(0, 13, '2017-03-13 19:51:24', 59);
insert into segmentoVideo values(0, 2, '2017-12-24 19:59:19', 60);
insert into segmentoVideo values(1, 9, '2017-12-24 20:01:19', 60);
insert into segmentoVideo values(0, 2, '2018-04-29 11:48:52', 60);
insert into segmentoVideo values(1, 8, '2018-04-29 11:50:52', 60);
insert into segmentoVideo values(0, 2, '2018-12-25 16:51:56', 61);
insert into segmentoVideo values(1, 28, '2018-12-25 16:53:56', 61);
insert into segmentoVideo values(0, 16, '2017-12-25 12:01:48', 61);
insert into segmentoVideo values(0, 14, '2017-07-26 08:42:24', 61);
insert into segmentoVideo values(0, 2, '2016-12-31 07:04:22', 61);
insert into segmentoVideo values(1, 13, '2016-12-31 07:06:22', 61);
insert into segmentoVideo values(0, 24, '2017-06-24 17:22:04', 62);
insert into segmentoVideo values(0, 2, '2016-03-01 22:26:25', 62);
insert into segmentoVideo values(1, 15, '2016-03-01 22:28:25', 62);
insert into segmentoVideo values(0, 29, '2017-06-20 05:36:57', 63);
insert into segmentoVideo values(0, 30, '2017-10-29 03:21:19', 63);
insert into segmentoVideo values(0, 19, '2018-04-18 14:56:19', 63);
insert into segmentoVideo values(0, 19, '2016-01-08 08:11:53', 63);
insert into segmentoVideo values(0, 24, '2018-02-03 11:06:34', 64);
insert into segmentoVideo values(0, 2, '2018-03-12 21:51:08', 64);
insert into segmentoVideo values(1, 16, '2018-03-12 21:53:08', 64);
insert into segmentoVideo values(0, 14, '2017-01-16 06:10:42', 65);
insert into segmentoVideo values(0, 12, '2017-07-07 13:27:41', 65);
insert into segmentoVideo values(0, 2, '2017-05-05 09:07:15', 65);
insert into segmentoVideo values(1, 23, '2017-05-05 09:09:15', 65);
insert into segmentoVideo values(0, 2, '2016-09-20 16:43:46', 66);
insert into segmentoVideo values(1, 21, '2016-09-20 16:45:46', 66);
insert into segmentoVideo values(0, 2, '2016-08-16 02:50:23', 66);
insert into segmentoVideo values(1, 22, '2016-08-16 02:52:23', 66);
insert into segmentoVideo values(0, 11, '2016-06-26 02:09:02', 67);
insert into segmentoVideo values(0, 27, '2017-07-24 22:34:12', 67);
insert into segmentoVideo values(0, 21, '2018-04-29 12:35:06', 67);
insert into segmentoVideo values(0, 21, '2018-11-09 08:24:06', 67);
insert into segmentoVideo values(0, 21, '2018-11-29 06:15:26', 68);
insert into segmentoVideo values(0, 16, '2018-09-22 11:22:17', 68);
insert into segmentoVideo values(0, 2, '2018-12-01 06:33:39', 69);
insert into segmentoVideo values(1, 10, '2018-12-01 06:35:39', 69);
insert into segmentoVideo values(0, 18, '2018-01-09 13:26:23', 69);
insert into segmentoVideo values(0, 17, '2017-05-27 09:08:07', 69);
insert into segmentoVideo values(0, 14, '2016-12-19 17:05:35', 69);
insert into segmentoVideo values(0, 29, '2016-02-17 10:30:24', 70);
insert into segmentoVideo values(0, 2, '2016-08-27 17:10:15', 70);
insert into segmentoVideo values(1, 27, '2016-08-27 17:12:15', 70);
insert into segmentoVideo values(0, 2, '2017-06-17 15:32:36', 70);
insert into segmentoVideo values(1, 16, '2017-06-17 15:34:36', 70);
insert into segmentoVideo values(0, 28, '2018-05-01 17:09:15', 71);
insert into segmentoVideo values(0, 2, '2017-02-14 19:34:45', 71);
insert into segmentoVideo values(1, 14, '2017-02-14 19:36:45', 71);
insert into segmentoVideo values(0, 27, '2018-08-23 00:34:22', 71);
insert into segmentoVideo values(0, 2, '2016-07-26 14:10:56', 71);
insert into segmentoVideo values(1, 17, '2016-07-26 14:12:56', 71);
insert into segmentoVideo values(0, 2, '2018-12-25 10:44:40', 72);
insert into segmentoVideo values(1, 8, '2018-12-25 10:46:40', 72);
insert into segmentoVideo values(0, 14, '2017-08-02 02:54:16', 72);
insert into segmentoVideo values(0, 2, '2017-08-06 06:37:54', 72);
insert into segmentoVideo values(1, 9, '2017-08-06 06:39:54', 72);
insert into segmentoVideo values(0, 2, '2018-08-21 18:42:34', 72);
insert into segmentoVideo values(1, 13, '2018-08-21 18:44:34', 72);
insert into segmentoVideo values(0, 2, '2017-04-17 04:50:31', 73);
insert into segmentoVideo values(1, 10, '2017-04-17 04:52:31', 73);
insert into segmentoVideo values(0, 25, '2017-07-14 19:58:04', 73);
insert into segmentoVideo values(0, 2, '2017-05-04 08:53:30', 73);
insert into segmentoVideo values(1, 19, '2017-05-04 08:55:30', 73);
insert into segmentoVideo values(0, 29, '2016-08-09 00:21:43', 73);
insert into segmentoVideo values(0, 22, '2018-12-18 14:29:51', 74);
insert into segmentoVideo values(0, 26, '2017-10-26 14:03:58', 74);
insert into segmentoVideo values(0, 2, '2016-11-10 17:41:49', 75);
insert into segmentoVideo values(1, 27, '2016-11-10 17:43:49', 75);
insert into segmentoVideo values(0, 18, '2017-10-07 05:29:59', 75);
insert into segmentoVideo values(0, 23, '2018-04-22 04:42:04', 76);
insert into segmentoVideo values(0, 24, '2016-09-02 22:49:46', 76);
insert into segmentoVideo values(0, 12, '2018-08-10 08:11:55', 76);
insert into segmentoVideo values(0, 11, '2016-03-07 16:40:38', 76);
insert into segmentoVideo values(0, 2, '2017-06-30 07:45:06', 77);
insert into segmentoVideo values(1, 12, '2017-06-30 07:47:06', 77);
insert into segmentoVideo values(0, 12, '2016-04-04 07:06:19', 77);
insert into segmentoVideo values(0, 2, '2016-05-24 04:40:05', 77);
insert into segmentoVideo values(1, 28, '2016-05-24 04:42:05', 77);
insert into segmentoVideo values(0, 2, '2018-11-29 19:57:18', 77);
insert into segmentoVideo values(1, 22, '2018-11-29 19:59:18', 77);
insert into segmentoVideo values(0, 2, '2018-05-31 22:18:10', 78);
insert into segmentoVideo values(1, 21, '2018-05-31 22:20:10', 78);
insert into segmentoVideo values(0, 19, '2016-11-11 20:05:20', 78);
insert into segmentoVideo values(0, 2, '2017-07-03 19:17:54', 79);
insert into segmentoVideo values(1, 19, '2017-07-03 19:19:54', 79);
insert into segmentoVideo values(0, 20, '2018-11-16 06:22:48', 79);
insert into segmentoVideo values(0, 18, '2018-01-05 00:31:10', 80);
insert into segmentoVideo values(0, 30, '2018-02-09 12:56:02', 80);
insert into segmentoVideo values(0, 2, '2018-04-02 22:12:07', 80);
insert into segmentoVideo values(1, 26, '2018-04-02 22:14:07', 80);
insert into segmentoVideo values(0, 28, '2017-10-30 20:05:01', 80);
insert into segmentoVideo values(0, 11, '2017-02-02 19:17:14', 81);
insert into segmentoVideo values(0, 2, '2018-09-20 10:02:21', 81);
insert into segmentoVideo values(1, 19, '2018-09-20 10:04:21', 81);
insert into segmentoVideo values(0, 13, '2016-02-14 20:36:01', 82);
insert into segmentoVideo values(0, 2, '2018-04-05 21:03:32', 82);
insert into segmentoVideo values(1, 12, '2018-04-05 21:05:32', 82);
insert into segmentoVideo values(0, 2, '2018-04-11 09:14:50', 82);
insert into segmentoVideo values(1, 23, '2018-04-11 09:16:50', 82);
insert into segmentoVideo values(0, 19, '2017-06-09 14:04:41', 82);
insert into segmentoVideo values(0, 2, '2016-06-15 21:32:29', 83);
insert into segmentoVideo values(1, 17, '2016-06-15 21:34:29', 83);
insert into segmentoVideo values(0, 17, '2016-06-01 16:28:16', 83);
insert into segmentoVideo values(0, 2, '2017-08-14 10:01:04', 83);
insert into segmentoVideo values(1, 15, '2017-08-14 10:03:04', 83);
insert into segmentoVideo values(0, 13, '2017-01-23 22:39:29', 84);
insert into segmentoVideo values(0, 13, '2016-05-04 04:20:47', 84);
insert into segmentoVideo values(0, 2, '2017-03-30 21:01:54', 84);
insert into segmentoVideo values(1, 24, '2017-03-30 21:03:54', 84);
insert into segmentoVideo values(0, 18, '2018-06-09 19:03:54', 84);
insert into segmentoVideo values(0, 2, '2017-06-25 13:00:44', 85);
insert into segmentoVideo values(1, 13, '2017-06-25 13:02:44', 85);
insert into segmentoVideo values(0, 2, '2017-06-29 06:24:08', 85);
insert into segmentoVideo values(1, 26, '2017-06-29 06:26:08', 85);
insert into segmentoVideo values(0, 20, '2018-09-13 12:57:04', 85);
insert into segmentoVideo values(0, 2, '2017-06-01 21:03:26', 86);
insert into segmentoVideo values(1, 9, '2017-06-01 21:05:26', 86);
insert into segmentoVideo values(0, 2, '2017-01-23 02:28:24', 86);
insert into segmentoVideo values(1, 27, '2017-01-23 02:30:24', 86);
insert into segmentoVideo values(0, 2, '2018-05-06 08:59:25', 86);
insert into segmentoVideo values(1, 15, '2018-05-06 09:01:25', 86);
insert into segmentoVideo values(0, 2, '2016-11-16 04:14:16', 87);
insert into segmentoVideo values(1, 18, '2016-11-16 04:16:16', 87);
insert into segmentoVideo values(0, 14, '2017-09-11 19:28:39', 87);
insert into segmentoVideo values(0, 21, '2018-10-19 06:14:30', 88);
insert into segmentoVideo values(0, 2, '2016-01-29 12:06:45', 88);
insert into segmentoVideo values(1, 23, '2016-01-29 12:08:45', 88);
insert into segmentoVideo values(0, 30, '2016-10-21 21:52:33', 88);
insert into segmentoVideo values(0, 28, '2017-08-18 06:32:27', 88);
insert into segmentoVideo values(0, 2, '2018-11-08 01:45:12', 89);
insert into segmentoVideo values(1, 20, '2018-11-08 01:47:12', 89);
insert into segmentoVideo values(0, 2, '2016-03-23 12:49:31', 89);
insert into segmentoVideo values(1, 20, '2016-03-23 12:51:31', 89);
insert into segmentoVideo values(0, 2, '2016-11-05 22:41:43', 90);
insert into segmentoVideo values(1, 13, '2016-11-05 22:43:43', 90);
insert into segmentoVideo values(0, 26, '2017-05-15 21:39:50', 90);
insert into segmentoVideo values(0, 17, '2016-12-15 03:37:13', 91);
insert into segmentoVideo values(0, 17, '2016-12-18 01:01:53', 91);
insert into segmentoVideo values(0, 2, '2016-04-14 02:00:29', 92);
insert into segmentoVideo values(1, 12, '2016-04-14 02:02:29', 92);
insert into segmentoVideo values(0, 2, '2018-11-30 00:40:35', 92);
insert into segmentoVideo values(1, 9, '2018-11-30 00:42:35', 92);
insert into segmentoVideo values(0, 18, '2016-01-06 00:20:13', 93);
insert into segmentoVideo values(0, 24, '2018-10-22 20:22:30', 93);
insert into segmentoVideo values(0, 28, '2018-01-01 23:27:20', 94);
insert into segmentoVideo values(0, 24, '2018-12-09 22:41:31', 94);
insert into segmentoVideo values(0, 2, '2016-06-25 12:23:31', 94);
insert into segmentoVideo values(1, 20, '2016-06-25 12:25:31', 94);
insert into segmentoVideo values(0, 2, '2017-10-10 23:40:51', 95);
insert into segmentoVideo values(1, 26, '2017-10-10 23:42:51', 95);
insert into segmentoVideo values(0, 2, '2018-05-28 06:32:36', 95);
insert into segmentoVideo values(1, 15, '2018-05-28 06:34:36', 95);
insert into segmentoVideo values(0, 2, '2016-09-16 22:59:32', 96);
insert into segmentoVideo values(1, 25, '2016-09-16 23:01:32', 96);
insert into segmentoVideo values(0, 24, '2017-03-25 18:01:10', 96);
insert into segmentoVideo values(0, 29, '2016-10-23 13:59:06', 96);
insert into segmentoVideo values(0, 24, '2018-07-25 12:01:26', 96);
insert into segmentoVideo values(0, 10, '2016-01-04 12:04:07', 97);
insert into segmentoVideo values(0, 28, '2018-06-25 22:39:06', 97);
insert into segmentoVideo values(0, 2, '2018-06-12 22:56:17', 98);
insert into segmentoVideo values(1, 13, '2018-06-12 22:58:17', 98);
insert into segmentoVideo values(0, 22, '2017-10-27 15:52:03', 98);
insert into segmentoVideo values(0, 2, '2016-09-01 08:24:11', 99);
insert into segmentoVideo values(1, 9, '2016-09-01 08:26:11', 99);
insert into segmentoVideo values(0, 20, '2017-06-04 00:44:11', 99);
insert into segmentoVideo values(0, 10, '2018-11-06 06:40:50', 100);
insert into segmentoVideo values(0, 2, '2016-09-15 12:30:58', 100);
insert into segmentoVideo values(1, 8, '2016-09-15 12:32:58', 100);
insert into segmentoVideo values(0, 27, '2018-08-18 14:54:36', 100);
insert into segmentoVideo values(0, 2, '2016-11-03 00:53:04', 100);
insert into segmentoVideo values(1, 14, '2016-11-03 00:55:04', 100);
insert into segmentoVideo values(0, 23, '2018-02-23 01:19:19', 101);
insert into segmentoVideo values(0, 2, '2016-01-25 22:35:15', 101);
insert into segmentoVideo values(1, 14, '2016-01-25 22:37:15', 101);
insert into segmentoVideo values(0, 2, '2018-12-18 12:51:14', 101);
insert into segmentoVideo values(1, 15, '2018-12-18 12:53:14', 101);
insert into segmentoVideo values(0, 23, '2018-05-23 00:05:07', 101);



insert into local values('Portimo');
insert into local values('Vila Real');
insert into local values('Bragana');
insert into local values('Viana do Castelo');
insert into local values('Alcobaa');
insert into local values('Sintra');
insert into local values('Funchal');
insert into local values('Portalegre');
insert into local values('Aveiro');
insert into local values('Almada');
insert into local values('Barreiro');
insert into local values('Cartaxo');
insert into local values('Elvas');
insert into local values('Chaves');
insert into local values('Ftima');
insert into local values('Espinho');
insert into local values('Guarda');
insert into local values('Gouveia');
insert into local values('Fundo');
insert into local values('Leiria');
insert into local values('Maia');
insert into local values('Loures');
insert into local values('Moura');
insert into local values('Mirandela');
insert into local values('Penafiel');
insert into local values('Pinhel');
insert into local values('Praia da Vitria');
insert into local values('Queluz');
insert into local values('Ribeira Grande');
insert into local values('Santana');
insert into local values('Santa Cruz');
insert into local values('Seia');
insert into local values('So Pedro do Sul');
insert into local values('Tomar');
insert into local values('Tavira');
insert into local values('Trancoso');
insert into local values('Trofa');
insert into local values('Lisboa');
insert into local values('Porto');
insert into local values('Braga');
insert into local values('Coimbra');
insert into local values('Amadora');
insert into local values('Vila Nova de Gaia');
insert into local values('Setbal');
insert into local values('Beja');
insert into local values('vora');
insert into local values('Faro');
insert into local values('Sines');
insert into local values('Monchique');
insert into local values('Viseu');
insert into local values('Montijo');
insert into local values('Alcochete');
insert into local values('Oliveira do Hospital');
insert into local values('Albufeira');
insert into local values('Olho');
insert into local values('Redondo');
insert into local values('Vila das Aves');
insert into local values('Abrantes');
insert into local values('gueda');
insert into local values('Alccer do Sal');
insert into local values('Alcobaa');
insert into local values('Alfena');
insert into local values('Chaves');
insert into local values('Costa da Caparica');
insert into local values('Cartaxo');
insert into local values('Esmoriz');
insert into local values('Estarreja');
insert into local values('Fafe');
insert into local values('Santo Andr');
insert into local values('Felgueiras');
insert into local values('Ftima');
insert into local values('Funchal');
insert into local values('Gondomar');
insert into local values('Nazar');
insert into local values('Horta');
insert into local values('Lagoa');
insert into local values('Lagos');
insert into local values('Sagres');
insert into local values('Loul');
insert into local values('Castro Daire');
insert into local values('Marco de Canavezes');
insert into local values('Montemor-o-Novo');
insert into local values('Ovar');
insert into local values('Peniche');
insert into local values('Ericeira');
insert into local values('Pombal');
insert into local values('Cascais');
insert into local values('Rio Maior');
insert into local values('Sabugal');
insert into local values('Santana');
insert into local values('Santo Tirso');
insert into local values('Seixal');
insert into local values('Silves');
insert into local values('Tondela');
insert into local values('Valongo');
insert into local values('Vizela');
insert into local values('lhavo');
insert into local values('Lamego');
insert into local values('Lixa');
insert into local values('Lourosa');
insert into local values('Macedo de Cavaleiros');
insert into local values('Machico');



insert into vigia values('Olho', 0);
insert into vigia values('Alcobaa', 1);
insert into vigia values('Pombal', 2);
insert into vigia values('Espinho', 3);
insert into vigia values('Felgueiras', 4);
insert into vigia values('Tondela', 5);
insert into vigia values('Praia da Vitria', 6);
insert into vigia values('Gondomar', 7);
insert into vigia values('Vila Nova de Gaia', 8);
insert into vigia values('Tavira', 9);
insert into vigia values('Loul', 10);
insert into vigia values('Ftima', 11);
insert into vigia values('Santana', 12);
insert into vigia values('Sines', 13);
insert into vigia values('Seia', 14);
insert into vigia values('Albufeira', 15);
insert into vigia values('Horta', 16);
insert into vigia values('Redondo', 17);
insert into vigia values('Macedo de Cavaleiros', 18);
insert into vigia values('Albufeira', 19);
insert into vigia values('Mirandela', 20);
insert into vigia values('Espinho', 21);
insert into vigia values('Olho', 22);
insert into vigia values('vora', 23);
insert into vigia values('Cascais', 24);
insert into vigia values('Peniche', 25);
insert into vigia values('Tavira', 26);
insert into vigia values('Vila Real', 27);
insert into vigia values('Castro Daire', 28);
insert into vigia values('Queluz', 29);
insert into vigia values('lhavo', 30);
insert into vigia values('Alfena', 31);
insert into vigia values('Rio Maior', 32);
insert into vigia values('Alcobaa', 33);
insert into vigia values('Valongo', 34);
insert into vigia values('Abrantes', 35);
insert into vigia values('Vila das Aves', 36);
insert into vigia values('Beja', 37);
insert into vigia values('Gondomar', 38);
insert into vigia values('Ribeira Grande', 39);
insert into vigia values('gueda', 40);
insert into vigia values('Espinho', 41);
insert into vigia values('Lagoa', 42);
insert into vigia values('Costa da Caparica', 43);
insert into vigia values('Santo Tirso', 44);
insert into vigia values('Vizela', 45);
insert into vigia values('Guarda', 46);
insert into vigia values('Marco de Canavezes', 47);
insert into vigia values('Mirandela', 48);
insert into vigia values('Montemor-o-Novo', 49);
insert into vigia values('Guarda', 50);
insert into vigia values('Ericeira', 51);
insert into vigia values('Portimo', 52);
insert into vigia values('Beja', 53);
insert into vigia values('So Pedro do Sul', 54);
insert into vigia values('Santo Tirso', 55);
insert into vigia values('Loul', 56);
insert into vigia values('Moura', 57);
insert into vigia values('Machico', 58);
insert into vigia values('Ericeira', 59);
insert into vigia values('Peniche', 60);
insert into vigia values('Santo Tirso', 61);
insert into vigia values('Funchal', 62);
insert into vigia values('Fundo', 63);
insert into vigia values('Machico', 64);
insert into vigia values('Lixa', 65);
insert into vigia values('Viana do Castelo', 66);
insert into vigia values('Tondela', 67);
insert into vigia values('Leiria', 68);
insert into vigia values('Vila Nova de Gaia', 69);
insert into vigia values('lhavo', 70);
insert into vigia values('Vila das Aves', 71);
insert into vigia values('vora', 72);
insert into vigia values('Queluz', 73);
insert into vigia values('Sines', 74);
insert into vigia values('Santo Tirso', 75);
insert into vigia values('Cartaxo', 76);
insert into vigia values('Tondela', 77);
insert into vigia values('Cascais', 78);
insert into vigia values('Rio Maior', 79);
insert into vigia values('Monchique', 80);
insert into vigia values('Esmoriz', 81);
insert into vigia values('Almada', 82);
insert into vigia values('Marco de Canavezes', 83);
insert into vigia values('Tondela', 84);
insert into vigia values('Moura', 85);
insert into vigia values('Vila Real', 86);
insert into vigia values('Olho', 87);
insert into vigia values('Braga', 88);
insert into vigia values('Pombal', 89);
insert into vigia values('Rio Maior', 90);
insert into vigia values('Rio Maior', 91);
insert into vigia values('Santana', 92);
insert into vigia values('Montijo', 93);
insert into vigia values('Elvas', 94);
insert into vigia values('Penafiel', 95);
insert into vigia values('Santa Cruz', 96);
insert into vigia values('Alcobaa', 97);
insert into vigia values('Trofa', 98);
insert into vigia values('Cascais', 99);
insert into vigia values('Lagos', 100);
insert into vigia values('Montemor-o-Novo', 101);



insert into eventoEmergencia values(960000000, '2017-08-07 12:03:17', 'Maria', 'Chaves', 0);
insert into eventoEmergencia values(960000001, '2017-11-21 19:38:03', 'Carolina', 'Gouveia', 1);
insert into eventoEmergencia values(960000002, '2016-02-21 15:08:26', 'Maria', 'Tondela', 2);
insert into eventoEmergencia values(960000003, '2017-02-01 00:37:44', 'Ricardo', 'Funchal', 3);
insert into eventoEmergencia values(960000004, '2016-11-20 18:07:15', 'Carolina', 'Bragana', 4);
insert into eventoEmergencia values(960000005, '2016-09-16 14:32:28', 'Simo', 'Marco de Canavezes', 5);
insert into eventoEmergencia values(960000006, '2016-04-15 04:55:18', 'Lus', 'Cascais', 6);
insert into eventoEmergencia values(960000007, '2018-07-02 14:45:10', 'Bruno Fernandes', 'Albufeira', 7);
insert into eventoEmergencia values(960000008, '2016-04-28 12:51:13', 'Joo', 'Santana', 8);
insert into eventoEmergencia values(960000009, '2017-12-23 22:38:47', 'Joo', 'Funchal', 9);
insert into eventoEmergencia values(960000010, '2018-07-30 22:19:12', 'Ana', 'Ribeira Grande', 10);
insert into eventoEmergencia values(960000011, '2018-08-23 23:19:39', 'Cames', 'Redondo', 11);
insert into eventoEmergencia values(960000012, '2017-06-11 18:01:00', 'Simo', 'Porto', 12);
insert into eventoEmergencia values(960000013, '2018-01-29 09:40:36', 'Maria', 'Ftima', 13);
insert into eventoEmergencia values(960000014, '2017-01-06 01:37:47', 'Joana', 'Viseu', 14);
insert into eventoEmergencia values(960000015, '2017-08-02 06:31:27', 'Maria', 'Sagres', 15);
insert into eventoEmergencia values(960000016, '2016-04-24 08:37:14', 'Margarida', 'Montemor-o-Novo', 16);
insert into eventoEmergencia values(960000017, '2018-06-28 12:05:28', 'Ana', 'Seixal', 17);
insert into eventoEmergencia values(960000018, '2017-12-13 18:04:34', 'Ana', 'Alcobaa', 18);
insert into eventoEmergencia values(960000019, '2018-07-04 00:11:13', 'Simo', 'Funchal', 19);
insert into eventoEmergencia values(960000020, '2016-05-17 00:11:00', 'Pedro', 'Castro Daire', 20);
insert into eventoEmergencia values(960000021, '2018-09-06 13:22:45', 'Pedro', 'Albufeira', 21);
insert into eventoEmergencia values(960000022, '2016-07-04 11:42:14', 'Jonas', 'gueda', 22);
insert into eventoEmergencia values(960000023, '2017-10-29 15:10:33', 'Marega', 'Alccer do Sal', 23);
insert into eventoEmergencia values(960000024, '2017-12-09 10:42:48', 'Ricardo', 'Peniche', 24);
insert into eventoEmergencia values(960000025, '2017-08-31 10:35:20', 'Rita', 'Mirandela', 25);
insert into eventoEmergencia values(960000026, '2017-03-16 03:56:58', 'Lus', 'Gouveia', 26);
insert into eventoEmergencia values(960000027, '2016-05-22 15:19:11', 'Margarida', 'Esmoriz', 27);
insert into eventoEmergencia values(960000028, '2017-10-22 08:52:17', 'Sancidino', 'Setbal', 28);
insert into eventoEmergencia values(960000029, '2017-11-25 07:55:28', 'Toms', 'Tavira', 29);
insert into eventoEmergencia values(960000030, '2018-03-13 21:43:28', 'Bruno Fernandes', 'Barreiro', 30);
insert into eventoEmergencia values(960000031, '2017-07-06 20:08:27', 'Joo', 'Tondela', 31);
insert into eventoEmergencia values(960000032, '2018-02-03 17:00:44', 'Joana', 'Fundo', 32);
insert into eventoEmergencia values(960000033, '2018-06-01 22:33:57', 'Toms', 'Setbal', 33);
insert into eventoEmergencia values(960000034, '2018-01-03 16:27:09', 'Lus', 'Lisboa', 34);
insert into eventoEmergencia values(960000035, '2017-10-29 00:37:38', 'Margarida', 'Amadora', 35);
insert into eventoEmergencia values(960000036, '2018-01-23 06:02:24', 'Simo', 'Rio Maior', 36);
insert into eventoEmergencia values(960000037, '2016-11-04 12:23:55', 'Cristiano Ronaldo', 'Horta', 37);
insert into eventoEmergencia values(960000038, '2017-11-13 02:45:13', 'Lus', 'Monchique', 38);
insert into eventoEmergencia values(960000039, '2018-03-30 15:20:56', 'Miguel', 'Sabugal', 39);
insert into eventoEmergencia values(960000040, '2016-03-06 16:47:40', 'Toms', 'Vila das Aves', 40);
insert into eventoEmergencia values(960000041, '2018-05-05 06:49:39', 'Miguel', 'Moura', 41);
insert into eventoEmergencia values(960000042, '2016-08-16 12:54:13', 'Margarida', 'Espinho', 42);
insert into eventoEmergencia values(960000043, '2016-10-26 08:56:11', 'Bruno Fernandes', 'Seixal', 43);
insert into eventoEmergencia values(960000044, '2017-06-15 06:39:18', 'Miguel', 'Porto', 44);
insert into eventoEmergencia values(960000045, '2017-03-18 00:00:47', 'Cames', 'Gouveia', 45);
insert into eventoEmergencia values(960000046, '2016-12-21 19:27:12', 'Joana', 'Coimbra', 46);
insert into eventoEmergencia values(960000047, '2017-08-08 09:56:38', 'Lus', 'lhavo', 47);
insert into eventoEmergencia values(960000048, '2018-10-27 22:47:43', 'der', 'Espinho', 48);
insert into eventoEmergencia values(960000049, '2018-03-01 03:44:13', 'Cames', 'vora', 49);
insert into eventoEmergencia values(960000050, '2017-09-27 13:51:56', 'Rita', 'Redondo', 50);
insert into eventoEmergencia values(960000051, '2018-06-26 10:28:21', 'Simo', 'Pinhel', 51);
insert into eventoEmergencia values(960000052, '2016-10-26 08:38:07', 'Cames', 'Mirandela', 52);
insert into eventoEmergencia values(960000053, '2018-03-24 09:51:59', 'Ricardo', 'Viana do Castelo', 53);
insert into eventoEmergencia values(960000054, '2016-06-20 05:45:51', 'Miguel', 'Lamego', 54);
insert into eventoEmergencia values(960000055, '2016-12-15 03:33:55', 'Ricardo', 'Pinhel', 55);
insert into eventoEmergencia values(960000056, '2016-01-12 08:52:19', 'Jonas', 'Loul', 56);
insert into eventoEmergencia values(960000057, '2016-08-18 03:28:50', 'Margarida', 'Queluz', 57);
insert into eventoEmergencia values(960000058, '2016-09-08 06:45:06', 'Joana', 'Montemor-o-Novo', 58);
insert into eventoEmergencia values(960000059, '2017-09-06 16:00:42', 'Lus', 'Machico', 59);
insert into eventoEmergencia values(960000060, '2018-11-29 03:18:05', 'Madalena', 'Porto', 60);
insert into eventoEmergencia values(960000061, '2016-11-08 18:58:57', 'Ricardo', 'Trancoso', 61);
insert into eventoEmergencia values(960000062, '2018-05-24 22:41:37', 'der', 'Seia', 62);
insert into eventoEmergencia values(960000063, '2018-05-03 14:29:13', 'Maria', 'Funchal', 63);
insert into eventoEmergencia values(960000064, '2017-05-07 19:57:27', 'Miguel', 'Pombal', 64);
insert into eventoEmergencia values(960000065, '2018-12-24 19:28:10', 'Ricardo', 'Vila das Aves', 65);
insert into eventoEmergencia values(960000066, '2016-07-13 08:14:59', 'Lus', 'Silves', 66);
insert into eventoEmergencia values(960000067, '2017-10-02 15:20:57', 'Margarida', 'Gondomar', 67);
insert into eventoEmergencia values(960000068, '2016-04-23 05:34:56', 'Jonas', 'Horta', 68);
insert into eventoEmergencia values(960000069, '2018-09-21 14:45:43', 'Ricardo', 'Viana do Castelo', 69);
insert into eventoEmergencia values(960000070, '2016-11-20 13:20:21', 'Ricardo', 'Tondela', 70);
insert into eventoEmergencia values(960000071, '2017-03-12 14:17:03', 'Madalena', 'Macedo de Cavaleiros', 71);
insert into eventoEmergencia values(960000072, '2017-06-10 14:02:40', 'Carolina', 'Rio Maior', 72);
insert into eventoEmergencia values(960000073, '2017-07-19 21:34:21', 'Joana', 'Albufeira', 73);
insert into eventoEmergencia values(960000074, '2017-03-29 21:13:58', 'Ana', 'Fundo', 74);
insert into eventoEmergencia values(960000075, '2016-05-04 10:51:56', 'der', 'Monchique', 75);
insert into eventoEmergencia values(960000076, '2018-08-01 22:10:44', 'Sancidino', 'Albufeira', 76);
insert into eventoEmergencia values(960000077, '2016-04-28 00:54:37', 'Cristiano Ronaldo', 'Coimbra', 77);
insert into eventoEmergencia values(960000078, '2016-05-15 16:34:11', 'Maria', 'Montemor-o-Novo', 78);
insert into eventoEmergencia values(960000079, '2018-10-10 08:52:28', 'Carolina', 'Portimo', 79);
insert into eventoEmergencia values(960000080, '2017-03-08 12:50:52', 'der', 'Sines', 80);
insert into eventoEmergencia values(960000081, '2017-12-05 05:51:53', 'Joana', 'Tondela', 81);
insert into eventoEmergencia values(960000082, '2016-02-16 23:24:13', 'Lus', 'Castro Daire', 82);
insert into eventoEmergencia values(960000083, '2017-12-13 09:59:13', 'Joana', 'Olho', 83);
insert into eventoEmergencia values(960000084, '2016-02-10 16:23:43', 'Toms', 'Silves', 84);
insert into eventoEmergencia values(960000085, '2017-06-23 10:52:43', 'Rita', 'Ericeira', 85);
insert into eventoEmergencia values(960000086, '2017-10-23 20:39:56', 'Rita', 'Monchique', 86);
insert into eventoEmergencia values(960000087, '2018-12-01 20:33:47', 'Jonas', 'Seia', 87);
insert into eventoEmergencia values(960000088, '2016-12-22 03:58:41', 'Margarida', 'Felgueiras', 88);
insert into eventoEmergencia values(960000089, '2016-12-01 06:30:26', 'Madalena', 'Albufeira', 89);
insert into eventoEmergencia values(960000090, '2018-06-08 07:48:58', 'Sancidino', 'Barreiro', 90);
insert into eventoEmergencia values(960000091, '2018-12-07 00:19:32', 'Cristiano Ronaldo', 'Tondela', 91);
insert into eventoEmergencia values(960000092, '2018-03-05 06:43:23', 'Sancidino', 'Pinhel', 92);
insert into eventoEmergencia values(960000093, '2017-02-24 22:44:28', 'Margarida', 'vora', 93);
insert into eventoEmergencia values(960000094, '2017-04-24 17:51:54', 'Joo', 'Tavira', 94);
insert into eventoEmergencia values(960000095, '2018-05-14 08:04:45', 'Lus', 'Olho', 95);
insert into eventoEmergencia values(960000096, '2018-08-12 00:19:52', 'Carolina', 'Castro Daire', 96);
insert into eventoEmergencia values(960000097, '2017-12-12 02:14:06', 'Simo', 'Cartaxo', 97);
insert into eventoEmergencia values(960000098, '2016-02-02 03:13:06', 'Joana', 'Loures', 98);
insert into eventoEmergencia values(960000099, '2017-02-09 04:03:47', 'Bruno Fernandes', 'Macedo de Cavaleiros', 99);
insert into eventoEmergencia values(960000100, '2016-12-30 14:50:50', 'Sancidino', 'Espinho', 100);
insert into eventoEmergencia values(960000101, '2018-12-29 20:28:02', 'Toms', 'gueda', 101);
insert into eventoEmergencia values(960000102, '2017-01-11 13:44:52', 'Lus', 'Ftima', 0);
insert into eventoEmergencia values(960000103, '2016-06-05 10:13:51', 'Margarida', 'Chaves', 1);
insert into eventoEmergencia values(960000104, '2016-10-16 05:47:12', 'Joana', 'Portimo', 2);
insert into eventoEmergencia values(960000105, '2017-10-02 16:33:05', 'Ricardo', 'Braga', 3);
insert into eventoEmergencia values(960000106, '2016-02-04 04:34:01', 'Cristiano Ronaldo', 'Braga', 4);
insert into eventoEmergencia values(960000107, '2018-01-01 08:05:08', 'Joo', 'Santana', 5);
insert into eventoEmergencia values(960000108, '2016-01-09 02:30:51', 'Catarina', 'Lagoa', 6);
insert into eventoEmergencia values(960000109, '2016-07-04 03:09:41', 'der', 'Peniche', 7);
insert into eventoEmergencia values(960000110, '2018-03-24 01:24:51', 'Lus', 'Almada', 8);
insert into eventoEmergencia values(960000111, '2018-02-06 02:27:21', 'Marega', 'Almada', 9);
insert into eventoEmergencia values(960000112, '2016-11-29 22:39:52', 'Lus', 'Horta', 10);
insert into eventoEmergencia values(960000113, '2018-04-02 13:38:19', 'Joo', 'Santana', 11);
insert into eventoEmergencia values(960000114, '2017-06-20 13:31:50', 'Pedro', 'Sintra', 12);
insert into eventoEmergencia values(960000115, '2016-07-09 16:52:29', 'Pedro', 'Gouveia', 13);
insert into eventoEmergencia values(960000116, '2018-11-28 17:04:08', 'Margarida', 'Costa da Caparica', 14);
insert into eventoEmergencia values(960000117, '2016-06-24 10:13:43', 'Margarida', 'Elvas', 15);
insert into eventoEmergencia values(960000118, '2017-12-02 06:50:45', 'Catarina', 'Beja', 16);
insert into eventoEmergencia values(960000119, '2018-07-09 00:07:21', 'Joana', 'Chaves', 17);
insert into eventoEmergencia values(960000120, '2016-11-27 18:35:22', 'Ana', 'Porto', 18);
insert into eventoEmergencia values(960000121, '2016-06-17 05:14:57', 'Catarina', 'Elvas', 19);
insert into eventoEmergencia values(960000122, '2018-02-26 11:24:32', 'Jonas', 'Vila Nova de Gaia', 20);
insert into eventoEmergencia values(960000123, '2017-04-19 07:57:21', 'Cristiano Ronaldo', 'Lagos', 21);
insert into eventoEmergencia values(960000124, '2016-05-18 15:39:43', 'Cristiano Ronaldo', 'Bragana', 22);
insert into eventoEmergencia values(960000125, '2016-02-25 12:46:53', 'Carolina', 'So Pedro do Sul', 23);
insert into eventoEmergencia values(960000126, '2017-12-04 21:09:15', 'Lus', 'Gondomar', 24);
insert into eventoEmergencia values(960000127, '2017-10-18 21:35:37', 'Ricardo', 'Trofa', 25);
insert into eventoEmergencia values(960000128, '2017-12-19 11:34:57', 'Marega', 'Esmoriz', 26);
insert into eventoEmergencia values(960000129, '2018-08-28 18:53:12', 'Cristiano Ronaldo', 'Santo Andr', 27);
insert into eventoEmergencia values(960000130, '2017-09-06 22:32:53', 'Cames', 'Alccer do Sal', 28);
insert into eventoEmergencia values(960000131, '2016-02-24 16:38:47', 'Cames', 'Alfena', 29);
insert into eventoEmergencia values(960000132, '2017-07-24 18:56:49', 'Toms', 'Espinho', 30);
insert into eventoEmergencia values(960000133, '2016-04-23 01:38:30', 'Bruno Fernandes', 'Sagres', 31);
insert into eventoEmergencia values(960000134, '2016-12-27 11:23:17', 'Cames', 'Viseu', 32);
insert into eventoEmergencia values(960000135, '2016-03-26 09:58:26', 'Pedro', 'Gouveia', 33);
insert into eventoEmergencia values(960000136, '2018-11-16 08:15:05', 'Pedro', 'Vizela', 34);
insert into eventoEmergencia values(960000137, '2017-08-30 05:28:24', 'Margarida', 'Praia da Vitria', 35);
insert into eventoEmergencia values(960000138, '2017-12-05 01:00:52', 'Carolina', 'Redondo', 36);
insert into eventoEmergencia values(960000139, '2017-03-17 00:00:29', 'Toms', 'Marco de Canavezes', 37);
insert into eventoEmergencia values(960000140, '2017-06-28 05:54:52', 'Bruno Fernandes', 'Montemor-o-Novo', 38);
insert into eventoEmergencia values(960000141, '2017-05-12 04:11:12', 'Rita', 'Lamego', 39);
insert into eventoEmergencia values(960000142, '2016-05-15 22:05:06', 'Miguel', 'Almada', 40);
insert into eventoEmergencia values(960000143, '2016-08-10 22:03:05', 'Jonas', 'Sagres', 41);
insert into eventoEmergencia values(960000144, '2018-06-04 22:51:28', 'Simo', 'Chaves', 42);
insert into eventoEmergencia values(960000145, '2016-02-01 16:24:59', 'Maria', 'Cartaxo', 43);
insert into eventoEmergencia values(960000146, '2016-10-22 14:28:23', 'Maria', 'Oliveira do Hospital', 44);
insert into eventoEmergencia values(960000147, '2017-11-06 18:03:21', 'Carolina', 'Vila Real', 45);
insert into eventoEmergencia values(960000148, '2016-02-19 04:08:04', 'Bruno Fernandes', 'Guarda', 46);
insert into eventoEmergencia values(960000149, '2018-06-27 17:48:11', 'Toms', 'Vila das Aves', 47);



insert into processoSocorro values(0);
insert into processoSocorro values(1);
insert into processoSocorro values(2);
insert into processoSocorro values(3);
insert into processoSocorro values(4);
insert into processoSocorro values(5);
insert into processoSocorro values(6);
insert into processoSocorro values(7);
insert into processoSocorro values(8);
insert into processoSocorro values(9);
insert into processoSocorro values(10);
insert into processoSocorro values(11);
insert into processoSocorro values(12);
insert into processoSocorro values(13);
insert into processoSocorro values(14);
insert into processoSocorro values(15);
insert into processoSocorro values(16);
insert into processoSocorro values(17);
insert into processoSocorro values(18);
insert into processoSocorro values(19);
insert into processoSocorro values(20);
insert into processoSocorro values(21);
insert into processoSocorro values(22);
insert into processoSocorro values(23);
insert into processoSocorro values(24);
insert into processoSocorro values(25);
insert into processoSocorro values(26);
insert into processoSocorro values(27);
insert into processoSocorro values(28);
insert into processoSocorro values(29);
insert into processoSocorro values(30);
insert into processoSocorro values(31);
insert into processoSocorro values(32);
insert into processoSocorro values(33);
insert into processoSocorro values(34);
insert into processoSocorro values(35);
insert into processoSocorro values(36);
insert into processoSocorro values(37);
insert into processoSocorro values(38);
insert into processoSocorro values(39);
insert into processoSocorro values(40);
insert into processoSocorro values(41);
insert into processoSocorro values(42);
insert into processoSocorro values(43);
insert into processoSocorro values(44);
insert into processoSocorro values(45);
insert into processoSocorro values(46);
insert into processoSocorro values(47);
insert into processoSocorro values(48);
insert into processoSocorro values(49);
insert into processoSocorro values(50);
insert into processoSocorro values(51);
insert into processoSocorro values(52);
insert into processoSocorro values(53);
insert into processoSocorro values(54);
insert into processoSocorro values(55);
insert into processoSocorro values(56);
insert into processoSocorro values(57);
insert into processoSocorro values(58);
insert into processoSocorro values(59);
insert into processoSocorro values(60);
insert into processoSocorro values(61);
insert into processoSocorro values(62);
insert into processoSocorro values(63);
insert into processoSocorro values(64);
insert into processoSocorro values(65);
insert into processoSocorro values(66);
insert into processoSocorro values(67);
insert into processoSocorro values(68);
insert into processoSocorro values(69);
insert into processoSocorro values(70);
insert into processoSocorro values(71);
insert into processoSocorro values(72);
insert into processoSocorro values(73);
insert into processoSocorro values(74);
insert into processoSocorro values(75);
insert into processoSocorro values(76);
insert into processoSocorro values(77);
insert into processoSocorro values(78);
insert into processoSocorro values(79);
insert into processoSocorro values(80);
insert into processoSocorro values(81);
insert into processoSocorro values(82);
insert into processoSocorro values(83);
insert into processoSocorro values(84);
insert into processoSocorro values(85);
insert into processoSocorro values(86);
insert into processoSocorro values(87);
insert into processoSocorro values(88);
insert into processoSocorro values(89);
insert into processoSocorro values(90);
insert into processoSocorro values(91);
insert into processoSocorro values(92);
insert into processoSocorro values(93);
insert into processoSocorro values(94);
insert into processoSocorro values(95);
insert into processoSocorro values(96);
insert into processoSocorro values(97);
insert into processoSocorro values(98);
insert into processoSocorro values(99);
insert into processoSocorro values(100);
insert into processoSocorro values(101);



insert into entidadeMeio values('Polcia de Ribeira Grande');
insert into entidadeMeio values('Polcia de Aveiro');
insert into entidadeMeio values('Junta de Freguesia de Montijo');
insert into entidadeMeio values('Junta de Freguesia de Trancoso');
insert into entidadeMeio values('Bombeiros de Sagres');
insert into entidadeMeio values('Junta de Freguesia de Santo Andr');
insert into entidadeMeio values('Bombeiros de Santo Andr');
insert into entidadeMeio values('Polcia de Seixal');
insert into entidadeMeio values('Bombeiros de Viana do Castelo');
insert into entidadeMeio values('Bombeiros de Loures');
insert into entidadeMeio values('Bombeiros de Portalegre');
insert into entidadeMeio values('Bombeiros de Loul');
insert into entidadeMeio values('Bombeiros de Trofa');
insert into entidadeMeio values('Polcia de Almada');
insert into entidadeMeio values('Polcia de Castro Daire');
insert into entidadeMeio values('Junta de Freguesia de Praia da Vitria');
insert into entidadeMeio values('Bombeiros de Guarda');
insert into entidadeMeio values('Junta de Freguesia de So Pedro do Sul');
insert into entidadeMeio values('Polcia de Marco de Canavezes');
insert into entidadeMeio values('Polcia de Ftima');
insert into entidadeMeio values('Junta de Freguesia de Lourosa');
insert into entidadeMeio values('Polcia de Vila das Aves');
insert into entidadeMeio values('Bombeiros de Santo Tirso');
insert into entidadeMeio values('Bombeiros de Viseu');
insert into entidadeMeio values('Bombeiros de Fafe');
insert into entidadeMeio values('Bombeiros de Lamego');
insert into entidadeMeio values('Junta de Freguesia de Espinho');
insert into entidadeMeio values('Polcia de Espinho');
insert into entidadeMeio values('Polcia de Vila Nova de Gaia');
insert into entidadeMeio values('Bombeiros de Maia');
insert into entidadeMeio values('Bombeiros de Rio Maior');
insert into entidadeMeio values('Polcia de Loures');
insert into entidadeMeio values('Junta de Freguesia de gueda');
insert into entidadeMeio values('Junta de Freguesia de Alccer do Sal');
insert into entidadeMeio values('Polcia de Lourosa');
insert into entidadeMeio values('Polcia de Montijo');
insert into entidadeMeio values('Bombeiros de Albufeira');
insert into entidadeMeio values('Junta de Freguesia de Fafe');
insert into entidadeMeio values('Junta de Freguesia de Setbal');
insert into entidadeMeio values('Polcia de Tavira');
insert into entidadeMeio values('Polcia de Braga');
insert into entidadeMeio values('Bombeiros de Vila Nova de Gaia');
insert into entidadeMeio values('Junta de Freguesia de Moura');
insert into entidadeMeio values('Bombeiros de Moura');
insert into entidadeMeio values('Polcia de Alcochete');
insert into entidadeMeio values('Bombeiros de Ftima');
insert into entidadeMeio values('Bombeiros de Faro');
insert into entidadeMeio values('Polcia de lhavo');
insert into entidadeMeio values('Junta de Freguesia de Vila Real');
insert into entidadeMeio values('Junta de Freguesia de Monchique');
insert into entidadeMeio values('Bombeiros de Lagos');
insert into entidadeMeio values('Bombeiros de Ericeira');
insert into entidadeMeio values('Polcia de Vila Real');
insert into entidadeMeio values('Polcia de Albufeira');
insert into entidadeMeio values('Bombeiros de Oliveira do Hospital');
insert into entidadeMeio values('Junta de Freguesia de Bragana');
insert into entidadeMeio values('Junta de Freguesia de Porto');
insert into entidadeMeio values('Polcia de Amadora');
insert into entidadeMeio values('Junta de Freguesia de Castro Daire');
insert into entidadeMeio values('Bombeiros de Vizela');
insert into entidadeMeio values('Polcia de Setbal');
insert into entidadeMeio values('Bombeiros de Sines');
insert into entidadeMeio values('Polcia de Lagos');
insert into entidadeMeio values('Junta de Freguesia de Redondo');
insert into entidadeMeio values('Bombeiros de Bragana');
insert into entidadeMeio values('Polcia de Fundo');
insert into entidadeMeio values('Junta de Freguesia de Cartaxo');
insert into entidadeMeio values('Bombeiros de Chaves');
insert into entidadeMeio values('Bombeiros de Seixal');
insert into entidadeMeio values('Bombeiros de Fundo');
insert into entidadeMeio values('Junta de Freguesia de Silves');
insert into entidadeMeio values('Junta de Freguesia de Funchal');
insert into entidadeMeio values('Bombeiros de Montijo');
insert into entidadeMeio values('Junta de Freguesia de vora');
insert into entidadeMeio values('Bombeiros de gueda');
insert into entidadeMeio values('Polcia de Alccer do Sal');
insert into entidadeMeio values('Polcia de Funchal');
insert into entidadeMeio values('Polcia de Beja');
insert into entidadeMeio values('Polcia de Alcobaa');
insert into entidadeMeio values('Polcia de Rio Maior');
insert into entidadeMeio values('Junta de Freguesia de Sabugal');
insert into entidadeMeio values('Junta de Freguesia de Pinhel');
insert into entidadeMeio values('Bombeiros de Coimbra');
insert into entidadeMeio values('Polcia de Faro');
insert into entidadeMeio values('Polcia de Costa da Caparica');
insert into entidadeMeio values('Junta de Freguesia de Ribeira Grande');
insert into entidadeMeio values('Polcia de Macedo de Cavaleiros');
insert into entidadeMeio values('Junta de Freguesia de Loures');
insert into entidadeMeio values('Bombeiros de Funchal');
insert into entidadeMeio values('Junta de Freguesia de Horta');
insert into entidadeMeio values('Polcia de Queluz');
insert into entidadeMeio values('Polcia de Peniche');
insert into entidadeMeio values('Polcia de Chaves');
insert into entidadeMeio values('Bombeiros de Lagoa');
insert into entidadeMeio values('Polcia de Viana do Castelo');
insert into entidadeMeio values('Polcia de Penafiel');
insert into entidadeMeio values('Polcia de Vizela');
insert into entidadeMeio values('Bombeiros de Lisboa');
insert into entidadeMeio values('Junta de Freguesia de Nazar');
insert into entidadeMeio values('Junta de Freguesia de Santa Cruz');
insert into entidadeMeio values('Polcia de Santo Andr');
insert into entidadeMeio values('Bombeiros de Alccer do Sal');



insert into meio values(0, 'Ambulncia', 'Polcia de Ribeira Grande');
insert into meio values(1, 'Carrinha', 'Polcia de Ribeira Grande');
insert into meio values(2, 'Ambulncia', 'Polcia de Ribeira Grande');
insert into meio values(0, 'Carrinha', 'Polcia de Aveiro');
insert into meio values(1, 'Ambulncia', 'Polcia de Aveiro');
insert into meio values(2, 'Ambulncia', 'Polcia de Aveiro');
insert into meio values(3, 'Carrinha', 'Polcia de Aveiro');
insert into meio values(0, 'Helicptero', 'Junta de Freguesia de Montijo');
insert into meio values(1, 'Camio', 'Junta de Freguesia de Montijo');
insert into meio values(2, 'Carrinha', 'Junta de Freguesia de Montijo');
insert into meio values(3, 'Carrinha', 'Junta de Freguesia de Montijo');
insert into meio values(4, 'Ambulncia', 'Junta de Freguesia de Montijo');
insert into meio values(0, 'Carrinha', 'Junta de Freguesia de Trancoso');
insert into meio values(1, 'Camio', 'Junta de Freguesia de Trancoso');
insert into meio values(2, 'Camio', 'Junta de Freguesia de Trancoso');
insert into meio values(0, 'Helicptero', 'Bombeiros de Sagres');
insert into meio values(1, 'Carrinha', 'Bombeiros de Sagres');
insert into meio values(2, 'Camio', 'Bombeiros de Sagres');
insert into meio values(3, 'Camio', 'Bombeiros de Sagres');
insert into meio values(4, 'Camio', 'Bombeiros de Sagres');
insert into meio values(0, 'Camio', 'Junta de Freguesia de Santo Andr');
insert into meio values(1, 'Ambulncia', 'Junta de Freguesia de Santo Andr');
insert into meio values(2, 'Helicptero', 'Junta de Freguesia de Santo Andr');
insert into meio values(3, 'Camio', 'Junta de Freguesia de Santo Andr');
insert into meio values(0, 'Carrinha', 'Bombeiros de Santo Andr');
insert into meio values(1, 'Camio', 'Bombeiros de Santo Andr');
insert into meio values(2, 'Helicptero', 'Bombeiros de Santo Andr');
insert into meio values(0, 'Camio', 'Polcia de Seixal');
insert into meio values(1, 'Camio', 'Polcia de Seixal');
insert into meio values(2, 'Helicptero', 'Polcia de Seixal');
insert into meio values(3, 'Ambulncia', 'Polcia de Seixal');
insert into meio values(0, 'Helicptero', 'Bombeiros de Viana do Castelo');
insert into meio values(1, 'Ambulncia', 'Bombeiros de Viana do Castelo');
insert into meio values(2, 'Helicptero', 'Bombeiros de Viana do Castelo');
insert into meio values(0, 'Camio', 'Bombeiros de Loures');
insert into meio values(1, 'Ambulncia', 'Bombeiros de Loures');
insert into meio values(2, 'Camio', 'Bombeiros de Loures');
insert into meio values(3, 'Carrinha', 'Bombeiros de Loures');
insert into meio values(0, 'Ambulncia', 'Bombeiros de Portalegre');
insert into meio values(1, 'Carrinha', 'Bombeiros de Portalegre');
insert into meio values(2, 'Camio', 'Bombeiros de Portalegre');
insert into meio values(0, 'Ambulncia', 'Bombeiros de Loul');
insert into meio values(1, 'Carrinha', 'Bombeiros de Loul');
insert into meio values(2, 'Camio', 'Bombeiros de Loul');
insert into meio values(3, 'Helicptero', 'Bombeiros de Loul');
insert into meio values(4, 'Ambulncia', 'Bombeiros de Loul');
insert into meio values(0, 'Carrinha', 'Bombeiros de Trofa');
insert into meio values(1, 'Carrinha', 'Bombeiros de Trofa');
insert into meio values(2, 'Carrinha', 'Bombeiros de Trofa');
insert into meio values(3, 'Camio', 'Bombeiros de Trofa');
insert into meio values(4, 'Ambulncia', 'Bombeiros de Trofa');
insert into meio values(0, 'Helicptero', 'Polcia de Almada');
insert into meio values(1, 'Carrinha', 'Polcia de Almada');
insert into meio values(2, 'Camio', 'Polcia de Almada');
insert into meio values(3, 'Helicptero', 'Polcia de Almada');
insert into meio values(4, 'Helicptero', 'Polcia de Almada');
insert into meio values(0, 'Ambulncia', 'Polcia de Castro Daire');
insert into meio values(1, 'Carrinha', 'Polcia de Castro Daire');
insert into meio values(2, 'Camio', 'Polcia de Castro Daire');
insert into meio values(3, 'Camio', 'Polcia de Castro Daire');
insert into meio values(4, 'Helicptero', 'Polcia de Castro Daire');
insert into meio values(0, 'Helicptero', 'Junta de Freguesia de Praia da Vitria');
insert into meio values(1, 'Ambulncia', 'Junta de Freguesia de Praia da Vitria');
insert into meio values(2, 'Helicptero', 'Junta de Freguesia de Praia da Vitria');
insert into meio values(3, 'Carrinha', 'Junta de Freguesia de Praia da Vitria');
insert into meio values(0, 'Carrinha', 'Bombeiros de Guarda');
insert into meio values(1, 'Helicptero', 'Bombeiros de Guarda');
insert into meio values(2, 'Camio', 'Bombeiros de Guarda');
insert into meio values(3, 'Carrinha', 'Bombeiros de Guarda');
insert into meio values(0, 'Carrinha', 'Junta de Freguesia de So Pedro do Sul');
insert into meio values(1, 'Camio', 'Junta de Freguesia de So Pedro do Sul');
insert into meio values(2, 'Camio', 'Junta de Freguesia de So Pedro do Sul');
insert into meio values(0, 'Camio', 'Polcia de Marco de Canavezes');
insert into meio values(1, 'Ambulncia', 'Polcia de Marco de Canavezes');
insert into meio values(2, 'Camio', 'Polcia de Marco de Canavezes');
insert into meio values(3, 'Camio', 'Polcia de Marco de Canavezes');
insert into meio values(0, 'Ambulncia', 'Polcia de Ftima');
insert into meio values(1, 'Camio', 'Polcia de Ftima');
insert into meio values(2, 'Camio', 'Polcia de Ftima');
insert into meio values(0, 'Camio', 'Junta de Freguesia de Lourosa');
insert into meio values(1, 'Carrinha', 'Junta de Freguesia de Lourosa');
insert into meio values(2, 'Helicptero', 'Junta de Freguesia de Lourosa');
insert into meio values(3, 'Carrinha', 'Junta de Freguesia de Lourosa');
insert into meio values(4, 'Helicptero', 'Junta de Freguesia de Lourosa');
insert into meio values(0, 'Carrinha', 'Polcia de Vila das Aves');
insert into meio values(1, 'Camio', 'Polcia de Vila das Aves');
insert into meio values(2, 'Carrinha', 'Polcia de Vila das Aves');
insert into meio values(3, 'Ambulncia', 'Polcia de Vila das Aves');
insert into meio values(4, 'Helicptero', 'Polcia de Vila das Aves');
insert into meio values(0, 'Carrinha', 'Bombeiros de Santo Tirso');
insert into meio values(1, 'Camio', 'Bombeiros de Santo Tirso');
insert into meio values(2, 'Camio', 'Bombeiros de Santo Tirso');
insert into meio values(3, 'Camio', 'Bombeiros de Santo Tirso');
insert into meio values(4, 'Camio', 'Bombeiros de Santo Tirso');
insert into meio values(0, 'Camio', 'Bombeiros de Viseu');
insert into meio values(1, 'Ambulncia', 'Bombeiros de Viseu');
insert into meio values(2, 'Carrinha', 'Bombeiros de Viseu');
insert into meio values(3, 'Camio', 'Bombeiros de Viseu');
insert into meio values(0, 'Carrinha', 'Bombeiros de Fafe');
insert into meio values(1, 'Helicptero', 'Bombeiros de Fafe');
insert into meio values(2, 'Ambulncia', 'Bombeiros de Fafe');
insert into meio values(3, 'Camio', 'Bombeiros de Fafe');
insert into meio values(4, 'Ambulncia', 'Bombeiros de Fafe');
insert into meio values(0, 'Ambulncia', 'Bombeiros de Lamego');
insert into meio values(1, 'Ambulncia', 'Bombeiros de Lamego');
insert into meio values(2, 'Carrinha', 'Bombeiros de Lamego');
insert into meio values(0, 'Camio', 'Junta de Freguesia de Espinho');
insert into meio values(1, 'Camio', 'Junta de Freguesia de Espinho');
insert into meio values(2, 'Carrinha', 'Junta de Freguesia de Espinho');
insert into meio values(3, 'Helicptero', 'Junta de Freguesia de Espinho');
insert into meio values(4, 'Helicptero', 'Junta de Freguesia de Espinho');
insert into meio values(0, 'Ambulncia', 'Polcia de Espinho');
insert into meio values(1, 'Helicptero', 'Polcia de Espinho');
insert into meio values(2, 'Helicptero', 'Polcia de Espinho');
insert into meio values(3, 'Camio', 'Polcia de Espinho');
insert into meio values(4, 'Carrinha', 'Polcia de Espinho');
insert into meio values(0, 'Helicptero', 'Polcia de Vila Nova de Gaia');
insert into meio values(1, 'Helicptero', 'Polcia de Vila Nova de Gaia');
insert into meio values(2, 'Carrinha', 'Polcia de Vila Nova de Gaia');
insert into meio values(3, 'Ambulncia', 'Polcia de Vila Nova de Gaia');
insert into meio values(4, 'Ambulncia', 'Polcia de Vila Nova de Gaia');
insert into meio values(0, 'Helicptero', 'Bombeiros de Maia');
insert into meio values(1, 'Helicptero', 'Bombeiros de Maia');
insert into meio values(2, 'Helicptero', 'Bombeiros de Maia');
insert into meio values(3, 'Helicptero', 'Bombeiros de Maia');
insert into meio values(0, 'Ambulncia', 'Bombeiros de Rio Maior');
insert into meio values(1, 'Helicptero', 'Bombeiros de Rio Maior');
insert into meio values(2, 'Helicptero', 'Bombeiros de Rio Maior');
insert into meio values(0, 'Carrinha', 'Polcia de Loures');
insert into meio values(1, 'Carrinha', 'Polcia de Loures');
insert into meio values(2, 'Ambulncia', 'Polcia de Loures');
insert into meio values(3, 'Helicptero', 'Polcia de Loures');
insert into meio values(0, 'Ambulncia', 'Junta de Freguesia de gueda');
insert into meio values(1, 'Helicptero', 'Junta de Freguesia de gueda');
insert into meio values(2, 'Helicptero', 'Junta de Freguesia de gueda');
insert into meio values(0, 'Camio', 'Junta de Freguesia de Alccer do Sal');
insert into meio values(1, 'Camio', 'Junta de Freguesia de Alccer do Sal');
insert into meio values(2, 'Camio', 'Junta de Freguesia de Alccer do Sal');
insert into meio values(0, 'Carrinha', 'Polcia de Lourosa');
insert into meio values(1, 'Carrinha', 'Polcia de Lourosa');
insert into meio values(2, 'Carrinha', 'Polcia de Lourosa');
insert into meio values(3, 'Carrinha', 'Polcia de Lourosa');
insert into meio values(0, 'Camio', 'Polcia de Montijo');
insert into meio values(1, 'Helicptero', 'Polcia de Montijo');
insert into meio values(2, 'Carrinha', 'Polcia de Montijo');
insert into meio values(3, 'Carrinha', 'Polcia de Montijo');
insert into meio values(0, 'Ambulncia', 'Bombeiros de Albufeira');
insert into meio values(1, 'Camio', 'Bombeiros de Albufeira');
insert into meio values(2, 'Camio', 'Bombeiros de Albufeira');
insert into meio values(0, 'Ambulncia', 'Junta de Freguesia de Fafe');
insert into meio values(1, 'Ambulncia', 'Junta de Freguesia de Fafe');
insert into meio values(2, 'Helicptero', 'Junta de Freguesia de Fafe');
insert into meio values(0, 'Carrinha', 'Junta de Freguesia de Setbal');
insert into meio values(1, 'Carrinha', 'Junta de Freguesia de Setbal');
insert into meio values(2, 'Camio', 'Junta de Freguesia de Setbal');
insert into meio values(3, 'Camio', 'Junta de Freguesia de Setbal');
insert into meio values(0, 'Ambulncia', 'Polcia de Tavira');
insert into meio values(1, 'Carrinha', 'Polcia de Tavira');
insert into meio values(2, 'Carrinha', 'Polcia de Tavira');
insert into meio values(3, 'Helicptero', 'Polcia de Tavira');
insert into meio values(0, 'Camio', 'Polcia de Braga');
insert into meio values(1, 'Camio', 'Polcia de Braga');
insert into meio values(2, 'Ambulncia', 'Polcia de Braga');
insert into meio values(3, 'Helicptero', 'Polcia de Braga');
insert into meio values(4, 'Carrinha', 'Polcia de Braga');
insert into meio values(0, 'Carrinha', 'Bombeiros de Vila Nova de Gaia');
insert into meio values(1, 'Carrinha', 'Bombeiros de Vila Nova de Gaia');
insert into meio values(2, 'Carrinha', 'Bombeiros de Vila Nova de Gaia');
insert into meio values(0, 'Helicptero', 'Junta de Freguesia de Moura');
insert into meio values(1, 'Helicptero', 'Junta de Freguesia de Moura');
insert into meio values(2, 'Carrinha', 'Junta de Freguesia de Moura');
insert into meio values(3, 'Ambulncia', 'Junta de Freguesia de Moura');
insert into meio values(4, 'Ambulncia', 'Junta de Freguesia de Moura');
insert into meio values(0, 'Helicptero', 'Bombeiros de Moura');
insert into meio values(1, 'Carrinha', 'Bombeiros de Moura');
insert into meio values(2, 'Helicptero', 'Bombeiros de Moura');
insert into meio values(3, 'Ambulncia', 'Bombeiros de Moura');
insert into meio values(4, 'Ambulncia', 'Bombeiros de Moura');
insert into meio values(0, 'Camio', 'Polcia de Alcochete');
insert into meio values(1, 'Ambulncia', 'Polcia de Alcochete');
insert into meio values(2, 'Ambulncia', 'Polcia de Alcochete');
insert into meio values(3, 'Camio', 'Polcia de Alcochete');
insert into meio values(0, 'Carrinha', 'Bombeiros de Ftima');
insert into meio values(1, 'Carrinha', 'Bombeiros de Ftima');
insert into meio values(2, 'Ambulncia', 'Bombeiros de Ftima');
insert into meio values(3, 'Ambulncia', 'Bombeiros de Ftima');
insert into meio values(4, 'Helicptero', 'Bombeiros de Ftima');
insert into meio values(0, 'Helicptero', 'Bombeiros de Faro');
insert into meio values(1, 'Camio', 'Bombeiros de Faro');
insert into meio values(2, 'Ambulncia', 'Bombeiros de Faro');
insert into meio values(3, 'Helicptero', 'Bombeiros de Faro');
insert into meio values(0, 'Helicptero', 'Polcia de lhavo');
insert into meio values(1, 'Carrinha', 'Polcia de lhavo');
insert into meio values(2, 'Ambulncia', 'Polcia de lhavo');
insert into meio values(3, 'Ambulncia', 'Polcia de lhavo');
insert into meio values(4, 'Ambulncia', 'Polcia de lhavo');
insert into meio values(0, 'Ambulncia', 'Junta de Freguesia de Vila Real');
insert into meio values(1, 'Carrinha', 'Junta de Freguesia de Vila Real');
insert into meio values(2, 'Helicptero', 'Junta de Freguesia de Vila Real');
insert into meio values(3, 'Carrinha', 'Junta de Freguesia de Vila Real');
insert into meio values(0, 'Ambulncia', 'Junta de Freguesia de Monchique');
insert into meio values(1, 'Helicptero', 'Junta de Freguesia de Monchique');
insert into meio values(2, 'Camio', 'Junta de Freguesia de Monchique');
insert into meio values(0, 'Camio', 'Bombeiros de Lagos');
insert into meio values(1, 'Helicptero', 'Bombeiros de Lagos');
insert into meio values(2, 'Carrinha', 'Bombeiros de Lagos');
insert into meio values(0, 'Camio', 'Bombeiros de Ericeira');
insert into meio values(1, 'Helicptero', 'Bombeiros de Ericeira');
insert into meio values(2, 'Carrinha', 'Bombeiros de Ericeira');
insert into meio values(0, 'Helicptero', 'Polcia de Vila Real');
insert into meio values(1, 'Helicptero', 'Polcia de Vila Real');
insert into meio values(2, 'Helicptero', 'Polcia de Vila Real');
insert into meio values(0, 'Ambulncia', 'Polcia de Albufeira');
insert into meio values(1, 'Carrinha', 'Polcia de Albufeira');
insert into meio values(2, 'Carrinha', 'Polcia de Albufeira');
insert into meio values(0, 'Helicptero', 'Bombeiros de Oliveira do Hospital');
insert into meio values(1, 'Ambulncia', 'Bombeiros de Oliveira do Hospital');
insert into meio values(2, 'Helicptero', 'Bombeiros de Oliveira do Hospital');
insert into meio values(3, 'Carrinha', 'Bombeiros de Oliveira do Hospital');
insert into meio values(4, 'Carrinha', 'Bombeiros de Oliveira do Hospital');
insert into meio values(0, 'Ambulncia', 'Junta de Freguesia de Bragana');
insert into meio values(1, 'Carrinha', 'Junta de Freguesia de Bragana');
insert into meio values(2, 'Ambulncia', 'Junta de Freguesia de Bragana');
insert into meio values(3, 'Ambulncia', 'Junta de Freguesia de Bragana');
insert into meio values(4, 'Camio', 'Junta de Freguesia de Bragana');
insert into meio values(0, 'Helicptero', 'Junta de Freguesia de Porto');
insert into meio values(1, 'Carrinha', 'Junta de Freguesia de Porto');
insert into meio values(2, 'Camio', 'Junta de Freguesia de Porto');
insert into meio values(3, 'Camio', 'Junta de Freguesia de Porto');
insert into meio values(4, 'Carrinha', 'Junta de Freguesia de Porto');
insert into meio values(0, 'Carrinha', 'Polcia de Amadora');
insert into meio values(1, 'Ambulncia', 'Polcia de Amadora');
insert into meio values(2, 'Helicptero', 'Polcia de Amadora');
insert into meio values(3, 'Helicptero', 'Polcia de Amadora');
insert into meio values(4, 'Ambulncia', 'Polcia de Amadora');
insert into meio values(0, 'Camio', 'Junta de Freguesia de Castro Daire');
insert into meio values(1, 'Camio', 'Junta de Freguesia de Castro Daire');
insert into meio values(2, 'Carrinha', 'Junta de Freguesia de Castro Daire');
insert into meio values(3, 'Helicptero', 'Junta de Freguesia de Castro Daire');
insert into meio values(0, 'Camio', 'Bombeiros de Vizela');
insert into meio values(1, 'Carrinha', 'Bombeiros de Vizela');
insert into meio values(2, 'Camio', 'Bombeiros de Vizela');
insert into meio values(3, 'Helicptero', 'Bombeiros de Vizela');
insert into meio values(4, 'Helicptero', 'Bombeiros de Vizela');
insert into meio values(0, 'Camio', 'Polcia de Setbal');
insert into meio values(1, 'Carrinha', 'Polcia de Setbal');
insert into meio values(2, 'Carrinha', 'Polcia de Setbal');
insert into meio values(3, 'Helicptero', 'Polcia de Setbal');
insert into meio values(4, 'Camio', 'Polcia de Setbal');
insert into meio values(0, 'Ambulncia', 'Bombeiros de Sines');
insert into meio values(1, 'Ambulncia', 'Bombeiros de Sines');
insert into meio values(2, 'Camio', 'Bombeiros de Sines');
insert into meio values(3, 'Carrinha', 'Bombeiros de Sines');
insert into meio values(4, 'Ambulncia', 'Bombeiros de Sines');
insert into meio values(0, 'Camio', 'Polcia de Lagos');
insert into meio values(1, 'Helicptero', 'Polcia de Lagos');
insert into meio values(2, 'Helicptero', 'Polcia de Lagos');
insert into meio values(3, 'Helicptero', 'Polcia de Lagos');
insert into meio values(4, 'Helicptero', 'Polcia de Lagos');
insert into meio values(0, 'Camio', 'Junta de Freguesia de Redondo');
insert into meio values(1, 'Helicptero', 'Junta de Freguesia de Redondo');
insert into meio values(2, 'Helicptero', 'Junta de Freguesia de Redondo');
insert into meio values(0, 'Ambulncia', 'Bombeiros de Bragana');
insert into meio values(1, 'Helicptero', 'Bombeiros de Bragana');
insert into meio values(2, 'Helicptero', 'Bombeiros de Bragana');
insert into meio values(3, 'Carrinha', 'Bombeiros de Bragana');
insert into meio values(4, 'Carrinha', 'Bombeiros de Bragana');
insert into meio values(0, 'Ambulncia', 'Polcia de Fundo');
insert into meio values(1, 'Ambulncia', 'Polcia de Fundo');
insert into meio values(2, 'Carrinha', 'Polcia de Fundo');
insert into meio values(0, 'Camio', 'Junta de Freguesia de Cartaxo');
insert into meio values(1, 'Camio', 'Junta de Freguesia de Cartaxo');
insert into meio values(2, 'Carrinha', 'Junta de Freguesia de Cartaxo');
insert into meio values(3, 'Carrinha', 'Junta de Freguesia de Cartaxo');
insert into meio values(0, 'Camio', 'Bombeiros de Chaves');
insert into meio values(1, 'Carrinha', 'Bombeiros de Chaves');
insert into meio values(2, 'Carrinha', 'Bombeiros de Chaves');
insert into meio values(0, 'Camio', 'Bombeiros de Seixal');
insert into meio values(1, 'Camio', 'Bombeiros de Seixal');
insert into meio values(2, 'Camio', 'Bombeiros de Seixal');
insert into meio values(0, 'Carrinha', 'Bombeiros de Fundo');
insert into meio values(1, 'Ambulncia', 'Bombeiros de Fundo');
insert into meio values(2, 'Helicptero', 'Bombeiros de Fundo');
insert into meio values(3, 'Camio', 'Bombeiros de Fundo');
insert into meio values(4, 'Camio', 'Bombeiros de Fundo');
insert into meio values(0, 'Camio', 'Junta de Freguesia de Silves');
insert into meio values(1, 'Helicptero', 'Junta de Freguesia de Silves');
insert into meio values(2, 'Helicptero', 'Junta de Freguesia de Silves');
insert into meio values(3, 'Helicptero', 'Junta de Freguesia de Silves');
insert into meio values(4, 'Helicptero', 'Junta de Freguesia de Silves');
insert into meio values(0, 'Camio', 'Junta de Freguesia de Funchal');
insert into meio values(1, 'Ambulncia', 'Junta de Freguesia de Funchal');
insert into meio values(2, 'Helicptero', 'Junta de Freguesia de Funchal');
insert into meio values(0, 'Helicptero', 'Bombeiros de Montijo');
insert into meio values(1, 'Ambulncia', 'Bombeiros de Montijo');
insert into meio values(2, 'Carrinha', 'Bombeiros de Montijo');
insert into meio values(0, 'Helicptero', 'Junta de Freguesia de vora');
insert into meio values(1, 'Camio', 'Junta de Freguesia de vora');
insert into meio values(2, 'Carrinha', 'Junta de Freguesia de vora');
insert into meio values(3, 'Helicptero', 'Junta de Freguesia de vora');
insert into meio values(0, 'Carrinha', 'Bombeiros de gueda');
insert into meio values(1, 'Ambulncia', 'Bombeiros de gueda');
insert into meio values(2, 'Camio', 'Bombeiros de gueda');
insert into meio values(0, 'Ambulncia', 'Polcia de Alccer do Sal');
insert into meio values(1, 'Carrinha', 'Polcia de Alccer do Sal');
insert into meio values(2, 'Camio', 'Polcia de Alccer do Sal');
insert into meio values(0, 'Helicptero', 'Polcia de Funchal');
insert into meio values(1, 'Carrinha', 'Polcia de Funchal');
insert into meio values(2, 'Camio', 'Polcia de Funchal');
insert into meio values(0, 'Ambulncia', 'Polcia de Beja');
insert into meio values(1, 'Helicptero', 'Polcia de Beja');
insert into meio values(2, 'Helicptero', 'Polcia de Beja');
insert into meio values(3, 'Carrinha', 'Polcia de Beja');
insert into meio values(0, 'Carrinha', 'Polcia de Alcobaa');
insert into meio values(1, 'Ambulncia', 'Polcia de Alcobaa');
insert into meio values(2, 'Carrinha', 'Polcia de Alcobaa');
insert into meio values(3, 'Camio', 'Polcia de Alcobaa');
insert into meio values(0, 'Carrinha', 'Polcia de Rio Maior');
insert into meio values(1, 'Ambulncia', 'Polcia de Rio Maior');
insert into meio values(2, 'Helicptero', 'Polcia de Rio Maior');
insert into meio values(0, 'Helicptero', 'Junta de Freguesia de Sabugal');
insert into meio values(1, 'Camio', 'Junta de Freguesia de Sabugal');
insert into meio values(2, 'Ambulncia', 'Junta de Freguesia de Sabugal');
insert into meio values(0, 'Helicptero', 'Junta de Freguesia de Pinhel');
insert into meio values(1, 'Helicptero', 'Junta de Freguesia de Pinhel');
insert into meio values(2, 'Camio', 'Junta de Freguesia de Pinhel');
insert into meio values(3, 'Camio', 'Junta de Freguesia de Pinhel');
insert into meio values(4, 'Camio', 'Junta de Freguesia de Pinhel');
insert into meio values(0, 'Helicptero', 'Bombeiros de Coimbra');
insert into meio values(1, 'Carrinha', 'Bombeiros de Coimbra');
insert into meio values(2, 'Helicptero', 'Bombeiros de Coimbra');
insert into meio values(3, 'Camio', 'Bombeiros de Coimbra');
insert into meio values(0, 'Carrinha', 'Polcia de Faro');
insert into meio values(1, 'Helicptero', 'Polcia de Faro');
insert into meio values(2, 'Helicptero', 'Polcia de Faro');
insert into meio values(3, 'Carrinha', 'Polcia de Faro');
insert into meio values(0, 'Carrinha', 'Polcia de Costa da Caparica');
insert into meio values(1, 'Camio', 'Polcia de Costa da Caparica');
insert into meio values(2, 'Carrinha', 'Polcia de Costa da Caparica');
insert into meio values(3, 'Carrinha', 'Polcia de Costa da Caparica');
insert into meio values(4, 'Carrinha', 'Polcia de Costa da Caparica');
insert into meio values(0, 'Helicptero', 'Junta de Freguesia de Ribeira Grande');
insert into meio values(1, 'Helicptero', 'Junta de Freguesia de Ribeira Grande');
insert into meio values(2, 'Ambulncia', 'Junta de Freguesia de Ribeira Grande');
insert into meio values(3, 'Carrinha', 'Junta de Freguesia de Ribeira Grande');
insert into meio values(0, 'Ambulncia', 'Polcia de Macedo de Cavaleiros');
insert into meio values(1, 'Helicptero', 'Polcia de Macedo de Cavaleiros');
insert into meio values(2, 'Ambulncia', 'Polcia de Macedo de Cavaleiros');
insert into meio values(0, 'Carrinha', 'Junta de Freguesia de Loures');
insert into meio values(1, 'Camio', 'Junta de Freguesia de Loures');
insert into meio values(2, 'Carrinha', 'Junta de Freguesia de Loures');
insert into meio values(3, 'Ambulncia', 'Junta de Freguesia de Loures');
insert into meio values(4, 'Ambulncia', 'Junta de Freguesia de Loures');
insert into meio values(0, 'Ambulncia', 'Bombeiros de Funchal');
insert into meio values(1, 'Carrinha', 'Bombeiros de Funchal');
insert into meio values(2, 'Ambulncia', 'Bombeiros de Funchal');
insert into meio values(3, 'Camio', 'Bombeiros de Funchal');
insert into meio values(0, 'Carrinha', 'Junta de Freguesia de Horta');
insert into meio values(1, 'Ambulncia', 'Junta de Freguesia de Horta');
insert into meio values(2, 'Camio', 'Junta de Freguesia de Horta');
insert into meio values(3, 'Carrinha', 'Junta de Freguesia de Horta');
insert into meio values(4, 'Helicptero', 'Junta de Freguesia de Horta');
insert into meio values(0, 'Helicptero', 'Polcia de Queluz');
insert into meio values(1, 'Ambulncia', 'Polcia de Queluz');
insert into meio values(2, 'Carrinha', 'Polcia de Queluz');
insert into meio values(3, 'Camio', 'Polcia de Queluz');
insert into meio values(4, 'Helicptero', 'Polcia de Queluz');
insert into meio values(0, 'Carrinha', 'Polcia de Peniche');
insert into meio values(1, 'Camio', 'Polcia de Peniche');
insert into meio values(2, 'Carrinha', 'Polcia de Peniche');
insert into meio values(0, 'Helicptero', 'Polcia de Chaves');
insert into meio values(1, 'Camio', 'Polcia de Chaves');
insert into meio values(2, 'Camio', 'Polcia de Chaves');
insert into meio values(3, 'Carrinha', 'Polcia de Chaves');
insert into meio values(4, 'Camio', 'Polcia de Chaves');
insert into meio values(0, 'Camio', 'Bombeiros de Lagoa');
insert into meio values(1, 'Camio', 'Bombeiros de Lagoa');
insert into meio values(2, 'Ambulncia', 'Bombeiros de Lagoa');
insert into meio values(0, 'Helicptero', 'Polcia de Viana do Castelo');
insert into meio values(1, 'Ambulncia', 'Polcia de Viana do Castelo');
insert into meio values(2, 'Carrinha', 'Polcia de Viana do Castelo');
insert into meio values(0, 'Helicptero', 'Polcia de Penafiel');
insert into meio values(1, 'Ambulncia', 'Polcia de Penafiel');
insert into meio values(2, 'Helicptero', 'Polcia de Penafiel');
insert into meio values(0, 'Helicptero', 'Polcia de Vizela');
insert into meio values(1, 'Carrinha', 'Polcia de Vizela');
insert into meio values(2, 'Camio', 'Polcia de Vizela');
insert into meio values(3, 'Carrinha', 'Polcia de Vizela');
insert into meio values(0, 'Camio', 'Bombeiros de Lisboa');
insert into meio values(1, 'Carrinha', 'Bombeiros de Lisboa');
insert into meio values(2, 'Camio', 'Bombeiros de Lisboa');
insert into meio values(0, 'Helicptero', 'Junta de Freguesia de Nazar');
insert into meio values(1, 'Carrinha', 'Junta de Freguesia de Nazar');
insert into meio values(2, 'Carrinha', 'Junta de Freguesia de Nazar');
insert into meio values(3, 'Camio', 'Junta de Freguesia de Nazar');
insert into meio values(4, 'Carrinha', 'Junta de Freguesia de Nazar');
insert into meio values(0, 'Ambulncia', 'Junta de Freguesia de Santa Cruz');
insert into meio values(1, 'Ambulncia', 'Junta de Freguesia de Santa Cruz');
insert into meio values(2, 'Camio', 'Junta de Freguesia de Santa Cruz');
insert into meio values(3, 'Ambulncia', 'Junta de Freguesia de Santa Cruz');
insert into meio values(4, 'Camio', 'Junta de Freguesia de Santa Cruz');
insert into meio values(0, 'Carrinha', 'Polcia de Santo Andr');
insert into meio values(1, 'Helicptero', 'Polcia de Santo Andr');
insert into meio values(2, 'Camio', 'Polcia de Santo Andr');
insert into meio values(0, 'Camio', 'Bombeiros de Alccer do Sal');
insert into meio values(1, 'Ambulncia', 'Bombeiros de Alccer do Sal');
insert into meio values(2, 'Helicptero', 'Bombeiros de Alccer do Sal');
insert into meio values(3, 'Helicptero', 'Bombeiros de Alccer do Sal');



insert into meioCombate values(0, 'Polcia de Ribeira Grande');
insert into meioCombate values(0, 'Polcia de Aveiro');
insert into meioCombate values(3, 'Polcia de Aveiro');
insert into meioCombate values(0, 'Junta de Freguesia de Montijo');
insert into meioCombate values(3, 'Junta de Freguesia de Montijo');
insert into meioCombate values(0, 'Junta de Freguesia de Trancoso');
insert into meioCombate values(0, 'Bombeiros de Sagres');
insert into meioCombate values(3, 'Bombeiros de Sagres');
insert into meioCombate values(0, 'Junta de Freguesia de Santo Andr');
insert into meioCombate values(3, 'Junta de Freguesia de Santo Andr');
insert into meioCombate values(0, 'Bombeiros de Santo Andr');
insert into meioCombate values(0, 'Polcia de Seixal');
insert into meioCombate values(3, 'Polcia de Seixal');
insert into meioCombate values(0, 'Bombeiros de Viana do Castelo');
insert into meioCombate values(0, 'Bombeiros de Loures');
insert into meioCombate values(3, 'Bombeiros de Loures');
insert into meioCombate values(0, 'Bombeiros de Portalegre');
insert into meioCombate values(0, 'Bombeiros de Loul');
insert into meioCombate values(3, 'Bombeiros de Loul');
insert into meioCombate values(0, 'Bombeiros de Trofa');
insert into meioCombate values(3, 'Bombeiros de Trofa');
insert into meioCombate values(0, 'Polcia de Almada');
insert into meioCombate values(3, 'Polcia de Almada');
insert into meioCombate values(0, 'Polcia de Castro Daire');
insert into meioCombate values(3, 'Polcia de Castro Daire');
insert into meioCombate values(0, 'Junta de Freguesia de Praia da Vitria');
insert into meioCombate values(3, 'Junta de Freguesia de Praia da Vitria');
insert into meioCombate values(0, 'Bombeiros de Guarda');
insert into meioCombate values(3, 'Bombeiros de Guarda');
insert into meioCombate values(0, 'Junta de Freguesia de So Pedro do Sul');
insert into meioCombate values(0, 'Polcia de Marco de Canavezes');
insert into meioCombate values(3, 'Polcia de Marco de Canavezes');
insert into meioCombate values(0, 'Polcia de Ftima');
insert into meioCombate values(0, 'Junta de Freguesia de Lourosa');
insert into meioCombate values(3, 'Junta de Freguesia de Lourosa');
insert into meioCombate values(0, 'Polcia de Vila das Aves');
insert into meioCombate values(3, 'Polcia de Vila das Aves');
insert into meioCombate values(0, 'Bombeiros de Santo Tirso');
insert into meioCombate values(3, 'Bombeiros de Santo Tirso');
insert into meioCombate values(0, 'Bombeiros de Viseu');
insert into meioCombate values(3, 'Bombeiros de Viseu');
insert into meioCombate values(0, 'Bombeiros de Fafe');
insert into meioCombate values(3, 'Bombeiros de Fafe');
insert into meioCombate values(0, 'Bombeiros de Lamego');
insert into meioCombate values(0, 'Junta de Freguesia de Espinho');
insert into meioCombate values(3, 'Junta de Freguesia de Espinho');
insert into meioCombate values(0, 'Polcia de Espinho');
insert into meioCombate values(3, 'Polcia de Espinho');
insert into meioCombate values(0, 'Polcia de Vila Nova de Gaia');
insert into meioCombate values(3, 'Polcia de Vila Nova de Gaia');
insert into meioCombate values(0, 'Bombeiros de Maia');
insert into meioCombate values(3, 'Bombeiros de Maia');
insert into meioCombate values(0, 'Bombeiros de Rio Maior');
insert into meioCombate values(0, 'Polcia de Loures');
insert into meioCombate values(3, 'Polcia de Loures');
insert into meioCombate values(0, 'Junta de Freguesia de gueda');
insert into meioCombate values(0, 'Junta de Freguesia de Alccer do Sal');
insert into meioCombate values(0, 'Polcia de Lourosa');
insert into meioCombate values(3, 'Polcia de Lourosa');
insert into meioCombate values(0, 'Polcia de Montijo');
insert into meioCombate values(3, 'Polcia de Montijo');
insert into meioCombate values(0, 'Bombeiros de Albufeira');
insert into meioCombate values(0, 'Junta de Freguesia de Fafe');
insert into meioCombate values(0, 'Junta de Freguesia de Setbal');
insert into meioCombate values(3, 'Junta de Freguesia de Setbal');
insert into meioCombate values(0, 'Polcia de Tavira');
insert into meioCombate values(3, 'Polcia de Tavira');
insert into meioCombate values(0, 'Polcia de Braga');
insert into meioCombate values(3, 'Polcia de Braga');
insert into meioCombate values(0, 'Bombeiros de Vila Nova de Gaia');
insert into meioCombate values(0, 'Junta de Freguesia de Moura');
insert into meioCombate values(3, 'Junta de Freguesia de Moura');
insert into meioCombate values(0, 'Bombeiros de Moura');
insert into meioCombate values(3, 'Bombeiros de Moura');
insert into meioCombate values(0, 'Polcia de Alcochete');
insert into meioCombate values(3, 'Polcia de Alcochete');
insert into meioCombate values(0, 'Bombeiros de Ftima');
insert into meioCombate values(3, 'Bombeiros de Ftima');
insert into meioCombate values(0, 'Bombeiros de Faro');
insert into meioCombate values(3, 'Bombeiros de Faro');
insert into meioCombate values(0, 'Polcia de lhavo');
insert into meioCombate values(3, 'Polcia de lhavo');
insert into meioCombate values(0, 'Junta de Freguesia de Vila Real');
insert into meioCombate values(3, 'Junta de Freguesia de Vila Real');
insert into meioCombate values(0, 'Junta de Freguesia de Monchique');
insert into meioCombate values(0, 'Bombeiros de Lagos');
insert into meioCombate values(0, 'Bombeiros de Ericeira');
insert into meioCombate values(0, 'Polcia de Vila Real');
insert into meioCombate values(0, 'Polcia de Albufeira');
insert into meioCombate values(0, 'Bombeiros de Oliveira do Hospital');
insert into meioCombate values(3, 'Bombeiros de Oliveira do Hospital');
insert into meioCombate values(0, 'Junta de Freguesia de Bragana');
insert into meioCombate values(3, 'Junta de Freguesia de Bragana');
insert into meioCombate values(0, 'Junta de Freguesia de Porto');
insert into meioCombate values(3, 'Junta de Freguesia de Porto');
insert into meioCombate values(0, 'Polcia de Amadora');
insert into meioCombate values(3, 'Polcia de Amadora');
insert into meioCombate values(0, 'Junta de Freguesia de Castro Daire');
insert into meioCombate values(3, 'Junta de Freguesia de Castro Daire');
insert into meioCombate values(0, 'Bombeiros de Vizela');
insert into meioCombate values(3, 'Bombeiros de Vizela');
insert into meioCombate values(0, 'Polcia de Setbal');
insert into meioCombate values(3, 'Polcia de Setbal');
insert into meioCombate values(0, 'Bombeiros de Sines');
insert into meioCombate values(3, 'Bombeiros de Sines');
insert into meioCombate values(0, 'Polcia de Lagos');
insert into meioCombate values(3, 'Polcia de Lagos');
insert into meioCombate values(0, 'Junta de Freguesia de Redondo');
insert into meioCombate values(0, 'Bombeiros de Bragana');
insert into meioCombate values(3, 'Bombeiros de Bragana');
insert into meioCombate values(0, 'Polcia de Fundo');
insert into meioCombate values(0, 'Junta de Freguesia de Cartaxo');
insert into meioCombate values(3, 'Junta de Freguesia de Cartaxo');
insert into meioCombate values(0, 'Bombeiros de Chaves');
insert into meioCombate values(0, 'Bombeiros de Seixal');
insert into meioCombate values(0, 'Bombeiros de Fundo');
insert into meioCombate values(3, 'Bombeiros de Fundo');
insert into meioCombate values(0, 'Junta de Freguesia de Silves');
insert into meioCombate values(3, 'Junta de Freguesia de Silves');
insert into meioCombate values(0, 'Junta de Freguesia de Funchal');
insert into meioCombate values(0, 'Bombeiros de Montijo');
insert into meioCombate values(0, 'Junta de Freguesia de vora');
insert into meioCombate values(3, 'Junta de Freguesia de vora');
insert into meioCombate values(0, 'Bombeiros de gueda');
insert into meioCombate values(0, 'Polcia de Alccer do Sal');
insert into meioCombate values(0, 'Polcia de Funchal');
insert into meioCombate values(0, 'Polcia de Beja');
insert into meioCombate values(3, 'Polcia de Beja');
insert into meioCombate values(0, 'Polcia de Alcobaa');
insert into meioCombate values(3, 'Polcia de Alcobaa');
insert into meioCombate values(0, 'Polcia de Rio Maior');
insert into meioCombate values(0, 'Junta de Freguesia de Sabugal');
insert into meioCombate values(0, 'Junta de Freguesia de Pinhel');
insert into meioCombate values(3, 'Junta de Freguesia de Pinhel');
insert into meioCombate values(0, 'Bombeiros de Coimbra');
insert into meioCombate values(3, 'Bombeiros de Coimbra');
insert into meioCombate values(0, 'Polcia de Faro');
insert into meioCombate values(3, 'Polcia de Faro');
insert into meioCombate values(0, 'Polcia de Costa da Caparica');
insert into meioCombate values(3, 'Polcia de Costa da Caparica');
insert into meioCombate values(0, 'Junta de Freguesia de Ribeira Grande');
insert into meioCombate values(3, 'Junta de Freguesia de Ribeira Grande');
insert into meioCombate values(0, 'Polcia de Macedo de Cavaleiros');
insert into meioCombate values(0, 'Junta de Freguesia de Loures');
insert into meioCombate values(3, 'Junta de Freguesia de Loures');
insert into meioCombate values(0, 'Bombeiros de Funchal');
insert into meioCombate values(3, 'Bombeiros de Funchal');
insert into meioCombate values(0, 'Junta de Freguesia de Horta');
insert into meioCombate values(3, 'Junta de Freguesia de Horta');
insert into meioCombate values(0, 'Polcia de Queluz');
insert into meioCombate values(3, 'Polcia de Queluz');
insert into meioCombate values(0, 'Polcia de Peniche');
insert into meioCombate values(0, 'Polcia de Chaves');
insert into meioCombate values(3, 'Polcia de Chaves');
insert into meioCombate values(0, 'Bombeiros de Lagoa');
insert into meioCombate values(0, 'Polcia de Viana do Castelo');
insert into meioCombate values(0, 'Polcia de Penafiel');
insert into meioCombate values(0, 'Polcia de Vizela');
insert into meioCombate values(3, 'Polcia de Vizela');
insert into meioCombate values(0, 'Bombeiros de Lisboa');
insert into meioCombate values(0, 'Junta de Freguesia de Nazar');
insert into meioCombate values(3, 'Junta de Freguesia de Nazar');
insert into meioCombate values(0, 'Junta de Freguesia de Santa Cruz');
insert into meioCombate values(3, 'Junta de Freguesia de Santa Cruz');
insert into meioCombate values(0, 'Polcia de Santo Andr');
insert into meioCombate values(0, 'Bombeiros de Alccer do Sal');
insert into meioCombate values(3, 'Bombeiros de Alccer do Sal');



insert into meioApoio values(1, 'Polcia de Ribeira Grande');
insert into meioApoio values(1, 'Polcia de Aveiro');
insert into meioApoio values(1, 'Junta de Freguesia de Montijo');
insert into meioApoio values(4, 'Junta de Freguesia de Montijo');
insert into meioApoio values(1, 'Junta de Freguesia de Trancoso');
insert into meioApoio values(1, 'Bombeiros de Sagres');
insert into meioApoio values(4, 'Bombeiros de Sagres');
insert into meioApoio values(1, 'Junta de Freguesia de Santo Andr');
insert into meioApoio values(1, 'Bombeiros de Santo Andr');
insert into meioApoio values(1, 'Polcia de Seixal');
insert into meioApoio values(1, 'Bombeiros de Viana do Castelo');
insert into meioApoio values(1, 'Bombeiros de Loures');
insert into meioApoio values(1, 'Bombeiros de Portalegre');
insert into meioApoio values(1, 'Bombeiros de Loul');
insert into meioApoio values(4, 'Bombeiros de Loul');
insert into meioApoio values(1, 'Bombeiros de Trofa');
insert into meioApoio values(4, 'Bombeiros de Trofa');
insert into meioApoio values(1, 'Polcia de Almada');
insert into meioApoio values(4, 'Polcia de Almada');
insert into meioApoio values(1, 'Polcia de Castro Daire');
insert into meioApoio values(4, 'Polcia de Castro Daire');
insert into meioApoio values(1, 'Junta de Freguesia de Praia da Vitria');
insert into meioApoio values(1, 'Bombeiros de Guarda');
insert into meioApoio values(1, 'Junta de Freguesia de So Pedro do Sul');
insert into meioApoio values(1, 'Polcia de Marco de Canavezes');
insert into meioApoio values(1, 'Polcia de Ftima');
insert into meioApoio values(1, 'Junta de Freguesia de Lourosa');
insert into meioApoio values(4, 'Junta de Freguesia de Lourosa');
insert into meioApoio values(1, 'Polcia de Vila das Aves');
insert into meioApoio values(4, 'Polcia de Vila das Aves');
insert into meioApoio values(1, 'Bombeiros de Santo Tirso');
insert into meioApoio values(4, 'Bombeiros de Santo Tirso');
insert into meioApoio values(1, 'Bombeiros de Viseu');
insert into meioApoio values(1, 'Bombeiros de Fafe');
insert into meioApoio values(4, 'Bombeiros de Fafe');
insert into meioApoio values(1, 'Bombeiros de Lamego');
insert into meioApoio values(1, 'Junta de Freguesia de Espinho');
insert into meioApoio values(4, 'Junta de Freguesia de Espinho');
insert into meioApoio values(1, 'Polcia de Espinho');
insert into meioApoio values(4, 'Polcia de Espinho');
insert into meioApoio values(1, 'Polcia de Vila Nova de Gaia');
insert into meioApoio values(4, 'Polcia de Vila Nova de Gaia');
insert into meioApoio values(1, 'Bombeiros de Maia');
insert into meioApoio values(1, 'Bombeiros de Rio Maior');
insert into meioApoio values(1, 'Polcia de Loures');
insert into meioApoio values(1, 'Junta de Freguesia de gueda');
insert into meioApoio values(1, 'Junta de Freguesia de Alccer do Sal');
insert into meioApoio values(1, 'Polcia de Lourosa');
insert into meioApoio values(1, 'Polcia de Montijo');
insert into meioApoio values(1, 'Bombeiros de Albufeira');
insert into meioApoio values(1, 'Junta de Freguesia de Fafe');
insert into meioApoio values(1, 'Junta de Freguesia de Setbal');
insert into meioApoio values(1, 'Polcia de Tavira');
insert into meioApoio values(1, 'Polcia de Braga');
insert into meioApoio values(4, 'Polcia de Braga');
insert into meioApoio values(1, 'Bombeiros de Vila Nova de Gaia');
insert into meioApoio values(1, 'Junta de Freguesia de Moura');
insert into meioApoio values(4, 'Junta de Freguesia de Moura');
insert into meioApoio values(1, 'Bombeiros de Moura');
insert into meioApoio values(4, 'Bombeiros de Moura');
insert into meioApoio values(1, 'Polcia de Alcochete');
insert into meioApoio values(1, 'Bombeiros de Ftima');
insert into meioApoio values(4, 'Bombeiros de Ftima');
insert into meioApoio values(1, 'Bombeiros de Faro');
insert into meioApoio values(1, 'Polcia de lhavo');
insert into meioApoio values(4, 'Polcia de lhavo');
insert into meioApoio values(1, 'Junta de Freguesia de Vila Real');
insert into meioApoio values(1, 'Junta de Freguesia de Monchique');
insert into meioApoio values(1, 'Bombeiros de Lagos');
insert into meioApoio values(1, 'Bombeiros de Ericeira');
insert into meioApoio values(1, 'Polcia de Vila Real');
insert into meioApoio values(1, 'Polcia de Albufeira');
insert into meioApoio values(1, 'Bombeiros de Oliveira do Hospital');
insert into meioApoio values(4, 'Bombeiros de Oliveira do Hospital');
insert into meioApoio values(1, 'Junta de Freguesia de Bragana');
insert into meioApoio values(4, 'Junta de Freguesia de Bragana');
insert into meioApoio values(1, 'Junta de Freguesia de Porto');
insert into meioApoio values(4, 'Junta de Freguesia de Porto');
insert into meioApoio values(1, 'Polcia de Amadora');
insert into meioApoio values(4, 'Polcia de Amadora');
insert into meioApoio values(1, 'Junta de Freguesia de Castro Daire');
insert into meioApoio values(1, 'Bombeiros de Vizela');
insert into meioApoio values(4, 'Bombeiros de Vizela');
insert into meioApoio values(1, 'Polcia de Setbal');
insert into meioApoio values(4, 'Polcia de Setbal');
insert into meioApoio values(1, 'Bombeiros de Sines');
insert into meioApoio values(4, 'Bombeiros de Sines');
insert into meioApoio values(1, 'Polcia de Lagos');
insert into meioApoio values(4, 'Polcia de Lagos');
insert into meioApoio values(1, 'Junta de Freguesia de Redondo');
insert into meioApoio values(1, 'Bombeiros de Bragana');
insert into meioApoio values(4, 'Bombeiros de Bragana');
insert into meioApoio values(1, 'Polcia de Fundo');
insert into meioApoio values(1, 'Junta de Freguesia de Cartaxo');
insert into meioApoio values(1, 'Bombeiros de Chaves');
insert into meioApoio values(1, 'Bombeiros de Seixal');
insert into meioApoio values(1, 'Bombeiros de Fundo');
insert into meioApoio values(4, 'Bombeiros de Fundo');
insert into meioApoio values(1, 'Junta de Freguesia de Silves');
insert into meioApoio values(4, 'Junta de Freguesia de Silves');
insert into meioApoio values(1, 'Junta de Freguesia de Funchal');
insert into meioApoio values(1, 'Bombeiros de Montijo');
insert into meioApoio values(1, 'Junta de Freguesia de vora');
insert into meioApoio values(1, 'Bombeiros de gueda');
insert into meioApoio values(1, 'Polcia de Alccer do Sal');
insert into meioApoio values(1, 'Polcia de Funchal');
insert into meioApoio values(1, 'Polcia de Beja');
insert into meioApoio values(1, 'Polcia de Alcobaa');
insert into meioApoio values(1, 'Polcia de Rio Maior');
insert into meioApoio values(1, 'Junta de Freguesia de Sabugal');
insert into meioApoio values(1, 'Junta de Freguesia de Pinhel');
insert into meioApoio values(4, 'Junta de Freguesia de Pinhel');
insert into meioApoio values(1, 'Bombeiros de Coimbra');
insert into meioApoio values(1, 'Polcia de Faro');
insert into meioApoio values(1, 'Polcia de Costa da Caparica');
insert into meioApoio values(4, 'Polcia de Costa da Caparica');
insert into meioApoio values(1, 'Junta de Freguesia de Ribeira Grande');
insert into meioApoio values(1, 'Polcia de Macedo de Cavaleiros');
insert into meioApoio values(1, 'Junta de Freguesia de Loures');
insert into meioApoio values(4, 'Junta de Freguesia de Loures');
insert into meioApoio values(1, 'Bombeiros de Funchal');
insert into meioApoio values(1, 'Junta de Freguesia de Horta');
insert into meioApoio values(4, 'Junta de Freguesia de Horta');
insert into meioApoio values(1, 'Polcia de Queluz');
insert into meioApoio values(4, 'Polcia de Queluz');
insert into meioApoio values(1, 'Polcia de Peniche');
insert into meioApoio values(1, 'Polcia de Chaves');
insert into meioApoio values(4, 'Polcia de Chaves');
insert into meioApoio values(1, 'Bombeiros de Lagoa');
insert into meioApoio values(1, 'Polcia de Viana do Castelo');
insert into meioApoio values(1, 'Polcia de Penafiel');
insert into meioApoio values(1, 'Polcia de Vizela');
insert into meioApoio values(1, 'Bombeiros de Lisboa');
insert into meioApoio values(1, 'Junta de Freguesia de Nazar');
insert into meioApoio values(4, 'Junta de Freguesia de Nazar');
insert into meioApoio values(1, 'Junta de Freguesia de Santa Cruz');
insert into meioApoio values(4, 'Junta de Freguesia de Santa Cruz');
insert into meioApoio values(1, 'Polcia de Santo Andr');
insert into meioApoio values(1, 'Bombeiros de Alccer do Sal');



insert into meioSocorro values(2, 'Polcia de Ribeira Grande');
insert into meioSocorro values(2, 'Polcia de Aveiro');
insert into meioSocorro values(2, 'Junta de Freguesia de Montijo');
insert into meioSocorro values(2, 'Junta de Freguesia de Trancoso');
insert into meioSocorro values(2, 'Bombeiros de Sagres');
insert into meioSocorro values(2, 'Junta de Freguesia de Santo Andr');
insert into meioSocorro values(2, 'Bombeiros de Santo Andr');
insert into meioSocorro values(2, 'Polcia de Seixal');
insert into meioSocorro values(2, 'Bombeiros de Viana do Castelo');
insert into meioSocorro values(2, 'Bombeiros de Loures');
insert into meioSocorro values(2, 'Bombeiros de Portalegre');
insert into meioSocorro values(2, 'Bombeiros de Loul');
insert into meioSocorro values(2, 'Bombeiros de Trofa');
insert into meioSocorro values(2, 'Polcia de Almada');
insert into meioSocorro values(2, 'Polcia de Castro Daire');
insert into meioSocorro values(2, 'Junta de Freguesia de Praia da Vitria');
insert into meioSocorro values(2, 'Bombeiros de Guarda');
insert into meioSocorro values(2, 'Junta de Freguesia de So Pedro do Sul');
insert into meioSocorro values(2, 'Polcia de Marco de Canavezes');
insert into meioSocorro values(2, 'Polcia de Ftima');
insert into meioSocorro values(2, 'Junta de Freguesia de Lourosa');
insert into meioSocorro values(2, 'Polcia de Vila das Aves');
insert into meioSocorro values(2, 'Bombeiros de Santo Tirso');
insert into meioSocorro values(2, 'Bombeiros de Viseu');
insert into meioSocorro values(2, 'Bombeiros de Fafe');
insert into meioSocorro values(2, 'Bombeiros de Lamego');
insert into meioSocorro values(2, 'Junta de Freguesia de Espinho');
insert into meioSocorro values(2, 'Polcia de Espinho');
insert into meioSocorro values(2, 'Polcia de Vila Nova de Gaia');
insert into meioSocorro values(2, 'Bombeiros de Maia');
insert into meioSocorro values(2, 'Bombeiros de Rio Maior');
insert into meioSocorro values(2, 'Polcia de Loures');
insert into meioSocorro values(2, 'Junta de Freguesia de gueda');
insert into meioSocorro values(2, 'Junta de Freguesia de Alccer do Sal');
insert into meioSocorro values(2, 'Polcia de Lourosa');
insert into meioSocorro values(2, 'Polcia de Montijo');
insert into meioSocorro values(2, 'Bombeiros de Albufeira');
insert into meioSocorro values(2, 'Junta de Freguesia de Fafe');
insert into meioSocorro values(2, 'Junta de Freguesia de Setbal');
insert into meioSocorro values(2, 'Polcia de Tavira');
insert into meioSocorro values(2, 'Polcia de Braga');
insert into meioSocorro values(2, 'Bombeiros de Vila Nova de Gaia');
insert into meioSocorro values(2, 'Junta de Freguesia de Moura');
insert into meioSocorro values(2, 'Bombeiros de Moura');
insert into meioSocorro values(2, 'Polcia de Alcochete');
insert into meioSocorro values(2, 'Bombeiros de Ftima');
insert into meioSocorro values(2, 'Bombeiros de Faro');
insert into meioSocorro values(2, 'Polcia de lhavo');
insert into meioSocorro values(2, 'Junta de Freguesia de Vila Real');
insert into meioSocorro values(2, 'Junta de Freguesia de Monchique');
insert into meioSocorro values(2, 'Bombeiros de Lagos');
insert into meioSocorro values(2, 'Bombeiros de Ericeira');
insert into meioSocorro values(2, 'Polcia de Vila Real');
insert into meioSocorro values(2, 'Polcia de Albufeira');
insert into meioSocorro values(2, 'Bombeiros de Oliveira do Hospital');
insert into meioSocorro values(2, 'Junta de Freguesia de Bragana');
insert into meioSocorro values(2, 'Junta de Freguesia de Porto');
insert into meioSocorro values(2, 'Polcia de Amadora');
insert into meioSocorro values(2, 'Junta de Freguesia de Castro Daire');
insert into meioSocorro values(2, 'Bombeiros de Vizela');
insert into meioSocorro values(2, 'Polcia de Setbal');
insert into meioSocorro values(2, 'Bombeiros de Sines');
insert into meioSocorro values(2, 'Polcia de Lagos');
insert into meioSocorro values(2, 'Junta de Freguesia de Redondo');
insert into meioSocorro values(2, 'Bombeiros de Bragana');
insert into meioSocorro values(2, 'Polcia de Fundo');
insert into meioSocorro values(2, 'Junta de Freguesia de Cartaxo');
insert into meioSocorro values(2, 'Bombeiros de Chaves');
insert into meioSocorro values(2, 'Bombeiros de Seixal');
insert into meioSocorro values(2, 'Bombeiros de Fundo');
insert into meioSocorro values(2, 'Junta de Freguesia de Silves');
insert into meioSocorro values(2, 'Junta de Freguesia de Funchal');
insert into meioSocorro values(2, 'Bombeiros de Montijo');
insert into meioSocorro values(2, 'Junta de Freguesia de vora');
insert into meioSocorro values(2, 'Bombeiros de gueda');
insert into meioSocorro values(2, 'Polcia de Alccer do Sal');
insert into meioSocorro values(2, 'Polcia de Funchal');
insert into meioSocorro values(2, 'Polcia de Beja');
insert into meioSocorro values(2, 'Polcia de Alcobaa');
insert into meioSocorro values(2, 'Polcia de Rio Maior');
insert into meioSocorro values(2, 'Junta de Freguesia de Sabugal');
insert into meioSocorro values(2, 'Junta de Freguesia de Pinhel');
insert into meioSocorro values(2, 'Bombeiros de Coimbra');
insert into meioSocorro values(2, 'Polcia de Faro');
insert into meioSocorro values(2, 'Polcia de Costa da Caparica');
insert into meioSocorro values(2, 'Junta de Freguesia de Ribeira Grande');
insert into meioSocorro values(2, 'Polcia de Macedo de Cavaleiros');
insert into meioSocorro values(2, 'Junta de Freguesia de Loures');
insert into meioSocorro values(2, 'Bombeiros de Funchal');
insert into meioSocorro values(2, 'Junta de Freguesia de Horta');
insert into meioSocorro values(2, 'Polcia de Queluz');
insert into meioSocorro values(2, 'Polcia de Peniche');
insert into meioSocorro values(2, 'Polcia de Chaves');
insert into meioSocorro values(2, 'Bombeiros de Lagoa');
insert into meioSocorro values(2, 'Polcia de Viana do Castelo');
insert into meioSocorro values(2, 'Polcia de Penafiel');
insert into meioSocorro values(2, 'Polcia de Vizela');
insert into meioSocorro values(2, 'Bombeiros de Lisboa');
insert into meioSocorro values(2, 'Junta de Freguesia de Nazar');
insert into meioSocorro values(2, 'Junta de Freguesia de Santa Cruz');
insert into meioSocorro values(2, 'Polcia de Santo Andr');
insert into meioSocorro values(2, 'Bombeiros de Alccer do Sal');



insert into transporta values(2, 'Bombeiros de Alccer do Sal', 18, 0);
insert into transporta values(2, 'Polcia de Ribeira Grande', 10, 0);
insert into transporta values(2, 'Polcia de Ribeira Grande', 13, 1);
insert into transporta values(2, 'Polcia de Aveiro', 15, 1);
insert into transporta values(2, 'Polcia de Aveiro', 17, 2);
insert into transporta values(2, 'Junta de Freguesia de Montijo', 17, 2);
insert into transporta values(2, 'Junta de Freguesia de Montijo', 19, 3);
insert into transporta values(2, 'Junta de Freguesia de Trancoso', 5, 3);
insert into transporta values(2, 'Junta de Freguesia de Trancoso', 7, 4);
insert into transporta values(2, 'Bombeiros de Sagres', 19, 4);
insert into transporta values(2, 'Bombeiros de Sagres', 9, 5);
insert into transporta values(2, 'Junta de Freguesia de Santo Andr', 14, 5);
insert into transporta values(2, 'Junta de Freguesia de Santo Andr', 5, 6);
insert into transporta values(2, 'Bombeiros de Santo Andr', 13, 6);
insert into transporta values(2, 'Bombeiros de Santo Andr', 17, 7);
insert into transporta values(2, 'Polcia de Seixal', 10, 7);
insert into transporta values(2, 'Polcia de Seixal', 9, 8);
insert into transporta values(2, 'Bombeiros de Viana do Castelo', 13, 8);
insert into transporta values(2, 'Bombeiros de Viana do Castelo', 18, 9);
insert into transporta values(2, 'Bombeiros de Loures', 18, 9);
insert into transporta values(2, 'Bombeiros de Loures', 10, 10);
insert into transporta values(2, 'Bombeiros de Portalegre', 16, 10);
insert into transporta values(2, 'Bombeiros de Portalegre', 5, 11);
insert into transporta values(2, 'Bombeiros de Loul', 13, 11);
insert into transporta values(2, 'Bombeiros de Loul', 5, 12);
insert into transporta values(2, 'Bombeiros de Trofa', 8, 12);
insert into transporta values(2, 'Bombeiros de Trofa', 5, 13);
insert into transporta values(2, 'Polcia de Almada', 18, 13);
insert into transporta values(2, 'Polcia de Almada', 17, 14);
insert into transporta values(2, 'Polcia de Castro Daire', 19, 14);
insert into transporta values(2, 'Polcia de Castro Daire', 8, 15);
insert into transporta values(2, 'Junta de Freguesia de Praia da Vitria', 7, 15);
insert into transporta values(2, 'Junta de Freguesia de Praia da Vitria', 8, 16);
insert into transporta values(2, 'Bombeiros de Guarda', 15, 16);
insert into transporta values(2, 'Bombeiros de Guarda', 16, 17);
insert into transporta values(2, 'Junta de Freguesia de So Pedro do Sul', 8, 17);
insert into transporta values(2, 'Junta de Freguesia de So Pedro do Sul', 19, 18);
insert into transporta values(2, 'Polcia de Marco de Canavezes', 15, 18);
insert into transporta values(2, 'Polcia de Marco de Canavezes', 6, 19);
insert into transporta values(2, 'Polcia de Ftima', 15, 19);
insert into transporta values(2, 'Polcia de Ftima', 13, 20);
insert into transporta values(2, 'Junta de Freguesia de Lourosa', 19, 20);
insert into transporta values(2, 'Junta de Freguesia de Lourosa', 6, 21);
insert into transporta values(2, 'Polcia de Vila das Aves', 15, 21);
insert into transporta values(2, 'Polcia de Vila das Aves', 9, 22);
insert into transporta values(2, 'Bombeiros de Santo Tirso', 18, 22);
insert into transporta values(2, 'Bombeiros de Santo Tirso', 13, 23);
insert into transporta values(2, 'Bombeiros de Viseu', 19, 23);
insert into transporta values(2, 'Bombeiros de Viseu', 14, 24);
insert into transporta values(2, 'Bombeiros de Fafe', 14, 24);
insert into transporta values(2, 'Bombeiros de Fafe', 12, 25);
insert into transporta values(2, 'Bombeiros de Lamego', 12, 25);
insert into transporta values(2, 'Bombeiros de Lamego', 15, 26);
insert into transporta values(2, 'Junta de Freguesia de Espinho', 12, 26);
insert into transporta values(2, 'Junta de Freguesia de Espinho', 17, 27);
insert into transporta values(2, 'Polcia de Espinho', 14, 27);
insert into transporta values(2, 'Polcia de Espinho', 20, 28);
insert into transporta values(2, 'Polcia de Vila Nova de Gaia', 8, 28);
insert into transporta values(2, 'Polcia de Vila Nova de Gaia', 20, 29);
insert into transporta values(2, 'Bombeiros de Maia', 12, 29);
insert into transporta values(2, 'Bombeiros de Maia', 6, 30);
insert into transporta values(2, 'Bombeiros de Rio Maior', 18, 30);
insert into transporta values(2, 'Bombeiros de Rio Maior', 10, 31);
insert into transporta values(2, 'Polcia de Loures', 20, 31);
insert into transporta values(2, 'Polcia de Loures', 5, 32);
insert into transporta values(2, 'Junta de Freguesia de gueda', 8, 32);
insert into transporta values(2, 'Junta de Freguesia de gueda', 17, 33);
insert into transporta values(2, 'Junta de Freguesia de Alccer do Sal', 13, 33);
insert into transporta values(2, 'Junta de Freguesia de Alccer do Sal', 7, 34);
insert into transporta values(2, 'Polcia de Lourosa', 11, 34);
insert into transporta values(2, 'Polcia de Lourosa', 19, 35);
insert into transporta values(2, 'Polcia de Montijo', 7, 35);
insert into transporta values(2, 'Polcia de Montijo', 18, 36);
insert into transporta values(2, 'Bombeiros de Albufeira', 20, 36);
insert into transporta values(2, 'Bombeiros de Albufeira', 15, 37);
insert into transporta values(2, 'Junta de Freguesia de Fafe', 17, 37);
insert into transporta values(2, 'Junta de Freguesia de Fafe', 7, 38);
insert into transporta values(2, 'Junta de Freguesia de Setbal', 20, 38);
insert into transporta values(2, 'Junta de Freguesia de Setbal', 20, 39);
insert into transporta values(2, 'Polcia de Tavira', 15, 39);
insert into transporta values(2, 'Polcia de Tavira', 19, 40);
insert into transporta values(2, 'Polcia de Braga', 6, 40);
insert into transporta values(2, 'Polcia de Braga', 15, 41);
insert into transporta values(2, 'Bombeiros de Vila Nova de Gaia', 16, 41);
insert into transporta values(2, 'Bombeiros de Vila Nova de Gaia', 10, 42);
insert into transporta values(2, 'Junta de Freguesia de Moura', 15, 42);
insert into transporta values(2, 'Junta de Freguesia de Moura', 13, 43);
insert into transporta values(2, 'Bombeiros de Moura', 10, 43);
insert into transporta values(2, 'Bombeiros de Moura', 12, 44);
insert into transporta values(2, 'Polcia de Alcochete', 14, 44);
insert into transporta values(2, 'Polcia de Alcochete', 5, 45);
insert into transporta values(2, 'Bombeiros de Ftima', 9, 45);
insert into transporta values(2, 'Bombeiros de Ftima', 5, 46);
insert into transporta values(2, 'Bombeiros de Faro', 12, 46);
insert into transporta values(2, 'Bombeiros de Faro', 14, 47);
insert into transporta values(2, 'Polcia de lhavo', 13, 47);
insert into transporta values(2, 'Polcia de lhavo', 11, 48);
insert into transporta values(2, 'Junta de Freguesia de Vila Real', 10, 48);
insert into transporta values(2, 'Junta de Freguesia de Vila Real', 6, 49);
insert into transporta values(2, 'Junta de Freguesia de Monchique', 12, 49);
insert into transporta values(2, 'Junta de Freguesia de Monchique', 12, 50);
insert into transporta values(2, 'Bombeiros de Lagos', 19, 50);
insert into transporta values(2, 'Bombeiros de Lagos', 14, 51);
insert into transporta values(2, 'Bombeiros de Ericeira', 16, 51);
insert into transporta values(2, 'Bombeiros de Ericeira', 12, 52);
insert into transporta values(2, 'Polcia de Vila Real', 14, 52);
insert into transporta values(2, 'Polcia de Vila Real', 8, 53);
insert into transporta values(2, 'Polcia de Albufeira', 18, 53);
insert into transporta values(2, 'Polcia de Albufeira', 14, 54);
insert into transporta values(2, 'Bombeiros de Oliveira do Hospital', 15, 54);
insert into transporta values(2, 'Bombeiros de Oliveira do Hospital', 9, 55);
insert into transporta values(2, 'Junta de Freguesia de Bragana', 9, 55);
insert into transporta values(2, 'Junta de Freguesia de Bragana', 10, 56);
insert into transporta values(2, 'Junta de Freguesia de Porto', 6, 56);
insert into transporta values(2, 'Junta de Freguesia de Porto', 20, 57);
insert into transporta values(2, 'Polcia de Amadora', 19, 57);
insert into transporta values(2, 'Polcia de Amadora', 16, 58);
insert into transporta values(2, 'Junta de Freguesia de Castro Daire', 15, 58);
insert into transporta values(2, 'Junta de Freguesia de Castro Daire', 14, 59);
insert into transporta values(2, 'Bombeiros de Vizela', 14, 59);
insert into transporta values(2, 'Bombeiros de Vizela', 15, 60);
insert into transporta values(2, 'Polcia de Setbal', 8, 60);
insert into transporta values(2, 'Polcia de Setbal', 15, 61);
insert into transporta values(2, 'Bombeiros de Sines', 16, 61);
insert into transporta values(2, 'Bombeiros de Sines', 20, 62);
insert into transporta values(2, 'Polcia de Lagos', 19, 62);
insert into transporta values(2, 'Polcia de Lagos', 6, 63);
insert into transporta values(2, 'Junta de Freguesia de Redondo', 16, 63);
insert into transporta values(2, 'Junta de Freguesia de Redondo', 15, 64);
insert into transporta values(2, 'Bombeiros de Bragana', 7, 64);
insert into transporta values(2, 'Bombeiros de Bragana', 5, 65);
insert into transporta values(2, 'Polcia de Fundo', 8, 65);
insert into transporta values(2, 'Polcia de Fundo', 7, 66);
insert into transporta values(2, 'Junta de Freguesia de Cartaxo', 11, 66);
insert into transporta values(2, 'Junta de Freguesia de Cartaxo', 6, 67);
insert into transporta values(2, 'Bombeiros de Chaves', 12, 67);
insert into transporta values(2, 'Bombeiros de Chaves', 6, 68);
insert into transporta values(2, 'Bombeiros de Seixal', 14, 68);
insert into transporta values(2, 'Bombeiros de Seixal', 12, 69);
insert into transporta values(2, 'Bombeiros de Fundo', 7, 69);
insert into transporta values(2, 'Bombeiros de Fundo', 8, 70);
insert into transporta values(2, 'Junta de Freguesia de Silves', 17, 70);
insert into transporta values(2, 'Junta de Freguesia de Silves', 17, 71);
insert into transporta values(2, 'Junta de Freguesia de Funchal', 5, 71);
insert into transporta values(2, 'Junta de Freguesia de Funchal', 15, 72);
insert into transporta values(2, 'Bombeiros de Montijo', 14, 72);
insert into transporta values(2, 'Bombeiros de Montijo', 13, 73);
insert into transporta values(2, 'Junta de Freguesia de vora', 12, 73);
insert into transporta values(2, 'Junta de Freguesia de vora', 5, 74);
insert into transporta values(2, 'Bombeiros de gueda', 15, 74);
insert into transporta values(2, 'Bombeiros de gueda', 9, 75);
insert into transporta values(2, 'Polcia de Alccer do Sal', 20, 75);
insert into transporta values(2, 'Polcia de Alccer do Sal', 5, 76);
insert into transporta values(2, 'Polcia de Funchal', 14, 76);
insert into transporta values(2, 'Polcia de Funchal', 5, 77);
insert into transporta values(2, 'Polcia de Beja', 15, 77);
insert into transporta values(2, 'Polcia de Beja', 17, 78);
insert into transporta values(2, 'Polcia de Alcobaa', 11, 78);
insert into transporta values(2, 'Polcia de Alcobaa', 13, 79);
insert into transporta values(2, 'Polcia de Rio Maior', 11, 79);
insert into transporta values(2, 'Polcia de Rio Maior', 9, 80);
insert into transporta values(2, 'Junta de Freguesia de Sabugal', 15, 80);
insert into transporta values(2, 'Junta de Freguesia de Sabugal', 19, 81);
insert into transporta values(2, 'Junta de Freguesia de Pinhel', 10, 81);
insert into transporta values(2, 'Junta de Freguesia de Pinhel', 9, 82);
insert into transporta values(2, 'Bombeiros de Coimbra', 15, 82);
insert into transporta values(2, 'Bombeiros de Coimbra', 11, 83);
insert into transporta values(2, 'Polcia de Faro', 12, 83);
insert into transporta values(2, 'Polcia de Faro', 14, 84);
insert into transporta values(2, 'Polcia de Costa da Caparica', 6, 84);
insert into transporta values(2, 'Polcia de Costa da Caparica', 11, 85);
insert into transporta values(2, 'Junta de Freguesia de Ribeira Grande', 16, 85);
insert into transporta values(2, 'Junta de Freguesia de Ribeira Grande', 14, 86);
insert into transporta values(2, 'Polcia de Macedo de Cavaleiros', 5, 86);
insert into transporta values(2, 'Polcia de Macedo de Cavaleiros', 7, 87);
insert into transporta values(2, 'Junta de Freguesia de Loures', 16, 87);
insert into transporta values(2, 'Junta de Freguesia de Loures', 5, 88);
insert into transporta values(2, 'Bombeiros de Funchal', 15, 88);
insert into transporta values(2, 'Bombeiros de Funchal', 11, 89);
insert into transporta values(2, 'Junta de Freguesia de Horta', 18, 89);
insert into transporta values(2, 'Junta de Freguesia de Horta', 15, 90);
insert into transporta values(2, 'Polcia de Queluz', 13, 90);
insert into transporta values(2, 'Polcia de Queluz', 19, 91);
insert into transporta values(2, 'Polcia de Peniche', 15, 91);
insert into transporta values(2, 'Polcia de Peniche', 15, 92);
insert into transporta values(2, 'Polcia de Chaves', 12, 92);
insert into transporta values(2, 'Polcia de Chaves', 19, 93);
insert into transporta values(2, 'Bombeiros de Lagoa', 5, 93);
insert into transporta values(2, 'Bombeiros de Lagoa', 10, 94);
insert into transporta values(2, 'Polcia de Viana do Castelo', 14, 94);
insert into transporta values(2, 'Polcia de Viana do Castelo', 9, 95);
insert into transporta values(2, 'Polcia de Penafiel', 14, 95);
insert into transporta values(2, 'Polcia de Penafiel', 10, 96);
insert into transporta values(2, 'Polcia de Vizela', 16, 96);
insert into transporta values(2, 'Polcia de Vizela', 13, 97);
insert into transporta values(2, 'Bombeiros de Lisboa', 13, 97);
insert into transporta values(2, 'Bombeiros de Lisboa', 14, 98);
insert into transporta values(2, 'Junta de Freguesia de Nazar', 5, 98);
insert into transporta values(2, 'Junta de Freguesia de Nazar', 17, 99);
insert into transporta values(2, 'Junta de Freguesia de Santa Cruz', 8, 99);
insert into transporta values(2, 'Junta de Freguesia de Santa Cruz', 7, 100);
insert into transporta values(2, 'Polcia de Santo Andr', 9, 100);
insert into transporta values(2, 'Polcia de Santo Andr', 14, 101);
insert into transporta values(2, 'Bombeiros de Alccer do Sal', 13, 101);



insert into alocado values(1, 'Bombeiros de Alccer do Sal', 3, 0);
insert into alocado values(1, 'Polcia de Ribeira Grande', 5, 0);
insert into alocado values(1, 'Polcia de Ribeira Grande', 10, 1);
insert into alocado values(1, 'Polcia de Aveiro', 6, 1);
insert into alocado values(1, 'Polcia de Aveiro', 1, 2);
insert into alocado values(1, 'Junta de Freguesia de Montijo', 4, 2);
insert into alocado values(1, 'Junta de Freguesia de Montijo', 9, 3);
insert into alocado values(4, 'Junta de Freguesia de Montijo', 3, 3);
insert into alocado values(4, 'Junta de Freguesia de Montijo', 3, 4);
insert into alocado values(1, 'Junta de Freguesia de Trancoso', 3, 4);
insert into alocado values(1, 'Junta de Freguesia de Trancoso', 7, 5);
insert into alocado values(1, 'Bombeiros de Sagres', 7, 5);
insert into alocado values(1, 'Bombeiros de Sagres', 3, 6);
insert into alocado values(4, 'Bombeiros de Sagres', 4, 6);
insert into alocado values(4, 'Bombeiros de Sagres', 3, 7);
insert into alocado values(1, 'Junta de Freguesia de Santo Andr', 7, 7);
insert into alocado values(1, 'Junta de Freguesia de Santo Andr', 2, 8);
insert into alocado values(1, 'Bombeiros de Santo Andr', 1, 8);
insert into alocado values(1, 'Bombeiros de Santo Andr', 5, 9);
insert into alocado values(1, 'Polcia de Seixal', 10, 9);
insert into alocado values(1, 'Polcia de Seixal', 3, 10);
insert into alocado values(1, 'Bombeiros de Viana do Castelo', 8, 10);
insert into alocado values(1, 'Bombeiros de Viana do Castelo', 6, 11);
insert into alocado values(1, 'Bombeiros de Loures', 7, 11);
insert into alocado values(1, 'Bombeiros de Loures', 10, 12);
insert into alocado values(1, 'Bombeiros de Portalegre', 2, 12);
insert into alocado values(1, 'Bombeiros de Portalegre', 4, 13);
insert into alocado values(1, 'Bombeiros de Loul', 10, 13);
insert into alocado values(1, 'Bombeiros de Loul', 1, 14);
insert into alocado values(4, 'Bombeiros de Loul', 4, 14);
insert into alocado values(4, 'Bombeiros de Loul', 10, 15);
insert into alocado values(1, 'Bombeiros de Trofa', 8, 15);
insert into alocado values(1, 'Bombeiros de Trofa', 8, 16);
insert into alocado values(4, 'Bombeiros de Trofa', 9, 16);
insert into alocado values(4, 'Bombeiros de Trofa', 5, 17);
insert into alocado values(1, 'Polcia de Almada', 9, 17);
insert into alocado values(1, 'Polcia de Almada', 10, 18);
insert into alocado values(4, 'Polcia de Almada', 5, 18);
insert into alocado values(4, 'Polcia de Almada', 10, 19);
insert into alocado values(1, 'Polcia de Castro Daire', 8, 19);
insert into alocado values(1, 'Polcia de Castro Daire', 10, 20);
insert into alocado values(4, 'Polcia de Castro Daire', 2, 20);
insert into alocado values(4, 'Polcia de Castro Daire', 9, 21);
insert into alocado values(1, 'Junta de Freguesia de Praia da Vitria', 6, 21);
insert into alocado values(1, 'Junta de Freguesia de Praia da Vitria', 5, 22);
insert into alocado values(1, 'Bombeiros de Guarda', 9, 22);
insert into alocado values(1, 'Bombeiros de Guarda', 6, 23);
insert into alocado values(1, 'Junta de Freguesia de So Pedro do Sul', 1, 23);
insert into alocado values(1, 'Junta de Freguesia de So Pedro do Sul', 8, 24);
insert into alocado values(1, 'Polcia de Marco de Canavezes', 7, 24);
insert into alocado values(1, 'Polcia de Marco de Canavezes', 8, 25);
insert into alocado values(1, 'Polcia de Ftima', 2, 25);
insert into alocado values(1, 'Polcia de Ftima', 9, 26);
insert into alocado values(1, 'Junta de Freguesia de Lourosa', 9, 26);
insert into alocado values(1, 'Junta de Freguesia de Lourosa', 8, 27);
insert into alocado values(4, 'Junta de Freguesia de Lourosa', 8, 27);
insert into alocado values(4, 'Junta de Freguesia de Lourosa', 1, 28);
insert into alocado values(1, 'Polcia de Vila das Aves', 6, 28);
insert into alocado values(1, 'Polcia de Vila das Aves', 7, 29);
insert into alocado values(4, 'Polcia de Vila das Aves', 7, 29);
insert into alocado values(4, 'Polcia de Vila das Aves', 2, 30);
insert into alocado values(1, 'Bombeiros de Santo Tirso', 6, 30);
insert into alocado values(1, 'Bombeiros de Santo Tirso', 9, 31);
insert into alocado values(4, 'Bombeiros de Santo Tirso', 5, 31);
insert into alocado values(4, 'Bombeiros de Santo Tirso', 2, 32);
insert into alocado values(1, 'Bombeiros de Viseu', 7, 32);
insert into alocado values(1, 'Bombeiros de Viseu', 3, 33);
insert into alocado values(1, 'Bombeiros de Fafe', 8, 33);
insert into alocado values(1, 'Bombeiros de Fafe', 4, 34);
insert into alocado values(4, 'Bombeiros de Fafe', 6, 34);
insert into alocado values(4, 'Bombeiros de Fafe', 9, 35);
insert into alocado values(1, 'Bombeiros de Lamego', 9, 35);
insert into alocado values(1, 'Bombeiros de Lamego', 6, 36);
insert into alocado values(1, 'Junta de Freguesia de Espinho', 6, 36);
insert into alocado values(1, 'Junta de Freguesia de Espinho', 8, 37);
insert into alocado values(4, 'Junta de Freguesia de Espinho', 3, 37);
insert into alocado values(4, 'Junta de Freguesia de Espinho', 10, 38);
insert into alocado values(1, 'Polcia de Espinho', 6, 38);
insert into alocado values(1, 'Polcia de Espinho', 3, 39);
insert into alocado values(4, 'Polcia de Espinho', 8, 39);
insert into alocado values(4, 'Polcia de Espinho', 7, 40);
insert into alocado values(1, 'Polcia de Vila Nova de Gaia', 1, 40);
insert into alocado values(1, 'Polcia de Vila Nova de Gaia', 9, 41);
insert into alocado values(4, 'Polcia de Vila Nova de Gaia', 9, 41);
insert into alocado values(4, 'Polcia de Vila Nova de Gaia', 7, 42);
insert into alocado values(1, 'Bombeiros de Maia', 9, 42);
insert into alocado values(1, 'Bombeiros de Maia', 7, 43);
insert into alocado values(1, 'Bombeiros de Rio Maior', 10, 43);
insert into alocado values(1, 'Bombeiros de Rio Maior', 1, 44);
insert into alocado values(1, 'Polcia de Loures', 10, 44);
insert into alocado values(1, 'Polcia de Loures', 8, 45);
insert into alocado values(1, 'Junta de Freguesia de gueda', 4, 45);
insert into alocado values(1, 'Junta de Freguesia de gueda', 5, 46);
insert into alocado values(1, 'Junta de Freguesia de Alccer do Sal', 1, 46);
insert into alocado values(1, 'Junta de Freguesia de Alccer do Sal', 7, 47);
insert into alocado values(1, 'Polcia de Lourosa', 3, 47);
insert into alocado values(1, 'Polcia de Lourosa', 5, 48);
insert into alocado values(1, 'Polcia de Montijo', 8, 48);
insert into alocado values(1, 'Polcia de Montijo', 1, 49);
insert into alocado values(1, 'Bombeiros de Albufeira', 8, 49);
insert into alocado values(1, 'Bombeiros de Albufeira', 5, 50);
insert into alocado values(1, 'Junta de Freguesia de Fafe', 3, 50);
insert into alocado values(1, 'Junta de Freguesia de Fafe', 8, 51);
insert into alocado values(1, 'Junta de Freguesia de Setbal', 6, 51);
insert into alocado values(1, 'Junta de Freguesia de Setbal', 4, 52);
insert into alocado values(1, 'Polcia de Tavira', 9, 52);
insert into alocado values(1, 'Polcia de Tavira', 2, 53);
insert into alocado values(1, 'Polcia de Braga', 2, 53);
insert into alocado values(1, 'Polcia de Braga', 3, 54);
insert into alocado values(4, 'Polcia de Braga', 10, 54);
insert into alocado values(4, 'Polcia de Braga', 9, 55);
insert into alocado values(1, 'Bombeiros de Vila Nova de Gaia', 9, 55);
insert into alocado values(1, 'Bombeiros de Vila Nova de Gaia', 5, 56);
insert into alocado values(1, 'Junta de Freguesia de Moura', 2, 56);
insert into alocado values(1, 'Junta de Freguesia de Moura', 9, 57);
insert into alocado values(4, 'Junta de Freguesia de Moura', 5, 57);
insert into alocado values(4, 'Junta de Freguesia de Moura', 6, 58);
insert into alocado values(1, 'Bombeiros de Moura', 3, 58);
insert into alocado values(1, 'Bombeiros de Moura', 10, 59);
insert into alocado values(4, 'Bombeiros de Moura', 7, 59);
insert into alocado values(4, 'Bombeiros de Moura', 4, 60);
insert into alocado values(1, 'Polcia de Alcochete', 5, 60);
insert into alocado values(1, 'Polcia de Alcochete', 4, 61);
insert into alocado values(1, 'Bombeiros de Ftima', 5, 61);
insert into alocado values(1, 'Bombeiros de Ftima', 4, 62);
insert into alocado values(4, 'Bombeiros de Ftima', 1, 62);
insert into alocado values(4, 'Bombeiros de Ftima', 5, 63);
insert into alocado values(1, 'Bombeiros de Faro', 4, 63);
insert into alocado values(1, 'Bombeiros de Faro', 5, 64);
insert into alocado values(1, 'Polcia de lhavo', 4, 64);
insert into alocado values(1, 'Polcia de lhavo', 6, 65);
insert into alocado values(4, 'Polcia de lhavo', 3, 65);
insert into alocado values(4, 'Polcia de lhavo', 9, 66);
insert into alocado values(1, 'Junta de Freguesia de Vila Real', 8, 66);
insert into alocado values(1, 'Junta de Freguesia de Vila Real', 5, 67);
insert into alocado values(1, 'Junta de Freguesia de Monchique', 9, 67);
insert into alocado values(1, 'Junta de Freguesia de Monchique', 9, 68);
insert into alocado values(1, 'Bombeiros de Lagos', 6, 68);
insert into alocado values(1, 'Bombeiros de Lagos', 3, 69);
insert into alocado values(1, 'Bombeiros de Ericeira', 10, 69);
insert into alocado values(1, 'Bombeiros de Ericeira', 1, 70);
insert into alocado values(1, 'Polcia de Vila Real', 4, 70);
insert into alocado values(1, 'Polcia de Vila Real', 4, 71);
insert into alocado values(1, 'Polcia de Albufeira', 7, 71);
insert into alocado values(1, 'Polcia de Albufeira', 9, 72);
insert into alocado values(1, 'Bombeiros de Oliveira do Hospital', 4, 72);
insert into alocado values(1, 'Bombeiros de Oliveira do Hospital', 1, 73);
insert into alocado values(4, 'Bombeiros de Oliveira do Hospital', 4, 73);
insert into alocado values(4, 'Bombeiros de Oliveira do Hospital', 5, 74);
insert into alocado values(1, 'Junta de Freguesia de Bragana', 1, 74);
insert into alocado values(1, 'Junta de Freguesia de Bragana', 2, 75);
insert into alocado values(4, 'Junta de Freguesia de Bragana', 6, 75);
insert into alocado values(4, 'Junta de Freguesia de Bragana', 1, 76);
insert into alocado values(1, 'Junta de Freguesia de Porto', 10, 76);
insert into alocado values(1, 'Junta de Freguesia de Porto', 8, 77);
insert into alocado values(4, 'Junta de Freguesia de Porto', 2, 77);
insert into alocado values(4, 'Junta de Freguesia de Porto', 2, 78);
insert into alocado values(1, 'Polcia de Amadora', 1, 78);
insert into alocado values(1, 'Polcia de Amadora', 4, 79);
insert into alocado values(4, 'Polcia de Amadora', 9, 79);
insert into alocado values(4, 'Polcia de Amadora', 8, 80);
insert into alocado values(1, 'Junta de Freguesia de Castro Daire', 3, 80);
insert into alocado values(1, 'Junta de Freguesia de Castro Daire', 3, 81);
insert into alocado values(1, 'Bombeiros de Vizela', 7, 81);
insert into alocado values(1, 'Bombeiros de Vizela', 5, 82);
insert into alocado values(4, 'Bombeiros de Vizela', 1, 82);
insert into alocado values(4, 'Bombeiros de Vizela', 10, 83);
insert into alocado values(1, 'Polcia de Setbal', 10, 83);
insert into alocado values(1, 'Polcia de Setbal', 7, 84);
insert into alocado values(4, 'Polcia de Setbal', 2, 84);
insert into alocado values(4, 'Polcia de Setbal', 7, 85);
insert into alocado values(1, 'Bombeiros de Sines', 4, 85);
insert into alocado values(1, 'Bombeiros de Sines', 2, 86);
insert into alocado values(4, 'Bombeiros de Sines', 4, 86);
insert into alocado values(4, 'Bombeiros de Sines', 6, 87);
insert into alocado values(1, 'Polcia de Lagos', 7, 87);
insert into alocado values(1, 'Polcia de Lagos', 10, 88);
insert into alocado values(4, 'Polcia de Lagos', 1, 88);
insert into alocado values(4, 'Polcia de Lagos', 8, 89);
insert into alocado values(1, 'Junta de Freguesia de Redondo', 10, 89);
insert into alocado values(1, 'Junta de Freguesia de Redondo', 2, 90);
insert into alocado values(1, 'Bombeiros de Bragana', 10, 90);
insert into alocado values(1, 'Bombeiros de Bragana', 5, 91);
insert into alocado values(4, 'Bombeiros de Bragana', 8, 91);
insert into alocado values(4, 'Bombeiros de Bragana', 2, 92);
insert into alocado values(1, 'Polcia de Fundo', 8, 92);
insert into alocado values(1, 'Polcia de Fundo', 1, 93);
insert into alocado values(1, 'Junta de Freguesia de Cartaxo', 8, 93);
insert into alocado values(1, 'Junta de Freguesia de Cartaxo', 9, 94);
insert into alocado values(1, 'Bombeiros de Chaves', 8, 94);
insert into alocado values(1, 'Bombeiros de Chaves', 5, 95);
insert into alocado values(1, 'Bombeiros de Seixal', 2, 95);
insert into alocado values(1, 'Bombeiros de Seixal', 3, 96);
insert into alocado values(1, 'Bombeiros de Fundo', 7, 96);
insert into alocado values(1, 'Bombeiros de Fundo', 5, 97);
insert into alocado values(4, 'Bombeiros de Fundo', 10, 97);
insert into alocado values(4, 'Bombeiros de Fundo', 8, 98);
insert into alocado values(1, 'Junta de Freguesia de Silves', 8, 98);
insert into alocado values(1, 'Junta de Freguesia de Silves', 8, 99);
insert into alocado values(4, 'Junta de Freguesia de Silves', 1, 99);
insert into alocado values(4, 'Junta de Freguesia de Silves', 6, 100);
insert into alocado values(1, 'Junta de Freguesia de Funchal', 2, 100);
insert into alocado values(1, 'Junta de Freguesia de Funchal', 10, 101);
insert into alocado values(1, 'Bombeiros de Montijo', 1, 101);



insert into acciona values(0, 'Polcia de Ribeira Grande', 0);
insert into acciona values(1, 'Polcia de Ribeira Grande', 0);
insert into acciona values(2, 'Polcia de Ribeira Grande', 0);
insert into acciona values(1, 'Polcia de Ribeira Grande', 1);
insert into acciona values(2, 'Polcia de Ribeira Grande', 1);
insert into acciona values(0, 'Polcia de Aveiro', 1);
insert into acciona values(2, 'Polcia de Ribeira Grande', 2);
insert into acciona values(0, 'Polcia de Aveiro', 2);
insert into acciona values(1, 'Polcia de Aveiro', 2);
insert into acciona values(0, 'Polcia de Aveiro', 3);
insert into acciona values(1, 'Polcia de Aveiro', 3);
insert into acciona values(2, 'Polcia de Aveiro', 3);
insert into acciona values(1, 'Polcia de Aveiro', 4);
insert into acciona values(2, 'Polcia de Aveiro', 4);
insert into acciona values(3, 'Polcia de Aveiro', 4);
insert into acciona values(2, 'Polcia de Aveiro', 5);
insert into acciona values(3, 'Polcia de Aveiro', 5);
insert into acciona values(0, 'Junta de Freguesia de Montijo', 5);
insert into acciona values(3, 'Polcia de Aveiro', 6);
insert into acciona values(0, 'Junta de Freguesia de Montijo', 6);
insert into acciona values(1, 'Junta de Freguesia de Montijo', 6);
insert into acciona values(0, 'Junta de Freguesia de Montijo', 7);
insert into acciona values(1, 'Junta de Freguesia de Montijo', 7);
insert into acciona values(2, 'Junta de Freguesia de Montijo', 7);
insert into acciona values(1, 'Junta de Freguesia de Montijo', 8);
insert into acciona values(2, 'Junta de Freguesia de Montijo', 8);
insert into acciona values(3, 'Junta de Freguesia de Montijo', 8);
insert into acciona values(2, 'Junta de Freguesia de Montijo', 9);
insert into acciona values(3, 'Junta de Freguesia de Montijo', 9);
insert into acciona values(4, 'Junta de Freguesia de Montijo', 9);
insert into acciona values(3, 'Junta de Freguesia de Montijo', 10);
insert into acciona values(4, 'Junta de Freguesia de Montijo', 10);
insert into acciona values(0, 'Junta de Freguesia de Trancoso', 10);
insert into acciona values(4, 'Junta de Freguesia de Montijo', 11);
insert into acciona values(0, 'Junta de Freguesia de Trancoso', 11);
insert into acciona values(1, 'Junta de Freguesia de Trancoso', 11);
insert into acciona values(0, 'Junta de Freguesia de Trancoso', 12);
insert into acciona values(1, 'Junta de Freguesia de Trancoso', 12);
insert into acciona values(2, 'Junta de Freguesia de Trancoso', 12);
insert into acciona values(1, 'Junta de Freguesia de Trancoso', 13);
insert into acciona values(2, 'Junta de Freguesia de Trancoso', 13);
insert into acciona values(0, 'Bombeiros de Sagres', 13);
insert into acciona values(2, 'Junta de Freguesia de Trancoso', 14);
insert into acciona values(0, 'Bombeiros de Sagres', 14);
insert into acciona values(1, 'Bombeiros de Sagres', 14);
insert into acciona values(0, 'Bombeiros de Sagres', 15);
insert into acciona values(1, 'Bombeiros de Sagres', 15);
insert into acciona values(2, 'Bombeiros de Sagres', 15);
insert into acciona values(1, 'Bombeiros de Sagres', 16);
insert into acciona values(2, 'Bombeiros de Sagres', 16);
insert into acciona values(3, 'Bombeiros de Sagres', 16);
insert into acciona values(2, 'Bombeiros de Sagres', 17);
insert into acciona values(3, 'Bombeiros de Sagres', 17);
insert into acciona values(4, 'Bombeiros de Sagres', 17);
insert into acciona values(3, 'Bombeiros de Sagres', 18);
insert into acciona values(4, 'Bombeiros de Sagres', 18);
insert into acciona values(0, 'Junta de Freguesia de Santo Andr', 18);
insert into acciona values(4, 'Bombeiros de Sagres', 19);
insert into acciona values(0, 'Junta de Freguesia de Santo Andr', 19);
insert into acciona values(1, 'Junta de Freguesia de Santo Andr', 19);
insert into acciona values(0, 'Junta de Freguesia de Santo Andr', 20);
insert into acciona values(1, 'Junta de Freguesia de Santo Andr', 20);
insert into acciona values(2, 'Junta de Freguesia de Santo Andr', 20);
insert into acciona values(1, 'Junta de Freguesia de Santo Andr', 21);
insert into acciona values(2, 'Junta de Freguesia de Santo Andr', 21);
insert into acciona values(3, 'Junta de Freguesia de Santo Andr', 21);
insert into acciona values(2, 'Junta de Freguesia de Santo Andr', 22);
insert into acciona values(3, 'Junta de Freguesia de Santo Andr', 22);
insert into acciona values(0, 'Bombeiros de Santo Andr', 22);
insert into acciona values(3, 'Junta de Freguesia de Santo Andr', 23);
insert into acciona values(0, 'Bombeiros de Santo Andr', 23);
insert into acciona values(1, 'Bombeiros de Santo Andr', 23);
insert into acciona values(0, 'Bombeiros de Santo Andr', 24);
insert into acciona values(1, 'Bombeiros de Santo Andr', 24);
insert into acciona values(2, 'Bombeiros de Santo Andr', 24);
insert into acciona values(1, 'Bombeiros de Santo Andr', 25);
insert into acciona values(2, 'Bombeiros de Santo Andr', 25);
insert into acciona values(0, 'Polcia de Seixal', 25);
insert into acciona values(2, 'Bombeiros de Santo Andr', 26);
insert into acciona values(0, 'Polcia de Seixal', 26);
insert into acciona values(1, 'Polcia de Seixal', 26);
insert into acciona values(0, 'Polcia de Seixal', 27);
insert into acciona values(1, 'Polcia de Seixal', 27);
insert into acciona values(2, 'Polcia de Seixal', 27);
insert into acciona values(1, 'Polcia de Seixal', 28);
insert into acciona values(2, 'Polcia de Seixal', 28);
insert into acciona values(3, 'Polcia de Seixal', 28);
insert into acciona values(2, 'Polcia de Seixal', 29);
insert into acciona values(3, 'Polcia de Seixal', 29);
insert into acciona values(0, 'Bombeiros de Viana do Castelo', 29);
insert into acciona values(3, 'Polcia de Seixal', 30);
insert into acciona values(0, 'Bombeiros de Viana do Castelo', 30);
insert into acciona values(1, 'Bombeiros de Viana do Castelo', 30);
insert into acciona values(0, 'Bombeiros de Viana do Castelo', 31);
insert into acciona values(1, 'Bombeiros de Viana do Castelo', 31);
insert into acciona values(2, 'Bombeiros de Viana do Castelo', 31);
insert into acciona values(1, 'Bombeiros de Viana do Castelo', 32);
insert into acciona values(2, 'Bombeiros de Viana do Castelo', 32);
insert into acciona values(0, 'Bombeiros de Loures', 32);
insert into acciona values(2, 'Bombeiros de Viana do Castelo', 33);
insert into acciona values(0, 'Bombeiros de Loures', 33);
insert into acciona values(1, 'Bombeiros de Loures', 33);
insert into acciona values(0, 'Bombeiros de Loures', 34);
insert into acciona values(1, 'Bombeiros de Loures', 34);
insert into acciona values(2, 'Bombeiros de Loures', 34);
insert into acciona values(1, 'Bombeiros de Loures', 35);
insert into acciona values(2, 'Bombeiros de Loures', 35);
insert into acciona values(3, 'Bombeiros de Loures', 35);
insert into acciona values(2, 'Bombeiros de Loures', 36);
insert into acciona values(3, 'Bombeiros de Loures', 36);
insert into acciona values(0, 'Bombeiros de Portalegre', 36);
insert into acciona values(3, 'Bombeiros de Loures', 37);
insert into acciona values(0, 'Bombeiros de Portalegre', 37);
insert into acciona values(1, 'Bombeiros de Portalegre', 37);
insert into acciona values(0, 'Bombeiros de Portalegre', 38);
insert into acciona values(1, 'Bombeiros de Portalegre', 38);
insert into acciona values(2, 'Bombeiros de Portalegre', 38);
insert into acciona values(1, 'Bombeiros de Portalegre', 39);
insert into acciona values(2, 'Bombeiros de Portalegre', 39);
insert into acciona values(0, 'Bombeiros de Loul', 39);
insert into acciona values(2, 'Bombeiros de Portalegre', 40);
insert into acciona values(0, 'Bombeiros de Loul', 40);
insert into acciona values(1, 'Bombeiros de Loul', 40);
insert into acciona values(0, 'Bombeiros de Loul', 41);
insert into acciona values(1, 'Bombeiros de Loul', 41);
insert into acciona values(2, 'Bombeiros de Loul', 41);
insert into acciona values(1, 'Bombeiros de Loul', 42);
insert into acciona values(2, 'Bombeiros de Loul', 42);
insert into acciona values(3, 'Bombeiros de Loul', 42);
insert into acciona values(2, 'Bombeiros de Loul', 43);
insert into acciona values(3, 'Bombeiros de Loul', 43);
insert into acciona values(4, 'Bombeiros de Loul', 43);
insert into acciona values(3, 'Bombeiros de Loul', 44);
insert into acciona values(4, 'Bombeiros de Loul', 44);
insert into acciona values(0, 'Bombeiros de Trofa', 44);
insert into acciona values(4, 'Bombeiros de Loul', 45);
insert into acciona values(0, 'Bombeiros de Trofa', 45);
insert into acciona values(1, 'Bombeiros de Trofa', 45);
insert into acciona values(0, 'Bombeiros de Trofa', 46);
insert into acciona values(1, 'Bombeiros de Trofa', 46);
insert into acciona values(2, 'Bombeiros de Trofa', 46);
insert into acciona values(1, 'Bombeiros de Trofa', 47);
insert into acciona values(2, 'Bombeiros de Trofa', 47);
insert into acciona values(3, 'Bombeiros de Trofa', 47);
insert into acciona values(2, 'Bombeiros de Trofa', 48);
insert into acciona values(3, 'Bombeiros de Trofa', 48);
insert into acciona values(4, 'Bombeiros de Trofa', 48);
insert into acciona values(3, 'Bombeiros de Trofa', 49);
insert into acciona values(4, 'Bombeiros de Trofa', 49);
insert into acciona values(0, 'Polcia de Almada', 49);
insert into acciona values(4, 'Bombeiros de Trofa', 50);
insert into acciona values(0, 'Polcia de Almada', 50);
insert into acciona values(1, 'Polcia de Almada', 50);
insert into acciona values(0, 'Polcia de Almada', 51);
insert into acciona values(1, 'Polcia de Almada', 51);
insert into acciona values(2, 'Polcia de Almada', 51);
insert into acciona values(1, 'Polcia de Almada', 52);
insert into acciona values(2, 'Polcia de Almada', 52);
insert into acciona values(3, 'Polcia de Almada', 52);
insert into acciona values(2, 'Polcia de Almada', 53);
insert into acciona values(3, 'Polcia de Almada', 53);
insert into acciona values(4, 'Polcia de Almada', 53);
insert into acciona values(3, 'Polcia de Almada', 54);
insert into acciona values(4, 'Polcia de Almada', 54);
insert into acciona values(0, 'Polcia de Castro Daire', 54);
insert into acciona values(4, 'Polcia de Almada', 55);
insert into acciona values(0, 'Polcia de Castro Daire', 55);
insert into acciona values(1, 'Polcia de Castro Daire', 55);
insert into acciona values(0, 'Polcia de Castro Daire', 56);
insert into acciona values(1, 'Polcia de Castro Daire', 56);
insert into acciona values(2, 'Polcia de Castro Daire', 56);
insert into acciona values(1, 'Polcia de Castro Daire', 57);
insert into acciona values(2, 'Polcia de Castro Daire', 57);
insert into acciona values(3, 'Polcia de Castro Daire', 57);
insert into acciona values(2, 'Polcia de Castro Daire', 58);
insert into acciona values(3, 'Polcia de Castro Daire', 58);
insert into acciona values(4, 'Polcia de Castro Daire', 58);
insert into acciona values(3, 'Polcia de Castro Daire', 59);
insert into acciona values(4, 'Polcia de Castro Daire', 59);
insert into acciona values(0, 'Junta de Freguesia de Praia da Vitria', 59);
insert into acciona values(4, 'Polcia de Castro Daire', 60);
insert into acciona values(0, 'Junta de Freguesia de Praia da Vitria', 60);
insert into acciona values(1, 'Junta de Freguesia de Praia da Vitria', 60);
insert into acciona values(0, 'Junta de Freguesia de Praia da Vitria', 61);
insert into acciona values(1, 'Junta de Freguesia de Praia da Vitria', 61);
insert into acciona values(2, 'Junta de Freguesia de Praia da Vitria', 61);
insert into acciona values(1, 'Junta de Freguesia de Praia da Vitria', 62);
insert into acciona values(2, 'Junta de Freguesia de Praia da Vitria', 62);
insert into acciona values(3, 'Junta de Freguesia de Praia da Vitria', 62);
insert into acciona values(2, 'Junta de Freguesia de Praia da Vitria', 63);
insert into acciona values(3, 'Junta de Freguesia de Praia da Vitria', 63);
insert into acciona values(0, 'Bombeiros de Guarda', 63);
insert into acciona values(3, 'Junta de Freguesia de Praia da Vitria', 64);
insert into acciona values(0, 'Bombeiros de Guarda', 64);
insert into acciona values(1, 'Bombeiros de Guarda', 64);
insert into acciona values(0, 'Bombeiros de Guarda', 65);
insert into acciona values(1, 'Bombeiros de Guarda', 65);
insert into acciona values(2, 'Bombeiros de Guarda', 65);
insert into acciona values(1, 'Bombeiros de Guarda', 66);
insert into acciona values(2, 'Bombeiros de Guarda', 66);
insert into acciona values(3, 'Bombeiros de Guarda', 66);
insert into acciona values(2, 'Bombeiros de Guarda', 67);
insert into acciona values(3, 'Bombeiros de Guarda', 67);
insert into acciona values(0, 'Junta de Freguesia de So Pedro do Sul', 67);
insert into acciona values(3, 'Bombeiros de Guarda', 68);
insert into acciona values(0, 'Junta de Freguesia de So Pedro do Sul', 68);
insert into acciona values(1, 'Junta de Freguesia de So Pedro do Sul', 68);
insert into acciona values(0, 'Junta de Freguesia de So Pedro do Sul', 69);
insert into acciona values(1, 'Junta de Freguesia de So Pedro do Sul', 69);
insert into acciona values(2, 'Junta de Freguesia de So Pedro do Sul', 69);
insert into acciona values(1, 'Junta de Freguesia de So Pedro do Sul', 70);
insert into acciona values(2, 'Junta de Freguesia de So Pedro do Sul', 70);
insert into acciona values(0, 'Polcia de Marco de Canavezes', 70);
insert into acciona values(2, 'Junta de Freguesia de So Pedro do Sul', 71);
insert into acciona values(0, 'Polcia de Marco de Canavezes', 71);
insert into acciona values(1, 'Polcia de Marco de Canavezes', 71);
insert into acciona values(0, 'Polcia de Marco de Canavezes', 72);
insert into acciona values(1, 'Polcia de Marco de Canavezes', 72);
insert into acciona values(2, 'Polcia de Marco de Canavezes', 72);
insert into acciona values(1, 'Polcia de Marco de Canavezes', 73);
insert into acciona values(2, 'Polcia de Marco de Canavezes', 73);
insert into acciona values(3, 'Polcia de Marco de Canavezes', 73);
insert into acciona values(2, 'Polcia de Marco de Canavezes', 74);
insert into acciona values(3, 'Polcia de Marco de Canavezes', 74);
insert into acciona values(0, 'Polcia de Ftima', 74);
insert into acciona values(3, 'Polcia de Marco de Canavezes', 75);
insert into acciona values(0, 'Polcia de Ftima', 75);
insert into acciona values(1, 'Polcia de Ftima', 75);
insert into acciona values(0, 'Polcia de Ftima', 76);
insert into acciona values(1, 'Polcia de Ftima', 76);
insert into acciona values(2, 'Polcia de Ftima', 76);
insert into acciona values(1, 'Polcia de Ftima', 77);
insert into acciona values(2, 'Polcia de Ftima', 77);
insert into acciona values(0, 'Junta de Freguesia de Lourosa', 77);
insert into acciona values(2, 'Polcia de Ftima', 78);
insert into acciona values(0, 'Junta de Freguesia de Lourosa', 78);
insert into acciona values(1, 'Junta de Freguesia de Lourosa', 78);
insert into acciona values(0, 'Junta de Freguesia de Lourosa', 79);
insert into acciona values(1, 'Junta de Freguesia de Lourosa', 79);
insert into acciona values(2, 'Junta de Freguesia de Lourosa', 79);
insert into acciona values(1, 'Junta de Freguesia de Lourosa', 80);
insert into acciona values(2, 'Junta de Freguesia de Lourosa', 80);
insert into acciona values(3, 'Junta de Freguesia de Lourosa', 80);
insert into acciona values(2, 'Junta de Freguesia de Lourosa', 81);
insert into acciona values(3, 'Junta de Freguesia de Lourosa', 81);
insert into acciona values(4, 'Junta de Freguesia de Lourosa', 81);
insert into acciona values(3, 'Junta de Freguesia de Lourosa', 82);
insert into acciona values(4, 'Junta de Freguesia de Lourosa', 82);
insert into acciona values(0, 'Polcia de Vila das Aves', 82);
insert into acciona values(4, 'Junta de Freguesia de Lourosa', 83);
insert into acciona values(0, 'Polcia de Vila das Aves', 83);
insert into acciona values(1, 'Polcia de Vila das Aves', 83);
insert into acciona values(0, 'Polcia de Vila das Aves', 84);
insert into acciona values(1, 'Polcia de Vila das Aves', 84);
insert into acciona values(2, 'Polcia de Vila das Aves', 84);
insert into acciona values(1, 'Polcia de Vila das Aves', 85);
insert into acciona values(2, 'Polcia de Vila das Aves', 85);
insert into acciona values(3, 'Polcia de Vila das Aves', 85);
insert into acciona values(2, 'Polcia de Vila das Aves', 86);
insert into acciona values(3, 'Polcia de Vila das Aves', 86);
insert into acciona values(4, 'Polcia de Vila das Aves', 86);
insert into acciona values(3, 'Polcia de Vila das Aves', 87);
insert into acciona values(4, 'Polcia de Vila das Aves', 87);
insert into acciona values(0, 'Bombeiros de Santo Tirso', 87);
insert into acciona values(4, 'Polcia de Vila das Aves', 88);
insert into acciona values(0, 'Bombeiros de Santo Tirso', 88);
insert into acciona values(1, 'Bombeiros de Santo Tirso', 88);
insert into acciona values(0, 'Bombeiros de Santo Tirso', 89);
insert into acciona values(1, 'Bombeiros de Santo Tirso', 89);
insert into acciona values(2, 'Bombeiros de Santo Tirso', 89);
insert into acciona values(1, 'Bombeiros de Santo Tirso', 90);
insert into acciona values(2, 'Bombeiros de Santo Tirso', 90);
insert into acciona values(3, 'Bombeiros de Santo Tirso', 90);
insert into acciona values(2, 'Bombeiros de Santo Tirso', 91);
insert into acciona values(3, 'Bombeiros de Santo Tirso', 91);
insert into acciona values(4, 'Bombeiros de Santo Tirso', 91);
insert into acciona values(3, 'Bombeiros de Santo Tirso', 92);
insert into acciona values(4, 'Bombeiros de Santo Tirso', 92);
insert into acciona values(0, 'Bombeiros de Viseu', 92);
insert into acciona values(4, 'Bombeiros de Santo Tirso', 93);
insert into acciona values(0, 'Bombeiros de Viseu', 93);
insert into acciona values(1, 'Bombeiros de Viseu', 93);
insert into acciona values(0, 'Bombeiros de Viseu', 94);
insert into acciona values(1, 'Bombeiros de Viseu', 94);
insert into acciona values(2, 'Bombeiros de Viseu', 94);
insert into acciona values(1, 'Bombeiros de Viseu', 95);
insert into acciona values(2, 'Bombeiros de Viseu', 95);
insert into acciona values(3, 'Bombeiros de Viseu', 95);
insert into acciona values(2, 'Bombeiros de Viseu', 96);
insert into acciona values(3, 'Bombeiros de Viseu', 96);
insert into acciona values(0, 'Bombeiros de Fafe', 96);
insert into acciona values(3, 'Bombeiros de Viseu', 97);
insert into acciona values(0, 'Bombeiros de Fafe', 97);
insert into acciona values(1, 'Bombeiros de Fafe', 97);
insert into acciona values(0, 'Bombeiros de Fafe', 98);
insert into acciona values(1, 'Bombeiros de Fafe', 98);
insert into acciona values(2, 'Bombeiros de Fafe', 98);
insert into acciona values(1, 'Bombeiros de Fafe', 99);
insert into acciona values(2, 'Bombeiros de Fafe', 99);
insert into acciona values(3, 'Bombeiros de Fafe', 99);
insert into acciona values(2, 'Bombeiros de Fafe', 100);
insert into acciona values(3, 'Bombeiros de Fafe', 100);
insert into acciona values(4, 'Bombeiros de Fafe', 100);
insert into acciona values(3, 'Bombeiros de Fafe', 101);
insert into acciona values(4, 'Bombeiros de Fafe', 101);
insert into acciona values(0, 'Bombeiros de Lamego', 101);



insert into coordenador values(0);
insert into coordenador values(1);
insert into coordenador values(2);
insert into coordenador values(3);
insert into coordenador values(4);
insert into coordenador values(5);
insert into coordenador values(6);
insert into coordenador values(7);
insert into coordenador values(8);
insert into coordenador values(9);
insert into coordenador values(10);
insert into coordenador values(11);
insert into coordenador values(12);
insert into coordenador values(13);
insert into coordenador values(14);
insert into coordenador values(15);
insert into coordenador values(16);
insert into coordenador values(17);
insert into coordenador values(18);
insert into coordenador values(19);
insert into coordenador values(20);
insert into coordenador values(21);
insert into coordenador values(22);
insert into coordenador values(23);
insert into coordenador values(24);
insert into coordenador values(25);
insert into coordenador values(26);
insert into coordenador values(27);
insert into coordenador values(28);
insert into coordenador values(29);
insert into coordenador values(30);
insert into coordenador values(31);
insert into coordenador values(32);
insert into coordenador values(33);
insert into coordenador values(34);
insert into coordenador values(35);
insert into coordenador values(36);
insert into coordenador values(37);
insert into coordenador values(38);
insert into coordenador values(39);
insert into coordenador values(40);
insert into coordenador values(41);
insert into coordenador values(42);
insert into coordenador values(43);
insert into coordenador values(44);
insert into coordenador values(45);
insert into coordenador values(46);
insert into coordenador values(47);
insert into coordenador values(48);
insert into coordenador values(49);
insert into coordenador values(50);
insert into coordenador values(51);
insert into coordenador values(52);
insert into coordenador values(53);
insert into coordenador values(54);
insert into coordenador values(55);
insert into coordenador values(56);
insert into coordenador values(57);
insert into coordenador values(58);
insert into coordenador values(59);
insert into coordenador values(60);
insert into coordenador values(61);
insert into coordenador values(62);
insert into coordenador values(63);
insert into coordenador values(64);
insert into coordenador values(65);
insert into coordenador values(66);
insert into coordenador values(67);
insert into coordenador values(68);
insert into coordenador values(69);
insert into coordenador values(70);
insert into coordenador values(71);
insert into coordenador values(72);
insert into coordenador values(73);
insert into coordenador values(74);
insert into coordenador values(75);
insert into coordenador values(76);
insert into coordenador values(77);
insert into coordenador values(78);
insert into coordenador values(79);
insert into coordenador values(80);
insert into coordenador values(81);
insert into coordenador values(82);
insert into coordenador values(83);
insert into coordenador values(84);
insert into coordenador values(85);
insert into coordenador values(86);
insert into coordenador values(87);
insert into coordenador values(88);
insert into coordenador values(89);
insert into coordenador values(90);
insert into coordenador values(91);
insert into coordenador values(92);
insert into coordenador values(93);
insert into coordenador values(94);
insert into coordenador values(95);
insert into coordenador values(96);
insert into coordenador values(97);
insert into coordenador values(98);
insert into coordenador values(99);
insert into coordenador values(100);
insert into coordenador values(101);



insert into audita values(0, 0, 'Bombeiros de Sagres', 15, '2017-07-10 03:15:05', '2017-07-10 03:25:11', '2017-07-10 03:15:05', 'Auditado.');
insert into audita values(1, 2, 'Bombeiros de Viana do Castelo', 33, '2017-08-22 00:41:02', '2017-08-22 00:48:12', '2017-08-22 00:41:02', 'Auditado.');
insert into audita values(2, 0, 'Junta de Freguesia de So Pedro do Sul', 67, '2017-01-09 21:08:05', '2017-01-09 21:18:54', '2017-01-09 21:08:05', 'Auditado.');
insert into audita values(3, 0, 'Polcia de Castro Daire', 56, '2018-07-17 10:56:18', '2018-07-17 11:12:31', '2018-07-17 10:56:18', 'Auditado.');
insert into audita values(4, 1, 'Polcia de Ftima', 75, '2018-07-12 06:17:49', '2018-07-12 06:34:41', '2018-07-12 06:17:49', 'Auditado.');
insert into audita values(5, 1, 'Junta de Freguesia de Montijo', 7, '2016-06-22 10:34:17', '2016-06-22 10:51:51', '2016-06-22 10:34:17', 'Auditado.');
insert into audita values(6, 2, 'Bombeiros de Viseu', 94, '2018-06-04 10:48:58', '2018-06-04 11:08:14', '2018-06-04 10:48:58', 'Auditado.');
insert into audita values(7, 4, 'Polcia de Vila das Aves', 88, '2017-11-05 18:43:35', '2017-11-05 18:57:02', '2017-11-05 18:43:35', 'Auditado.');
insert into audita values(8, 4, 'Bombeiros de Loul', 44, '2018-08-22 11:20:48', '2018-08-22 11:23:32', '2018-08-22 11:20:48', 'Auditado.');
insert into audita values(9, 1, 'Junta de Freguesia de So Pedro do Sul', 68, '2016-11-26 08:54:43', '2016-11-26 09:04:41', '2016-11-26 08:54:43', 'Auditado.');
insert into audita values(10, 2, 'Junta de Freguesia de Trancoso', 13, '2017-06-30 17:29:20', '2017-06-30 17:36:28', '2017-06-30 17:29:20', 'Auditado.');
insert into audita values(11, 2, 'Junta de Freguesia de Trancoso', 12, '2018-08-12 20:40:58', '2018-08-12 20:55:53', '2018-08-12 20:40:58', 'Auditado.');
insert into audita values(12, 3, 'Polcia de Almada', 54, '2016-08-11 11:10:06', '2016-08-11 11:23:35', '2016-08-11 11:10:06', 'Auditado.');
insert into audita values(13, 1, 'Bombeiros de Santo Tirso', 89, '2018-05-16 21:30:52', '2018-05-16 21:41:34', '2018-05-16 21:30:52', 'Auditado.');
insert into audita values(14, 4, 'Junta de Freguesia de Montijo', 11, '2016-08-19 08:08:56', '2016-08-19 08:13:56', '2016-08-19 08:08:56', 'Auditado.');
insert into audita values(15, 4, 'Polcia de Castro Daire', 60, '2016-09-03 16:37:30', '2016-09-03 16:48:28', '2016-09-03 16:37:30', 'Auditado.');
insert into audita values(16, 4, 'Polcia de Castro Daire', 60, '2018-08-29 07:26:28', '2018-08-29 07:29:58', '2018-08-29 07:26:28', 'Auditado.');
insert into audita values(17, 3, 'Junta de Freguesia de Lourosa', 80, '2017-10-06 07:58:58', '2017-10-06 08:09:18', '2017-10-06 07:58:58', 'Auditado.');
insert into audita values(18, 1, 'Bombeiros de Portalegre', 37, '2018-01-31 11:04:24', '2018-01-31 11:08:29', '2018-01-31 11:04:24', 'Auditado.');
insert into audita values(19, 1, 'Junta de Freguesia de Praia da Vitria', 62, '2017-10-24 14:29:20', '2017-10-24 14:45:15', '2017-10-24 14:29:20', 'Auditado.');
insert into audita values(20, 2, 'Polcia de Almada', 51, '2016-09-16 11:30:50', '2016-09-16 11:49:26', '2016-09-16 11:30:50', 'Auditado.');
insert into audita values(21, 2, 'Junta de Freguesia de So Pedro do Sul', 71, '2017-05-14 20:00:50', '2017-05-14 20:13:27', '2017-05-14 20:00:50', 'Auditado.');
insert into audita values(22, 0, 'Polcia de Ftima', 74, '2016-08-23 06:16:23', '2016-08-23 06:23:47', '2016-08-23 06:16:23', 'Auditado.');
insert into audita values(23, 0, 'Bombeiros de Fafe', 96, '2018-06-06 11:49:47', '2018-06-06 11:55:41', '2018-06-06 11:49:47', 'Auditado.');
insert into audita values(24, 1, 'Bombeiros de Trofa', 47, '2016-02-26 06:54:32', '2016-02-26 07:04:42', '2016-02-26 06:54:32', 'Auditado.');
insert into audita values(25, 0, 'Polcia de Ftima', 74, '2018-09-28 23:52:36', '2018-09-29 00:09:13', '2018-09-28 23:52:36', 'Auditado.');
insert into audita values(26, 1, 'Polcia de Ftima', 76, '2017-01-08 19:32:56', '2017-01-08 19:42:15', '2017-01-08 19:32:56', 'Auditado.');
insert into audita values(27, 0, 'Polcia de Aveiro', 3, '2016-02-14 19:37:05', '2016-02-14 19:52:43', '2016-02-14 19:37:05', 'Auditado.');
insert into audita values(28, 1, 'Bombeiros de Guarda', 65, '2017-05-09 10:37:58', '2017-05-09 10:55:25', '2017-05-09 10:37:58', 'Auditado.');
insert into audita values(29, 4, 'Bombeiros de Trofa', 48, '2017-09-27 02:43:30', '2017-09-27 02:47:45', '2017-09-27 02:43:30', 'Auditado.');
insert into audita values(30, 0, 'Bombeiros de Loures', 34, '2018-02-05 23:13:15', '2018-02-05 23:30:49', '2018-02-05 23:13:15', 'Auditado.');
insert into audita values(31, 1, 'Polcia de Aveiro', 4, '2018-01-04 02:23:19', '2018-01-04 02:28:32', '2018-01-04 02:23:19', 'Auditado.');
insert into audita values(32, 3, 'Bombeiros de Trofa', 49, '2017-03-03 14:55:21', '2017-03-03 15:03:52', '2017-03-03 14:55:21', 'Auditado.');
insert into audita values(33, 3, 'Bombeiros de Fafe', 100, '2018-03-17 06:47:48', '2018-03-17 07:05:25', '2018-03-17 06:47:48', 'Auditado.');
insert into audita values(34, 2, 'Bombeiros de Viseu', 94, '2017-06-22 22:09:18', '2017-06-22 22:17:38', '2017-06-22 22:09:18', 'Auditado.');
insert into audita values(35, 2, 'Bombeiros de Sagres', 15, '2016-09-15 01:39:20', '2016-09-15 01:55:57', '2016-09-15 01:39:20', 'Auditado.');
insert into audita values(36, 2, 'Junta de Freguesia de Montijo', 8, '2016-10-23 03:04:28', '2016-10-23 03:16:17', '2016-10-23 03:04:28', 'Auditado.');
insert into audita values(37, 3, 'Bombeiros de Fafe', 101, '2017-02-01 20:37:55', '2017-02-01 20:41:07', '2017-02-01 20:37:55', 'Auditado.');
insert into audita values(38, 2, 'Polcia de Marco de Canavezes', 72, '2016-12-14 23:44:06', '2016-12-14 23:50:21', '2016-12-14 23:44:06', 'Auditado.');
insert into audita values(39, 1, 'Bombeiros de Portalegre', 37, '2016-08-26 01:23:21', '2016-08-26 01:32:31', '2016-08-26 01:23:21', 'Auditado.');
insert into audita values(40, 2, 'Bombeiros de Portalegre', 39, '2016-10-11 01:33:24', '2016-10-11 01:36:24', '2016-10-11 01:33:24', 'Auditado.');
insert into audita values(41, 2, 'Bombeiros de Trofa', 48, '2016-07-14 11:17:51', '2016-07-14 11:36:30', '2016-07-14 11:17:51', 'Auditado.');
insert into audita values(42, 2, 'Bombeiros de Fafe', 100, '2017-11-11 08:24:47', '2017-11-11 08:41:13', '2017-11-11 08:24:47', 'Auditado.');
insert into audita values(43, 2, 'Bombeiros de Guarda', 66, '2017-10-03 22:23:22', '2017-10-03 22:35:58', '2017-10-03 22:23:22', 'Auditado.');
insert into audita values(44, 0, 'Bombeiros de Guarda', 63, '2016-10-06 11:40:50', '2016-10-06 11:45:19', '2016-10-06 11:40:50', 'Auditado.');
insert into audita values(45, 4, 'Bombeiros de Trofa', 49, '2018-08-03 11:34:57', '2018-08-03 11:39:54', '2018-08-03 11:34:57', 'Auditado.');
insert into audita values(46, 1, 'Bombeiros de Portalegre', 39, '2016-04-07 01:13:01', '2016-04-07 01:16:15', '2016-04-07 01:13:01', 'Auditado.');
insert into audita values(47, 2, 'Bombeiros de Santo Andr', 25, '2018-09-24 03:26:00', '2018-09-24 03:37:43', '2018-09-24 03:26:00', 'Auditado.');
insert into audita values(48, 1, 'Junta de Freguesia de So Pedro do Sul', 68, '2017-06-29 20:03:41', '2017-06-29 20:18:43', '2017-06-29 20:03:41', 'Auditado.');
insert into audita values(49, 0, 'Junta de Freguesia de Trancoso', 10, '2016-03-30 12:05:49', '2016-03-30 12:14:10', '2016-03-30 12:05:49', 'Auditado.');
insert into audita values(50, 3, 'Polcia de Marco de Canavezes', 73, '2016-08-11 22:06:47', '2016-08-11 22:14:52', '2016-08-11 22:06:47', 'Auditado.');
insert into audita values(51, 0, 'Junta de Freguesia de So Pedro do Sul', 68, '2018-08-07 00:03:36', '2018-08-07 00:13:33', '2018-08-07 00:03:36', 'Auditado.');
insert into audita values(52, 1, 'Bombeiros de Loul', 41, '2018-02-27 03:57:03', '2018-02-27 04:10:49', '2018-02-27 03:57:03', 'Auditado.');
insert into audita values(53, 3, 'Junta de Freguesia de Lourosa', 82, '2016-12-18 11:06:35', '2016-12-18 11:14:03', '2016-12-18 11:06:35', 'Auditado.');
insert into audita values(54, 2, 'Bombeiros de Loul', 42, '2016-07-10 04:34:22', '2016-07-10 04:41:51', '2016-07-10 04:34:22', 'Auditado.');
insert into audita values(55, 1, 'Polcia de Ftima', 77, '2017-09-09 20:22:33', '2017-09-09 20:41:06', '2017-09-09 20:22:33', 'Auditado.');
insert into audita values(56, 0, 'Junta de Freguesia de Santo Andr', 20, '2016-10-11 01:45:11', '2016-10-11 01:50:21', '2016-10-11 01:45:11', 'Auditado.');
insert into audita values(57, 0, 'Bombeiros de Lamego', 101, '2017-01-31 06:58:03', '2017-01-31 07:01:36', '2017-01-31 06:58:03', 'Auditado.');
insert into audita values(58, 0, 'Junta de Freguesia de So Pedro do Sul', 69, '2017-08-26 16:44:09', '2017-08-26 16:52:23', '2017-08-26 16:44:09', 'Auditado.');
insert into audita values(59, 3, 'Junta de Freguesia de Montijo', 8, '2017-03-30 11:00:24', '2017-03-30 11:06:33', '2017-03-30 11:00:24', 'Auditado.');
insert into audita values(60, 2, 'Polcia de Aveiro', 3, '2017-11-16 07:23:22', '2017-11-16 07:32:59', '2017-11-16 07:23:22', 'Auditado.');
insert into audita values(61, 3, 'Polcia de Seixal', 28, '2017-06-06 21:34:07', '2017-06-06 21:46:55', '2017-06-06 21:34:07', 'Auditado.');
insert into audita values(62, 1, 'Polcia de Castro Daire', 56, '2018-12-29 23:23:53', '2018-12-29 23:26:15', '2018-12-29 23:23:53', 'Auditado.');
insert into audita values(63, 4, 'Junta de Freguesia de Montijo', 9, '2018-12-27 00:35:31', '2018-12-27 00:54:26', '2018-12-27 00:35:31', 'Auditado.');
insert into audita values(64, 2, 'Polcia de Vila das Aves', 84, '2017-10-15 17:54:26', '2017-10-15 18:06:26', '2017-10-15 17:54:26', 'Auditado.');
insert into audita values(65, 0, 'Polcia de Castro Daire', 54, '2018-12-29 13:01:10', '2018-12-29 13:13:29', '2018-12-29 13:01:10', 'Auditado.');
insert into audita values(66, 2, 'Polcia de Ftima', 78, '2016-05-02 20:00:18', '2016-05-02 20:13:24', '2016-05-02 20:00:18', 'Auditado.');
insert into audita values(67, 4, 'Junta de Freguesia de Montijo', 9, '2016-06-24 13:45:40', '2016-06-24 13:53:34', '2016-06-24 13:45:40', 'Auditado.');
insert into audita values(68, 3, 'Junta de Freguesia de Lourosa', 81, '2016-09-29 11:58:46', '2016-09-29 12:18:15', '2016-09-29 11:58:46', 'Auditado.');
insert into audita values(69, 3, 'Bombeiros de Santo Tirso', 92, '2018-04-06 22:08:02', '2018-04-06 22:14:29', '2018-04-06 22:08:02', 'Auditado.');
insert into audita values(70, 2, 'Bombeiros de Sagres', 17, '2016-04-17 13:01:42', '2016-04-17 13:04:17', '2016-04-17 13:01:42', 'Auditado.');
insert into audita values(71, 3, 'Bombeiros de Sagres', 18, '2018-12-28 15:53:17', '2018-12-28 15:58:28', '2018-12-28 15:53:17', 'Auditado.');
insert into audita values(72, 2, 'Bombeiros de Santo Tirso', 90, '2017-02-10 21:58:13', '2017-02-10 22:05:10', '2017-02-10 21:58:13', 'Auditado.');
insert into audita values(73, 0, 'Bombeiros de Guarda', 65, '2017-04-01 12:27:02', '2017-04-01 12:35:12', '2017-04-01 12:27:02', 'Auditado.');
insert into audita values(74, 4, 'Bombeiros de Trofa', 49, '2017-09-13 03:36:49', '2017-09-13 03:55:50', '2017-09-13 03:36:49', 'Auditado.');
insert into audita values(75, 0, 'Junta de Freguesia de Santo Andr', 18, '2018-06-24 20:37:19', '2018-06-24 20:56:52', '2018-06-24 20:37:19', 'Auditado.');
insert into audita values(76, 0, 'Polcia de Marco de Canavezes', 70, '2017-03-17 17:36:15', '2017-03-17 17:47:38', '2017-03-17 17:36:15', 'Auditado.');
insert into audita values(77, 2, 'Bombeiros de Fafe', 98, '2017-09-30 11:00:50', '2017-09-30 11:20:22', '2017-09-30 11:00:50', 'Auditado.');
insert into audita values(78, 0, 'Bombeiros de Guarda', 65, '2018-09-02 12:56:01', '2018-09-02 13:14:37', '2018-09-02 12:56:01', 'Auditado.');
insert into audita values(79, 4, 'Polcia de Castro Daire', 58, '2017-11-01 17:18:46', '2017-11-01 17:38:36', '2017-11-01 17:18:46', 'Auditado.');
insert into audita values(80, 0, 'Polcia de Ftima', 75, '2018-12-28 09:24:52', '2018-12-28 09:32:08', '2018-12-28 09:24:52', 'Auditado.');
insert into audita values(81, 0, 'Junta de Freguesia de Lourosa', 77, '2017-02-25 01:03:49', '2017-02-25 01:10:05', '2017-02-25 01:03:49', 'Auditado.');
insert into audita values(82, 3, 'Polcia de Almada', 52, '2018-04-17 02:14:43', '2018-04-17 02:18:23', '2018-04-17 02:14:43', 'Auditado.');
insert into audita values(83, 4, 'Junta de Freguesia de Lourosa', 82, '2018-01-22 16:14:44', '2018-01-22 16:21:37', '2018-01-22 16:14:44', 'Auditado.');
insert into audita values(84, 4, 'Bombeiros de Trofa', 48, '2017-06-29 12:33:35', '2017-06-29 12:40:29', '2017-06-29 12:33:35', 'Auditado.');
insert into audita values(85, 3, 'Bombeiros de Sagres', 18, '2016-03-22 03:44:53', '2016-03-22 03:54:52', '2016-03-22 03:44:53', 'Auditado.');
insert into audita values(86, 4, 'Bombeiros de Trofa', 49, '2018-07-05 10:27:58', '2018-07-05 10:46:24', '2018-07-05 10:27:58', 'Auditado.');
insert into audita values(87, 1, 'Bombeiros de Viana do Castelo', 30, '2018-07-25 07:40:32', '2018-07-25 07:54:44', '2018-07-25 07:40:32', 'Auditado.');
insert into audita values(88, 0, 'Bombeiros de Viana do Castelo', 31, '2016-01-02 22:03:36', '2016-01-02 22:10:14', '2016-01-02 22:03:36', 'Auditado.');
insert into audita values(89, 0, 'Bombeiros de Guarda', 65, '2016-11-19 18:52:01', '2016-11-19 18:59:11', '2016-11-19 18:52:01', 'Auditado.');
insert into audita values(90, 2, 'Bombeiros de Trofa', 46, '2016-02-13 17:02:01', '2016-02-13 17:09:37', '2016-02-13 17:02:01', 'Auditado.');
insert into audita values(91, 3, 'Junta de Freguesia de Praia da Vitria', 62, '2018-11-12 17:17:37', '2018-11-12 17:26:16', '2018-11-12 17:17:37', 'Auditado.');
insert into audita values(92, 2, 'Bombeiros de Trofa', 47, '2018-02-06 12:49:33', '2018-02-06 13:09:07', '2018-02-06 12:49:33', 'Auditado.');
insert into audita values(93, 1, 'Bombeiros de Viana do Castelo', 31, '2016-08-18 15:46:22', '2016-08-18 15:53:42', '2016-08-18 15:46:22', 'Auditado.');
insert into audita values(94, 1, 'Bombeiros de Sagres', 15, '2018-01-16 14:49:48', '2018-01-16 14:56:36', '2018-01-16 14:49:48', 'Auditado.');
insert into audita values(95, 3, 'Bombeiros de Trofa', 48, '2018-10-16 19:32:58', '2018-10-16 19:43:50', '2018-10-16 19:32:58', 'Auditado.');
insert into audita values(96, 3, 'Bombeiros de Trofa', 49, '2018-06-08 04:17:08', '2018-06-08 04:24:35', '2018-06-08 04:17:08', 'Auditado.');
insert into audita values(97, 1, 'Junta de Freguesia de So Pedro do Sul', 69, '2018-05-18 03:13:13', '2018-05-18 03:25:05', '2018-05-18 03:13:13', 'Auditado.');
insert into audita values(98, 1, 'Polcia de Castro Daire', 56, '2017-10-25 17:05:48', '2017-10-25 17:11:30', '2017-10-25 17:05:48', 'Auditado.');
insert into audita values(99, 3, 'Bombeiros de Loul', 42, '2018-02-27 12:13:11', '2018-02-27 12:28:18', '2018-02-27 12:13:11', 'Auditado.');
insert into audita values(100, 0, 'Bombeiros de Lamego', 101, '2018-08-17 18:13:11', '2018-08-17 18:27:28', '2018-08-17 18:13:11', 'Auditado.');
insert into audita values(101, 1, 'Bombeiros de Santo Tirso', 90, '2018-03-24 18:24:16', '2018-03-24 18:35:05', '2018-03-24 18:24:16', 'Auditado.');



insert into solicita values(0, 1511160889, 45, '2016-04-10 17:38:28', '2016-04-10 17:38:28');
insert into solicita values(1, 1482959562, 31, '2017-11-09 12:16:16', '2017-11-09 12:16:16');
insert into solicita values(2, 1544395291, 94, '2018-09-17 00:37:00', '2018-09-17 00:37:00');
insert into solicita values(3, 1519348759, 101, '2018-05-01 01:20:58', '2018-05-01 01:20:58');
insert into solicita values(4, 1505461108, 0, '2017-04-09 14:45:08', '2017-04-09 14:45:08');
insert into solicita values(5, 1467837898, 34, '2018-12-05 06:16:47', '2018-12-05 06:16:47');
insert into solicita values(6, 1467978666, 35, '2017-07-31 00:51:33', '2017-07-31 00:51:33');
insert into solicita values(7, 1531879900, 27, '2018-10-20 18:07:01', '2018-10-20 18:07:01');
insert into solicita values(8, 1492530514, 16, '2018-11-05 12:46:19', '2018-11-05 12:46:19');
insert into solicita values(9, 1515112270, 80, '2018-01-11 16:31:30', '2018-01-11 16:31:30');
insert into solicita values(10, 1506608230, 16, '2017-10-16 16:13:12', '2017-10-16 16:13:12');
insert into solicita values(11, 1470698503, 73, '2018-08-27 19:10:17', '2018-08-27 19:10:17');
insert into solicita values(12, 1536198418, 25, '2016-02-18 15:40:05', '2016-02-18 15:40:05');
insert into solicita values(13, 1533165431, 12, '2018-10-15 03:23:18', '2018-10-15 03:23:18');
insert into solicita values(14, 1525820627, 14, '2018-09-11 02:08:54', '2018-09-11 02:08:54');
insert into solicita values(15, 1461256294, 56, '2016-08-01 22:43:11', '2016-08-01 22:43:11');
insert into solicita values(16, 1508935414, 24, '2016-03-18 20:46:28', '2016-03-18 20:46:28');
insert into solicita values(17, 1470384399, 48, '2016-11-16 22:44:26', '2016-11-16 22:44:26');
insert into solicita values(18, 1523434490, 82, '2017-05-20 12:57:36', '2017-05-20 12:57:36');
insert into solicita values(19, 1501997874, 72, '2016-06-16 01:02:42', '2016-06-16 01:02:42');
insert into solicita values(20, 1518144447, 24, '2017-12-23 23:47:56', '2017-12-23 23:47:56');
insert into solicita values(21, 1452594031, 30, '2016-03-13 08:31:09', '2016-03-13 08:31:09');
insert into solicita values(22, 1503860969, 28, '2016-07-24 09:32:57', '2016-07-24 09:32:57');
insert into solicita values(23, 1472714651, 99, '2018-07-15 06:30:24', '2018-07-15 06:30:24');
insert into solicita values(24, 1496075310, 30, '2016-01-25 10:44:11', '2016-01-25 10:44:11');
insert into solicita values(25, 1503231992, 18, '2017-08-19 05:26:09', '2017-08-19 05:26:09');
insert into solicita values(26, 1525232290, 58, '2018-06-19 23:19:56', '2018-06-19 23:19:56');
insert into solicita values(27, 1509338151, 43, '2016-11-20 03:47:50', '2016-11-20 03:47:50');
insert into solicita values(28, 1461150442, 30, '2016-01-30 06:33:47', '2016-01-30 06:33:47');
insert into solicita values(29, 1532648950, 19, '2017-04-09 06:29:07', '2017-04-09 06:29:07');
insert into solicita values(30, 1488366289, 13, '2016-04-21 20:58:44', '2016-04-21 20:58:44');
insert into solicita values(31, 1485138504, 86, '2018-03-27 20:02:40', '2018-03-27 20:02:40');
insert into solicita values(32, 1525593565, 86, '2017-02-15 11:53:05', '2017-02-15 11:53:05');
insert into solicita values(33, 1453761315, 101, '2016-08-01 00:30:46', '2016-08-01 00:30:46');
insert into solicita values(34, 1452240713, 63, '2017-07-13 13:49:03', '2017-07-13 13:49:03');
insert into solicita values(35, 1536198418, 25, '2016-09-19 11:01:19', '2016-09-19 11:01:19');
insert into solicita values(36, 1485138504, 86, '2018-07-31 19:20:12', '2018-07-31 19:20:12');
insert into solicita values(37, 1517893376, 9, '2017-10-31 20:31:31', '2017-10-31 20:31:31');
insert into solicita values(38, 1461256294, 56, '2016-11-03 00:56:05', '2016-11-03 00:56:05');
insert into solicita values(39, 1494092922, 9, '2016-10-24 05:56:59', '2016-10-24 05:56:59');
insert into solicita values(40, 1463792014, 23, '2017-06-15 00:28:58', '2017-06-15 00:28:58');
insert into solicita values(41, 1537611737, 68, '2016-03-05 08:16:24', '2016-03-05 08:16:24');
insert into solicita values(42, 1530264876, 14, '2018-06-30 14:56:18', '2018-06-30 14:56:18');
insert into solicita values(43, 1540992907, 59, '2016-11-27 17:23:15', '2016-11-27 17:23:15');
insert into solicita values(44, 1504710337, 45, '2017-08-31 13:00:34', '2017-08-31 13:00:34');
insert into solicita values(45, 1491274335, 31, '2017-12-26 14:05:32', '2017-12-26 14:05:32');
insert into solicita values(46, 1466022749, 83, '2018-10-27 05:14:39', '2018-10-27 05:14:39');
insert into solicita values(47, 1518675484, 57, '2016-10-06 06:25:43', '2016-10-06 06:25:43');
insert into solicita values(48, 1524368524, 76, '2016-07-16 06:22:54', '2016-07-16 06:22:54');
insert into solicita values(49, 1536839824, 85, '2016-10-27 02:02:39', '2016-10-27 02:02:39');
insert into solicita values(50, 1469243836, 32, '2016-07-26 04:19:09', '2016-07-26 04:19:09');
insert into solicita values(51, 1475945663, 17, '2017-10-31 14:13:02', '2017-10-31 14:13:02');
insert into solicita values(52, 1535614721, 25, '2018-08-21 02:17:18', '2018-08-21 02:17:18');
insert into solicita values(53, 1499105874, 79, '2017-06-20 19:35:45', '2017-06-20 19:35:45');
insert into solicita values(54, 1487100885, 71, '2018-06-06 11:28:14', '2018-06-06 11:28:14');
insert into solicita values(55, 1517893376, 9, '2016-01-14 15:34:04', '2016-01-14 15:34:04');
insert into solicita values(56, 1543646019, 69, '2017-04-09 09:31:48', '2017-04-09 09:31:48');
insert into solicita values(57, 1452576385, 37, '2016-10-30 04:31:25', '2016-10-30 04:31:25');
insert into solicita values(58, 1487457925, 31, '2016-11-28 23:19:27', '2016-11-28 23:19:27');
insert into solicita values(59, 1528664537, 40, '2017-07-18 10:56:45', '2017-07-18 10:56:45');
insert into solicita values(60, 1506618554, 58, '2016-05-24 04:39:27', '2016-05-24 04:39:27');
insert into solicita values(61, 1542190350, 39, '2016-05-23 14:34:15', '2016-05-23 14:34:15');
insert into solicita values(62, 1495724862, 20, '2017-08-09 16:58:55', '2017-08-09 16:58:55');
insert into solicita values(63, 1543646019, 69, '2018-11-27 03:07:13', '2018-11-27 03:07:13');
insert into solicita values(64, 1540862187, 54, '2016-09-08 22:08:36', '2016-09-08 22:08:36');
insert into solicita values(65, 1539231678, 23, '2018-07-23 19:38:14', '2018-07-23 19:38:14');
insert into solicita values(66, 1457368838, 76, '2016-01-16 12:37:34', '2016-01-16 12:37:34');
insert into solicita values(67, 1471579609, 55, '2016-06-25 03:39:54', '2016-06-25 03:39:54');
insert into solicita values(68, 1465106271, 23, '2017-03-16 20:44:49', '2017-03-16 20:44:49');
insert into solicita values(69, 1529962746, 97, '2018-04-06 19:11:51', '2018-04-06 19:11:51');
insert into solicita values(70, 1542429064, 32, '2017-08-29 11:00:55', '2017-08-29 11:00:55');
insert into solicita values(71, 1515700867, 47, '2017-09-17 13:59:17', '2017-09-17 13:59:17');
insert into solicita values(72, 1501997874, 72, '2018-05-05 07:57:54', '2018-05-05 07:57:54');
insert into solicita values(73, 1543538435, 92, '2018-02-14 10:33:03', '2018-02-14 10:33:03');
insert into solicita values(74, 1454598830, 53, '2016-03-18 09:03:14', '2016-03-18 09:03:14');
insert into solicita values(75, 1455229813, 49, '2016-09-21 05:54:08', '2016-09-21 05:54:08');
insert into solicita values(76, 1533885115, 76, '2018-06-11 17:00:55', '2018-06-11 17:00:55');
insert into solicita values(77, 1505856395, 4, '2018-09-20 00:00:03', '2018-09-20 00:00:03');
insert into solicita values(78, 1509023038, 74, '2016-09-10 12:34:48', '2016-09-10 12:34:48');
insert into solicita values(79, 1452284149, 8, '2016-05-10 22:53:37', '2016-05-10 22:53:37');
insert into solicita values(80, 1521212905, 53, '2017-09-11 15:36:46', '2017-09-11 15:36:46');
insert into solicita values(81, 1459749979, 77, '2018-09-29 02:01:45', '2018-09-29 02:01:45');
insert into solicita values(82, 1477846104, 34, '2018-03-08 02:42:53', '2018-03-08 02:42:53');
insert into solicita values(83, 1466009728, 15, '2017-07-28 22:26:06', '2017-07-28 22:26:06');
insert into solicita values(84, 1472897713, 12, '2018-03-28 03:55:34', '2018-03-28 03:55:34');
insert into solicita values(85, 1487100885, 71, '2016-09-22 11:15:58', '2016-09-22 11:15:58');
insert into solicita values(86, 1536495287, 51, '2018-01-07 22:35:28', '2018-01-07 22:35:28');
insert into solicita values(87, 1511160889, 45, '2017-11-21 06:01:51', '2017-11-21 06:01:51');
insert into solicita values(88, 1499917939, 3, '2016-08-18 21:49:03', '2016-08-18 21:49:03');
insert into solicita values(89, 1452240713, 63, '2018-10-16 13:03:43', '2018-10-16 13:03:43');
insert into solicita values(90, 1491274335, 31, '2016-02-13 18:38:19', '2016-02-13 18:38:19');
insert into solicita values(91, 1456125036, 17, '2017-08-14 16:03:42', '2017-08-14 16:03:42');
insert into solicita values(92, 1500932052, 67, '2016-06-09 13:32:04', '2016-06-09 13:32:04');
insert into solicita values(93, 1528953868, 36, '2016-06-20 09:25:15', '2016-06-20 09:25:15');
insert into solicita values(94, 1456590525, 8, '2016-09-11 23:48:09', '2016-09-11 23:48:09');
insert into solicita values(95, 1496533451, 99, '2016-02-16 09:45:32', '2016-02-16 09:45:32');
insert into solicita values(96, 1490464870, 96, '2017-01-06 17:47:27', '2017-01-06 17:47:27');
insert into solicita values(97, 1455229813, 49, '2018-02-09 12:56:02', '2018-02-09 12:56:02');
insert into solicita values(98, 1479070520, 21, '2016-09-16 15:11:53', '2016-09-16 15:11:53');
insert into solicita values(99, 1499430461, 65, '2017-03-30 07:18:04', '2017-03-30 07:18:04');
insert into solicita values(100, 1505254705, 29, '2018-03-25 12:55:38', '2018-03-25 12:55:38');
insert into solicita values(101, 1531879900, 27, '2016-11-28 11:49:49', '2016-11-28 11:49:49');
