DROP TABLE IF EXISTS camara;
DROP TABLE IF EXISTS video;
DROP TABLE IF EXISTS segmentoVideo;
DROP TABLE IF EXISTS vigia;
DROP TABLE IF EXISTS eventoEmergencia;
DROP TABLE IF EXISTS processoSocorro;
DROP TABLE IF EXISTS entidadeMeio;
DROP TABLE IF EXISTS meio;
DROP TABLE IF EXISTS meioCombate;
DROP TABLE IF EXISTS meioApoio;
DROP TABLE IF EXISTS meioSocorro;
DROP TABLE IF EXISTS transporta;
DROP TABLE IF EXISTS alocado;
DROP TABLE IF EXISTS acciona;
DROP TABLE IF EXISTS coordenador;
DROP TABLE IF EXISTS audita;
DROP TABLE IF EXISTS solicita;

----------------------------------------
-- Table Creation
----------------------------------------

CREATE TABLE camara(
    numCamara INT NOT NULL UNIQUE,
    PRIMARY KEY(numCamara)
);

CREATE TABLE video(
    dataHoraInicio TIMESTAMP NOT NULL,
    dataHoraFim TIMESTAMP NOT NULL,
    numCamara INT NOT NULL,
    PRIMARY KEY(dataHoraInicio, numCamara),
    FOREIGN KEY(numCamara) REFERENCES camara(numCamara) ON DELETE CASCADE
);

CREATE TABLE segmentoVideo (
    numSegmento INT NOT NULL,
    duracao INT NOT NULL,
    dataHoraInicio TIMESTAMP NOT NULL,
    numCamara INT NOT NULL,
    PRIMARY KEY(numSegmento, dataHoraInicio, numCamara),
    FOREIGN KEY(dataHoraInicio, numCamara) REFERENCES video(dataHoraInicio, numCamara) ON DELETE CASCADE
);

CREATE TABLE local(
    moradaLocal VARCHAR(255),
    PRIMARY KEY(moradaLocal)
);

CREATE TABLE vigia(
    moradaLocal VARCHAR(255),
    numCamara INT NOT NULL,
    PRIMARY KEY(moradaLocal, numCamara),
    FOREIGN KEY(moradaLocal) REFERENCES local(moradaLocal) ON DELETE CASCADE,
    FOREIGN KEY(numCamara) REFERENCES camara(numCamara) ON DELETE CASCADE
);

CREATE TABLE processoSocorro(
    numProcessoSocorro INT NOT NULL,
    PRIMARY KEY(numProcessoSocorro)
);

CREATE TABLE eventoEmergencia(
    numTelefone VARCHAR(13) NOT NULL,
    instanteChamada TIMESTAMP NOT NULL,
    nomePessoa VARCHAR(255),
    moradaLocal VARCHAR(255),
    numProcessoSocorro INT NOT NULL,
    PRIMARY KEY(numTelefone, instanteChamada),
    FOREIGN KEY(moradaLocal) REFERENCES local(moradaLocal) ON DELETE CASCADE,
    FOREIGN KEY(numProcessoSocorro) REFERENCES processoSocorro(numProcessoSocorro) ON DELETE CASCADE
);

CREATE TABLE entidadeMeio(
    nomeEntidade VARCHAR(255) NOT NULL,
    PRIMARY KEY(nomeEntidade)
);

CREATE TABLE meio(
    numMeio INT NOT NULL,
    nomeMeio VARCHAR(255) NOT NULL,
    nomeEntidade VARCHAR(255) NOT NULL,
    PRIMARY KEY(numMeio, nomeEntidade),
    FOREIGN KEY(nomeEntidade) REFERENCES entidadeMeio(nomeEntidade) ON DELETE CASCADE
);

CREATE TABLE meioCombate(
    numMeio INT NOT NULL,
    nomeEntidade VARCHAR(255) NOT NULL,
    PRIMARY KEY(numMeio, nomeEntidade),
    FOREIGN KEY(numMeio, nomeEntidade) REFERENCES meio(numMeio, nomeEntidade) ON DELETE CASCADE
);

CREATE TABLE meioApoio(
    numMeio INT NOT NULL,
    nomeEntidade VARCHAR(255) NOT NULL,
    PRIMARY KEY(numMeio, nomeEntidade),
    FOREIGN KEY(numMeio, nomeEntidade) REFERENCES meio(numMeio, nomeEntidade) ON DELETE CASCADE
);

CREATE TABLE meioSocorro(
    numMeio INT NOT NULL,
    nomeEntidade VARCHAR(255) NOT NULL,
    PRIMARY KEY(numMeio, nomeEntidade),
    FOREIGN KEY(numMeio, nomeEntidade) REFERENCES meio(numMeio, nomeEntidade) ON DELETE CASCADE
);

CREATE TABLE transporta(
    numMeio INT NOT NULL,
    nomeEntidade VARCHAR(255) NOT NULL,
    numVitimas INT,
    numProcessoSocorro INT NOT NULL ,
    PRIMARY KEY(numMeio, nomeEntidade, numProcessoSocorro),
    FOREIGN KEY(numMeio, nomeEntidade) REFERENCES meioSocorro(numMeio, nomeEntidade) ON DELETE CASCADE,
    FOREIGN KEY(numProcessoSocorro) REFERENCES processoSocorro(numProcessoSocorro) ON DELETE CASCADE
);

CREATE TABLE alocado(
    numMeio INT NOT NULL,
    nomeEntidade VARCHAR(255) NOT NULL,
    numHoras INT NOT NULL,
    numProcessoSocorro INT NOT NULL,
    FOREIGN KEY(numMeio, nomeEntidade) REFERENCES meioApoio(numMeio, nomeEntidade) ON DELETE CASCADE,
    FOREIGN KEY(numProcessoSocorro) REFERENCES processoSocorro(numProcessoSocorro) ON DELETE CASCADE
);

CREATE TABLE acciona(
    numMeio INT NOT NULL,
    nomeEntidade VARCHAR(255) NOT NULL,
    numProcessoSocorro INT NOT NULL,
    PRIMARY KEY(numMeio, nomeEntidade, numProcessoSocorro),
    FOREIGN KEY(numMeio, nomeEntidade) REFERENCES meio(numMeio, nomeEntidade) ON DELETE CASCADE,
    FOREIGN KEY(numProcessoSocorro) REFERENCES processoSocorro(numProcessoSocorro) ON DELETE CASCADE
);

CREATE TABLE coordenador(
    idCoordenador INT NOT NULL UNIQUE,
    PRIMARY KEY(idCoordenador)
);

CREATE TABLE audita(
    idCoordenador INT NOT NULL UNIQUE,
    numMeio INT NOT NULL,
    nomeEntidade VARCHAR(255) NOT NULL,
    numProcessoSocorro INT NOT NULL,
    dataHoraInicio TIMESTAMP NOT NULL,
    dataHoraFim TIMESTAMP NOT NULL,
    dataAuditoria TIMESTAMP NOT NULL,
    texto TEXT NOT NULL,
    PRIMARY KEY(idCoordenador, numMeio, nomeEntidade, numProcessoSocorro, dataHoraInicio, dataHoraFim, dataAuditoria, texto),
    FOREIGN KEY(numMeio, nomeEntidade, numProcessoSocorro) REFERENCES acciona(numMeio, nomeEntidade, numProcessoSocorro) ON DELETE CASCADE,
    FOREIGN KEY(idCoordenador) REFERENCES coordenador(idCoordenador) ON DELETE CASCADE
);

-- CREATE TABLE solicita(
--     idCoordenador INT NOT NULL UNIQUE,
--     dataHoraInicioVideo TIMESTAMP NOT NULL,
--     numCamara INT NOT NULL,
--     dataHoraInicio TIMESTAMP NOT NULL,
--     dataHoraFim TIMESTAMP NOT NULL,
--     PRIMARY KEY(idCoordenador, dataHoraInicioVideo, numCamara),
--     FOREIGN KEY(idCoordenador) REFERENCES coordenador(idCoordenador) ON DELETE CASCADE,
--     FOREIGN KEY(dataHoraInicioVideo, numCamara) REFERENCES video(dataHoraInicio, numCamara) ON DELETE CASCADE
-- );



----------------------------------------
-- Populate Relations 
----------------------------------------

insert into camara values(0);
insert into camara values(1);
insert into camara values(2);
insert into camara values(3);
insert into camara values(4);
insert into camara values(5);
insert into camara values(6);
insert into camara values(7);
insert into camara values(8);
insert into camara values(9);
insert into camara values(10);
insert into camara values(11);
insert into camara values(12);
insert into camara values(13);
insert into camara values(14);
insert into camara values(15);
insert into camara values(16);
insert into camara values(17);
insert into camara values(18);
insert into camara values(19);
insert into camara values(20);
insert into camara values(21);
insert into camara values(22);
insert into camara values(23);
insert into camara values(24);
insert into camara values(25);
insert into camara values(26);
insert into camara values(27);
insert into camara values(28);
insert into camara values(29);
insert into camara values(30);
insert into camara values(31);
insert into camara values(32);
insert into camara values(33);
insert into camara values(34);
insert into camara values(35);
insert into camara values(36);
insert into camara values(37);
insert into camara values(38);
insert into camara values(39);
insert into camara values(40);
insert into camara values(41);
insert into camara values(42);
insert into camara values(43);
insert into camara values(44);
insert into camara values(45);
insert into camara values(46);
insert into camara values(47);
insert into camara values(48);
insert into camara values(49);
insert into camara values(50);
insert into camara values(51);
insert into camara values(52);
insert into camara values(53);
insert into camara values(54);
insert into camara values(55);
insert into camara values(56);
insert into camara values(57);
insert into camara values(58);
insert into camara values(59);
insert into camara values(60);
insert into camara values(61);
insert into camara values(62);
insert into camara values(63);
insert into camara values(64);
insert into camara values(65);
insert into camara values(66);
insert into camara values(67);
insert into camara values(68);
insert into camara values(69);
insert into camara values(70);
insert into camara values(71);
insert into camara values(72);
insert into camara values(73);
insert into camara values(74);
insert into camara values(75);
insert into camara values(76);
insert into camara values(77);
insert into camara values(78);
insert into camara values(79);
insert into camara values(80);
insert into camara values(81);
insert into camara values(82);
insert into camara values(83);
insert into camara values(84);
insert into camara values(85);
insert into camara values(86);
insert into camara values(87);
insert into camara values(88);
insert into camara values(89);
insert into camara values(90);
insert into camara values(91);
insert into camara values(92);
insert into camara values(93);
insert into camara values(94);
insert into camara values(95);
insert into camara values(96);
insert into camara values(97);
insert into camara values(98);
insert into camara values(99);
insert into camara values(100);
insert into camara values(101);



insert into video values('2017-09-02 15:29:22', '2017-09-02 15:51:22', 0);
insert into video values('2017-12-14 15:09:37', '2017-12-14 15:30:37', 0);
insert into video values('2016-05-10 16:31:37', '2016-05-10 16:42:37', 0);
insert into video values('2018-02-14 10:51:00', '2018-02-14 11:19:00', 0);
insert into video values('2016-05-24 11:30:29', '2016-05-24 11:49:29', 1);
insert into video values('2016-12-02 23:39:50', '2016-12-03 00:01:50', 1);
insert into video values('2018-10-29 15:12:41', '2018-10-29 15:23:41', 1);
insert into video values('2018-10-30 23:04:30', '2018-10-30 23:31:30', 2);
insert into video values('2017-04-14 13:33:32', '2017-04-14 13:46:32', 2);
insert into video values('2017-09-22 15:35:51', '2017-09-22 15:48:51', 2);
insert into video values('2018-08-26 02:26:45', '2018-08-26 02:52:45', 2);
insert into video values('2018-10-30 17:57:27', '2018-10-30 18:10:27', 3);
insert into video values('2017-06-23 16:18:01', '2017-06-23 16:42:01', 3);
insert into video values('2018-01-10 08:22:48', '2018-01-10 08:45:48', 3);
insert into video values('2017-07-04 00:51:21', '2017-07-04 01:19:21', 3);
insert into video values('2017-07-14 21:14:05', '2017-07-14 21:29:05', 4);
insert into video values('2018-09-19 09:21:27', '2018-09-19 09:40:27', 4);
insert into video values('2018-02-23 14:06:53', '2018-02-23 14:31:53', 5);
insert into video values('2017-03-04 02:27:53', '2017-03-04 02:50:53', 5);
insert into video values('2017-11-10 03:39:43', '2017-11-10 04:07:43', 5);
insert into video values('2016-01-20 17:26:23', '2016-01-20 17:53:23', 5);
insert into video values('2016-10-10 18:26:07', '2016-10-10 18:49:07', 6);
insert into video values('2018-04-18 02:46:47', '2018-04-18 03:00:47', 6);
insert into video values('2018-11-27 17:22:42', '2018-11-27 17:40:42', 6);
insert into video values('2016-09-16 01:48:10', '2016-09-16 02:11:10', 7);
insert into video values('2016-07-10 09:43:25', '2016-07-10 09:53:25', 7);
insert into video values('2016-02-22 06:56:53', '2016-02-22 07:23:53', 8);
insert into video values('2017-04-17 09:16:20', '2017-04-17 09:41:20', 8);
insert into video values('2017-11-07 10:26:47', '2017-11-07 10:49:47', 9);
insert into video values('2018-12-02 01:51:43', '2018-12-02 02:09:43', 9);
insert into video values('2016-06-16 03:36:54', '2016-06-16 03:50:54', 10);
insert into video values('2018-04-30 15:17:36', '2018-04-30 15:29:36', 10);
insert into video values('2016-04-20 10:25:48', '2016-04-20 10:47:48', 11);
insert into video values('2016-01-13 16:20:14', '2016-01-13 16:39:14', 11);
insert into video values('2016-03-15 04:07:46', '2016-03-15 04:18:46', 11);
insert into video values('2018-12-11 11:37:51', '2018-12-11 11:49:51', 12);
insert into video values('2018-02-14 23:42:01', '2018-02-15 00:03:01', 12);
insert into video values('2018-08-27 08:06:47', '2018-08-27 08:25:47', 12);
insert into video values('2017-06-20 07:01:22', '2017-06-20 07:30:22', 13);
insert into video values('2017-07-29 07:45:36', '2017-07-29 07:55:36', 13);
insert into video values('2016-05-12 23:55:29', '2016-05-13 00:06:29', 13);
insert into video values('2018-10-24 05:27:43', '2018-10-24 05:55:43', 14);
insert into video values('2016-03-18 01:47:29', '2016-03-18 01:57:29', 14);
insert into video values('2017-05-01 03:24:56', '2017-05-01 03:53:56', 14);
insert into video values('2016-02-24 15:44:30', '2016-02-24 16:14:30', 15);
insert into video values('2016-05-19 18:54:09', '2016-05-19 19:19:09', 15);
insert into video values('2017-09-09 19:55:51', '2017-09-09 20:24:51', 15);
insert into video values('2018-12-24 09:58:27', '2018-12-24 10:22:27', 15);
insert into video values('2017-12-24 02:11:25', '2017-12-24 02:30:25', 16);
insert into video values('2017-12-20 18:38:05', '2017-12-20 18:52:05', 16);
insert into video values('2018-09-14 11:04:09', '2018-09-14 11:27:09', 16);
insert into video values('2017-06-04 14:22:34', '2017-06-04 14:46:34', 17);
insert into video values('2016-05-26 05:30:01', '2016-05-26 05:57:01', 17);
insert into video values('2016-02-23 01:34:21', '2016-02-23 02:02:21', 18);
insert into video values('2017-10-29 00:06:06', '2017-10-29 00:25:06', 18);
insert into video values('2017-05-03 16:11:24', '2017-05-03 16:21:24', 18);
insert into video values('2016-12-04 06:51:39', '2016-12-04 07:02:39', 18);
insert into video values('2016-06-05 09:52:20', '2016-06-05 10:03:20', 19);
insert into video values('2017-01-31 23:47:54', '2017-02-01 00:08:54', 19);
insert into video values('2017-02-23 11:52:50', '2017-02-23 12:18:50', 19);
insert into video values('2017-05-14 12:53:40', '2017-05-14 13:09:40', 19);
insert into video values('2016-10-16 07:39:31', '2016-10-16 07:51:31', 20);
insert into video values('2016-10-25 06:26:06', '2016-10-25 06:53:06', 20);
insert into video values('2016-10-02 18:19:02', '2016-10-02 18:31:02', 21);
insert into video values('2016-12-29 09:37:49', '2016-12-29 10:03:49', 21);
insert into video values('2016-09-27 00:26:23', '2016-09-27 00:56:23', 21);
insert into video values('2016-02-21 00:02:09', '2016-02-21 00:21:09', 22);
insert into video values('2017-01-06 02:58:13', '2017-01-06 03:20:13', 22);
insert into video values('2017-09-26 08:06:45', '2017-09-26 08:21:45', 23);
insert into video values('2018-09-15 16:12:50', '2018-09-15 16:32:50', 23);
insert into video values('2018-05-09 20:00:54', '2018-05-09 20:11:54', 24);
insert into video values('2017-10-08 00:33:31', '2017-10-08 01:02:31', 24);
insert into video values('2017-07-19 22:55:45', '2017-07-19 23:17:45', 25);
insert into video values('2016-10-21 19:39:56', '2016-10-21 19:52:56', 25);
insert into video values('2018-04-03 15:50:48', '2018-04-03 16:12:48', 25);
insert into video values('2018-12-21 05:02:38', '2018-12-21 05:24:38', 26);
insert into video values('2017-11-19 13:42:36', '2017-11-19 13:58:36', 26);
insert into video values('2016-03-27 04:21:54', '2016-03-27 04:37:54', 27);
insert into video values('2017-03-18 04:04:33', '2017-03-18 04:26:33', 27);
insert into video values('2016-01-22 02:16:19', '2016-01-22 02:44:19', 27);
insert into video values('2016-05-11 04:11:45', '2016-05-11 04:25:45', 28);
insert into video values('2018-01-21 10:22:04', '2018-01-21 10:47:04', 28);
insert into video values('2016-03-22 21:00:02', '2016-03-22 21:30:02', 28);
insert into video values('2018-01-19 02:03:18', '2018-01-19 02:33:18', 28);
insert into video values('2018-09-03 05:36:52', '2018-09-03 06:01:52', 29);
insert into video values('2018-01-04 12:16:29', '2018-01-04 12:26:29', 29);
insert into video values('2017-07-26 19:47:16', '2017-07-26 20:16:16', 30);
insert into video values('2018-01-12 20:37:47', '2018-01-12 20:49:47', 30);
insert into video values('2016-02-13 17:20:23', '2016-02-13 17:31:23', 30);
insert into video values('2017-03-14 12:00:22', '2017-03-14 12:23:22', 30);
insert into video values('2017-10-11 20:30:15', '2017-10-11 20:51:15', 31);
insert into video values('2018-11-08 21:39:53', '2018-11-08 22:03:53', 31);
insert into video values('2016-11-02 10:46:41', '2016-11-02 11:08:41', 31);
insert into video values('2016-12-06 00:44:22', '2016-12-06 01:03:22', 31);
insert into video values('2016-01-11 09:47:20', '2016-01-11 10:00:20', 32);
insert into video values('2016-07-21 21:58:48', '2016-07-21 22:09:48', 32);
insert into video values('2018-03-14 01:36:24', '2018-03-14 02:04:24', 32);
insert into video values('2017-01-24 20:40:04', '2017-01-24 20:51:04', 33);
insert into video values('2018-09-29 17:39:41', '2018-09-29 18:06:41', 33);
insert into video values('2018-09-24 23:49:39', '2018-09-25 00:01:39', 33);
insert into video values('2016-12-21 00:42:23', '2016-12-21 01:10:23', 34);
insert into video values('2017-08-16 14:05:03', '2017-08-16 14:18:03', 34);
insert into video values('2018-03-20 01:35:10', '2018-03-20 02:03:10', 34);
insert into video values('2018-05-04 10:24:11', '2018-05-04 10:42:11', 35);
insert into video values('2016-03-01 03:03:46', '2016-03-01 03:20:46', 35);
insert into video values('2017-10-08 07:59:05', '2017-10-08 08:10:05', 35);
insert into video values('2018-01-24 23:00:07', '2018-01-24 23:26:07', 35);
insert into video values('2018-10-14 14:34:24', '2018-10-14 14:57:24', 36);
insert into video values('2018-12-08 16:57:23', '2018-12-08 17:18:23', 36);
insert into video values('2018-11-16 16:42:48', '2018-11-16 17:02:48', 36);
insert into video values('2016-01-02 20:00:06', '2016-01-02 20:30:06', 36);
insert into video values('2018-06-21 03:36:43', '2018-06-21 03:48:43', 37);
insert into video values('2016-12-04 21:47:26', '2016-12-04 22:16:26', 37);
insert into video values('2018-12-07 19:44:54', '2018-12-07 20:04:54', 37);
insert into video values('2018-11-24 20:26:50', '2018-11-24 20:47:50', 37);
insert into video values('2016-05-29 15:39:52', '2016-05-29 15:55:52', 38);
insert into video values('2017-02-25 20:13:02', '2017-02-25 20:36:02', 38);
insert into video values('2016-09-22 04:23:01', '2016-09-22 04:47:01', 38);
insert into video values('2016-01-06 12:21:46', '2016-01-06 12:49:46', 39);
insert into video values('2017-01-26 07:24:46', '2017-01-26 07:47:46', 39);
insert into video values('2018-02-14 19:20:59', '2018-02-14 19:49:59', 39);
insert into video values('2018-05-29 01:18:28', '2018-05-29 01:41:28', 40);
insert into video values('2018-08-24 13:11:38', '2018-08-24 13:31:38', 40);
insert into video values('2017-05-14 13:19:51', '2017-05-14 13:38:51', 40);
insert into video values('2018-11-21 08:14:31', '2018-11-21 08:30:31', 41);
insert into video values('2018-11-17 20:54:06', '2018-11-17 21:15:06', 41);
insert into video values('2017-03-26 02:40:19', '2017-03-26 02:55:19', 41);
insert into video values('2016-10-15 23:53:48', '2016-10-16 00:05:48', 41);
insert into video values('2018-10-23 13:38:57', '2018-10-23 14:07:57', 42);
insert into video values('2016-03-29 18:56:07', '2016-03-29 19:24:07', 42);
insert into video values('2017-09-06 23:16:45', '2017-09-06 23:43:45', 43);
insert into video values('2018-10-16 13:06:27', '2018-10-16 13:20:27', 43);
insert into video values('2017-03-26 10:26:14', '2017-03-26 10:36:14', 43);
insert into video values('2016-11-24 21:57:34', '2016-11-24 22:07:34', 43);
insert into video values('2016-06-30 10:20:13', '2016-06-30 10:47:13', 44);
insert into video values('2018-06-30 04:41:20', '2018-06-30 05:05:20', 44);
insert into video values('2018-05-22 17:47:17', '2018-05-22 18:06:17', 44);
insert into video values('2016-05-20 02:47:41', '2016-05-20 03:09:41', 44);
insert into video values('2016-03-27 21:57:11', '2016-03-27 22:08:11', 45);
insert into video values('2017-09-03 09:55:54', '2017-09-03 10:17:54', 45);
insert into video values('2017-07-04 10:35:18', '2017-07-04 10:57:18', 46);
insert into video values('2016-06-03 18:20:50', '2016-06-03 18:34:50', 46);
insert into video values('2017-07-01 11:16:44', '2017-07-01 11:30:44', 46);
insert into video values('2018-08-10 08:55:40', '2018-08-10 09:22:40', 47);
insert into video values('2018-08-23 13:46:48', '2018-08-23 14:06:48', 47);
insert into video values('2016-02-28 03:14:39', '2016-02-28 03:27:39', 47);
insert into video values('2018-10-09 15:59:21', '2018-10-09 16:12:21', 48);
insert into video values('2017-06-11 17:14:41', '2017-06-11 17:34:41', 48);
insert into video values('2016-05-19 07:27:38', '2016-05-19 07:57:38', 48);
insert into video values('2016-11-07 10:54:28', '2016-11-07 11:05:28', 48);
insert into video values('2018-11-06 15:50:04', '2018-11-06 16:04:04', 49);
insert into video values('2018-01-24 16:27:32', '2018-01-24 16:45:32', 49);
insert into video values('2016-06-06 09:24:24', '2016-06-06 09:42:24', 50);
insert into video values('2016-06-20 15:29:51', '2016-06-20 15:53:51', 50);
insert into video values('2016-10-25 02:46:00', '2016-10-25 03:15:00', 50);
insert into video values('2016-08-29 00:21:33', '2016-08-29 00:34:33', 50);
insert into video values('2018-09-18 13:03:26', '2018-09-18 13:23:26', 51);
insert into video values('2016-09-23 23:47:57', '2016-09-24 00:04:57', 51);
insert into video values('2016-10-09 00:33:58', '2016-10-09 00:45:58', 51);
insert into video values('2016-12-08 11:46:47', '2016-12-08 12:01:47', 52);
insert into video values('2017-12-03 15:13:49', '2017-12-03 15:25:49', 52);
insert into video values('2016-01-02 14:44:48', '2016-01-02 15:11:48', 53);
insert into video values('2017-08-05 13:39:45', '2017-08-05 14:03:45', 53);
insert into video values('2017-07-11 04:50:02', '2017-07-11 05:08:02', 53);
insert into video values('2016-09-24 05:50:41', '2016-09-24 06:10:41', 54);
insert into video values('2018-10-19 01:10:02', '2018-10-19 01:37:02', 54);
insert into video values('2018-03-20 01:42:58', '2018-03-20 02:01:58', 55);
insert into video values('2016-05-02 01:47:26', '2016-05-02 02:01:26', 55);
insert into video values('2017-01-31 18:01:48', '2017-01-31 18:13:48', 56);
insert into video values('2018-01-05 07:51:44', '2018-01-05 08:19:44', 56);
insert into video values('2016-05-03 06:54:37', '2016-05-03 07:11:37', 57);
insert into video values('2016-12-10 17:40:47', '2016-12-10 17:55:47', 57);
insert into video values('2018-05-29 20:21:37', '2018-05-29 20:33:37', 57);
insert into video values('2018-02-10 06:47:40', '2018-02-10 07:09:40', 58);
insert into video values('2017-12-02 22:03:01', '2017-12-02 22:29:01', 58);
insert into video values('2016-02-17 17:18:01', '2016-02-17 17:47:01', 59);
insert into video values('2017-08-17 09:58:00', '2017-08-17 10:08:00', 59);
insert into video values('2017-07-27 17:02:49', '2017-07-27 17:28:49', 59);
insert into video values('2018-01-13 21:18:35', '2018-01-13 21:45:35', 59);
insert into video values('2017-01-28 04:21:38', '2017-01-28 04:51:38', 60);
insert into video values('2017-06-17 02:27:24', '2017-06-17 02:54:24', 60);
insert into video values('2018-08-25 06:09:24', '2018-08-25 06:24:24', 60);
insert into video values('2017-01-11 00:58:55', '2017-01-11 01:09:55', 61);
insert into video values('2017-04-10 02:19:36', '2017-04-10 02:41:36', 61);
insert into video values('2016-08-23 20:45:03', '2016-08-23 20:57:03', 62);
insert into video values('2018-12-25 13:20:12', '2018-12-25 13:36:12', 62);
insert into video values('2016-11-04 06:25:07', '2016-11-04 06:55:07', 63);
insert into video values('2018-09-05 14:25:19', '2018-09-05 14:47:19', 63);
insert into video values('2016-08-04 20:12:45', '2016-08-04 20:33:45', 64);
insert into video values('2017-07-18 09:28:43', '2017-07-18 09:52:43', 64);
insert into video values('2018-01-17 09:02:48', '2018-01-17 09:20:48', 64);
insert into video values('2018-03-05 13:21:26', '2018-03-05 13:33:26', 65);
insert into video values('2018-09-03 19:41:24', '2018-09-03 19:56:24', 65);
insert into video values('2017-09-29 15:53:13', '2017-09-29 16:08:13', 66);
insert into video values('2018-07-20 14:27:48', '2018-07-20 14:43:48', 66);
insert into video values('2017-03-01 10:22:02', '2017-03-01 10:51:02', 66);
insert into video values('2016-03-16 20:16:27', '2016-03-16 20:41:27', 66);
insert into video values('2016-12-10 23:11:25', '2016-12-10 23:37:25', 67);
insert into video values('2017-06-30 16:18:49', '2017-06-30 16:35:49', 67);
insert into video values('2017-02-25 02:45:16', '2017-02-25 02:55:16', 67);
insert into video values('2017-05-19 04:29:28', '2017-05-19 04:44:28', 68);
insert into video values('2018-05-01 13:12:10', '2018-05-01 13:35:10', 68);
insert into video values('2016-08-19 23:47:40', '2016-08-20 00:04:40', 68);
insert into video values('2016-02-07 15:03:18', '2016-02-07 15:23:18', 69);
insert into video values('2016-09-19 22:57:08', '2016-09-19 23:19:08', 69);
insert into video values('2017-02-07 17:53:51', '2017-02-07 18:06:51', 69);
insert into video values('2017-07-13 11:40:53', '2017-07-13 12:02:53', 69);
insert into video values('2017-12-18 01:12:11', '2017-12-18 01:40:11', 70);
insert into video values('2018-09-21 18:48:16', '2018-09-21 19:06:16', 70);
insert into video values('2018-10-21 21:35:41', '2018-10-21 22:00:41', 70);
insert into video values('2018-02-28 13:06:21', '2018-02-28 13:30:21', 70);
insert into video values('2016-04-16 21:19:30', '2016-04-16 21:29:30', 71);
insert into video values('2017-02-12 16:16:07', '2017-02-12 16:38:07', 71);
insert into video values('2016-12-29 11:46:04', '2016-12-29 12:02:04', 71);
insert into video values('2017-06-30 02:36:43', '2017-06-30 02:50:43', 71);
insert into video values('2017-09-23 07:20:08', '2017-09-23 07:36:08', 72);
insert into video values('2018-11-06 21:35:57', '2018-11-06 21:57:57', 72);
insert into video values('2017-09-27 10:40:52', '2017-09-27 11:09:52', 73);
insert into video values('2016-08-13 17:50:14', '2016-08-13 18:03:14', 73);
insert into video values('2018-12-16 05:00:19', '2018-12-16 05:19:19', 73);
insert into video values('2016-05-12 13:16:34', '2016-05-12 13:27:34', 73);
insert into video values('2018-03-29 01:04:08', '2018-03-29 01:30:08', 74);
insert into video values('2016-03-06 07:46:27', '2016-03-06 08:11:27', 74);
insert into video values('2017-07-12 01:41:30', '2017-07-12 02:00:30', 74);
insert into video values('2016-03-10 13:18:19', '2016-03-10 13:44:19', 75);
insert into video values('2017-02-23 19:09:25', '2017-02-23 19:32:25', 75);
insert into video values('2018-11-09 22:19:19', '2018-11-09 22:43:19', 75);
insert into video values('2016-06-16 11:23:23', '2016-06-16 11:50:23', 76);
insert into video values('2018-03-28 11:21:49', '2018-03-28 11:47:49', 76);
insert into video values('2017-02-18 18:46:58', '2017-02-18 19:04:58', 77);
insert into video values('2016-09-03 10:03:15', '2016-09-03 10:20:15', 77);
insert into video values('2016-03-20 23:07:03', '2016-03-20 23:29:03', 78);
insert into video values('2018-09-01 20:30:37', '2018-09-01 20:53:37', 78);
insert into video values('2018-02-28 07:33:40', '2018-02-28 07:57:40', 78);
insert into video values('2018-05-12 14:04:46', '2018-05-12 14:34:46', 79);
insert into video values('2016-10-03 06:40:39', '2016-10-03 06:50:39', 79);
insert into video values('2016-11-18 11:59:16', '2016-11-18 12:26:16', 80);
insert into video values('2018-11-23 14:02:22', '2018-11-23 14:29:22', 80);
insert into video values('2017-07-10 18:50:52', '2017-07-10 19:04:52', 80);
insert into video values('2016-06-16 09:09:37', '2016-06-16 09:20:37', 81);
insert into video values('2016-02-18 05:57:43', '2016-02-18 06:15:43', 81);
insert into video values('2016-09-27 19:14:41', '2016-09-27 19:37:41', 81);
insert into video values('2017-08-28 00:16:41', '2017-08-28 00:32:41', 81);
insert into video values('2018-04-29 03:10:51', '2018-04-29 03:23:51', 82);
insert into video values('2018-12-13 11:26:02', '2018-12-13 11:56:02', 82);
insert into video values('2017-10-24 16:53:54', '2017-10-24 17:18:54', 82);
insert into video values('2016-10-25 14:16:16', '2016-10-25 14:36:16', 83);
insert into video values('2018-02-24 10:20:48', '2018-02-24 10:49:48', 83);
insert into video values('2018-07-05 04:31:05', '2018-07-05 04:52:05', 83);
insert into video values('2018-05-31 17:26:07', '2018-05-31 17:52:07', 83);
insert into video values('2018-03-16 15:49:42', '2018-03-16 16:09:42', 84);
insert into video values('2017-03-17 01:26:14', '2017-03-17 01:43:14', 84);
insert into video values('2018-11-17 03:45:13', '2018-11-17 04:14:13', 85);
insert into video values('2018-12-11 03:42:11', '2018-12-11 04:04:11', 85);
insert into video values('2018-04-23 04:31:25', '2018-04-23 04:55:25', 85);
insert into video values('2018-06-08 11:13:57', '2018-06-08 11:27:57', 85);
insert into video values('2016-03-19 22:18:40', '2016-03-19 22:30:40', 86);
insert into video values('2018-08-19 16:04:15', '2018-08-19 16:18:15', 86);
insert into video values('2018-04-30 00:22:43', '2018-04-30 00:41:43', 86);
insert into video values('2017-06-27 15:02:28', '2017-06-27 15:16:28', 86);
insert into video values('2017-12-03 02:00:31', '2017-12-03 02:12:31', 87);
insert into video values('2018-10-06 18:12:05', '2018-10-06 18:37:05', 87);
insert into video values('2017-12-15 10:11:27', '2017-12-15 10:22:27', 88);
insert into video values('2018-09-28 10:54:17', '2018-09-28 11:22:17', 88);
insert into video values('2017-12-19 02:37:20', '2017-12-19 02:50:20', 88);
insert into video values('2017-12-09 19:16:45', '2017-12-09 19:30:45', 89);
insert into video values('2016-07-05 17:07:23', '2016-07-05 17:18:23', 89);
insert into video values('2017-03-26 22:36:22', '2017-03-26 22:54:22', 90);
insert into video values('2016-03-17 19:00:01', '2016-03-17 19:11:01', 90);
insert into video values('2017-02-24 06:10:11', '2017-02-24 06:24:11', 90);
insert into video values('2017-10-08 13:45:31', '2017-10-08 14:06:31', 91);
insert into video values('2017-05-28 19:51:18', '2017-05-28 20:09:18', 91);
insert into video values('2018-08-15 17:17:22', '2018-08-15 17:29:22', 92);
insert into video values('2016-03-08 23:00:14', '2016-03-08 23:29:14', 92);
insert into video values('2017-10-21 23:11:14', '2017-10-21 23:25:14', 93);
insert into video values('2016-11-26 19:05:01', '2016-11-26 19:21:01', 93);
insert into video values('2018-03-22 11:54:59', '2018-03-22 12:15:59', 94);
insert into video values('2017-09-23 08:04:48', '2017-09-23 08:16:48', 94);
insert into video values('2017-03-28 03:47:58', '2017-03-28 04:09:58', 94);
insert into video values('2016-07-25 01:27:10', '2016-07-25 01:37:10', 94);
insert into video values('2016-05-27 10:08:34', '2016-05-27 10:31:34', 95);
insert into video values('2017-05-12 08:35:51', '2017-05-12 08:51:51', 95);
insert into video values('2017-04-19 10:37:47', '2017-04-19 11:02:47', 96);
insert into video values('2017-07-09 17:34:20', '2017-07-09 18:03:20', 96);
insert into video values('2018-05-18 14:11:56', '2018-05-18 14:22:56', 96);
insert into video values('2016-07-24 19:28:17', '2016-07-24 19:42:17', 96);
insert into video values('2018-02-09 06:02:13', '2018-02-09 06:14:13', 97);
insert into video values('2016-08-03 16:58:01', '2016-08-03 17:24:01', 97);
insert into video values('2016-07-22 15:04:14', '2016-07-22 15:34:14', 97);
insert into video values('2016-07-27 13:13:10', '2016-07-27 13:23:10', 98);
insert into video values('2016-01-19 07:16:02', '2016-01-19 07:35:02', 98);
insert into video values('2016-07-17 09:08:50', '2016-07-17 09:32:50', 98);
insert into video values('2016-08-17 04:25:33', '2016-08-17 04:41:33', 98);
insert into video values('2018-08-18 11:29:08', '2018-08-18 11:44:08', 99);
insert into video values('2017-01-24 06:58:12', '2017-01-24 07:19:12', 99);
insert into video values('2017-03-04 14:53:35', '2017-03-04 15:22:35', 99);
insert into video values('2017-10-30 00:48:48', '2017-10-30 01:05:48', 99);
insert into video values('2016-07-28 14:10:34', '2016-07-28 14:25:34', 100);
insert into video values('2018-05-28 10:23:46', '2018-05-28 10:48:46', 100);
insert into video values('2017-01-14 08:57:58', '2017-01-14 09:24:58', 100);
insert into video values('2016-09-14 01:52:04', '2016-09-14 02:06:04', 101);
insert into video values('2016-03-24 23:12:51', '2016-03-24 23:23:51', 101);
insert into video values('2016-08-29 13:54:17', '2016-08-29 14:19:17', 101);
insert into video values('2016-08-05 02:16:06', '2016-08-05 02:41:06', 101);



insert into segmentoVideo values(0, 2, '2017-09-02 15:29:22', 0);
insert into segmentoVideo values(1, 20, '2017-09-02 15:29:22', 0);
insert into segmentoVideo values(0, 2, '2017-12-14 15:09:37', 0);
insert into segmentoVideo values(1, 19, '2017-12-14 15:09:37', 0);
insert into segmentoVideo values(0, 2, '2016-05-10 16:31:37', 0);
insert into segmentoVideo values(1, 9, '2016-05-10 16:31:37', 0);
insert into segmentoVideo values(0, 28, '2018-02-14 10:51:00', 0);
insert into segmentoVideo values(0, 2, '2016-05-24 11:30:29', 1);
insert into segmentoVideo values(1, 17, '2016-05-24 11:30:29', 1);
insert into segmentoVideo values(0, 22, '2016-12-02 23:39:50', 1);
insert into segmentoVideo values(0, 11, '2018-10-29 15:12:41', 1);
insert into segmentoVideo values(0, 2, '2018-10-30 23:04:30', 2);
insert into segmentoVideo values(1, 25, '2018-10-30 23:04:30', 2);
insert into segmentoVideo values(0, 13, '2017-04-14 13:33:32', 2);
insert into segmentoVideo values(0, 13, '2017-09-22 15:35:51', 2);
insert into segmentoVideo values(0, 2, '2018-08-26 02:26:45', 2);
insert into segmentoVideo values(1, 24, '2018-08-26 02:26:45', 2);
insert into segmentoVideo values(0, 13, '2018-10-30 17:57:27', 3);
insert into segmentoVideo values(0, 24, '2017-06-23 16:18:01', 3);
insert into segmentoVideo values(0, 2, '2018-01-10 08:22:48', 3);
insert into segmentoVideo values(1, 21, '2018-01-10 08:22:48', 3);
insert into segmentoVideo values(0, 2, '2017-07-04 00:51:21', 3);
insert into segmentoVideo values(1, 26, '2017-07-04 00:51:21', 3);
insert into segmentoVideo values(0, 2, '2017-07-14 21:14:05', 4);
insert into segmentoVideo values(1, 13, '2017-07-14 21:14:05', 4);
insert into segmentoVideo values(0, 2, '2018-09-19 09:21:27', 4);
insert into segmentoVideo values(1, 17, '2018-09-19 09:21:27', 4);
insert into segmentoVideo values(0, 25, '2018-02-23 14:06:53', 5);
insert into segmentoVideo values(0, 23, '2017-03-04 02:27:53', 5);
insert into segmentoVideo values(0, 28, '2017-11-10 03:39:43', 5);
insert into segmentoVideo values(0, 27, '2016-01-20 17:26:23', 5);
insert into segmentoVideo values(0, 2, '2016-10-10 18:26:07', 6);
insert into segmentoVideo values(1, 21, '2016-10-10 18:26:07', 6);
insert into segmentoVideo values(0, 2, '2018-04-18 02:46:47', 6);
insert into segmentoVideo values(1, 12, '2018-04-18 02:46:47', 6);
insert into segmentoVideo values(0, 18, '2018-11-27 17:22:42', 6);
insert into segmentoVideo values(0, 2, '2016-09-16 01:48:10', 7);
insert into segmentoVideo values(1, 21, '2016-09-16 01:48:10', 7);
insert into segmentoVideo values(0, 10, '2016-07-10 09:43:25', 7);
insert into segmentoVideo values(0, 2, '2016-02-22 06:56:53', 8);
insert into segmentoVideo values(1, 25, '2016-02-22 06:56:53', 8);
insert into segmentoVideo values(0, 2, '2017-04-17 09:16:20', 8);
insert into segmentoVideo values(1, 23, '2017-04-17 09:16:20', 8);
insert into segmentoVideo values(0, 2, '2017-11-07 10:26:47', 9);
insert into segmentoVideo values(1, 21, '2017-11-07 10:26:47', 9);
insert into segmentoVideo values(0, 2, '2018-12-02 01:51:43', 9);
insert into segmentoVideo values(1, 16, '2018-12-02 01:51:43', 9);
insert into segmentoVideo values(0, 14, '2016-06-16 03:36:54', 10);
insert into segmentoVideo values(0, 12, '2018-04-30 15:17:36', 10);
insert into segmentoVideo values(0, 22, '2016-04-20 10:25:48', 11);
insert into segmentoVideo values(0, 19, '2016-01-13 16:20:14', 11);
insert into segmentoVideo values(0, 11, '2016-03-15 04:07:46', 11);
insert into segmentoVideo values(0, 2, '2018-12-11 11:37:51', 12);
insert into segmentoVideo values(1, 10, '2018-12-11 11:37:51', 12);
insert into segmentoVideo values(0, 2, '2018-02-14 23:42:01', 12);
insert into segmentoVideo values(1, 19, '2018-02-14 23:42:01', 12);
insert into segmentoVideo values(0, 19, '2018-08-27 08:06:47', 12);
insert into segmentoVideo values(0, 29, '2017-06-20 07:01:22', 13);
insert into segmentoVideo values(0, 10, '2017-07-29 07:45:36', 13);
insert into segmentoVideo values(0, 11, '2016-05-12 23:55:29', 13);
insert into segmentoVideo values(0, 2, '2018-10-24 05:27:43', 14);
insert into segmentoVideo values(1, 26, '2018-10-24 05:27:43', 14);
insert into segmentoVideo values(0, 10, '2016-03-18 01:47:29', 14);
insert into segmentoVideo values(0, 29, '2017-05-01 03:24:56', 14);
insert into segmentoVideo values(0, 2, '2016-02-24 15:44:30', 15);
insert into segmentoVideo values(1, 28, '2016-02-24 15:44:30', 15);
insert into segmentoVideo values(0, 25, '2016-05-19 18:54:09', 15);
insert into segmentoVideo values(0, 2, '2017-09-09 19:55:51', 15);
insert into segmentoVideo values(1, 27, '2017-09-09 19:55:51', 15);
insert into segmentoVideo values(0, 2, '2018-12-24 09:58:27', 15);
insert into segmentoVideo values(1, 22, '2018-12-24 09:58:27', 15);
insert into segmentoVideo values(0, 19, '2017-12-24 02:11:25', 16);
insert into segmentoVideo values(0, 2, '2017-12-20 18:38:05', 16);
insert into segmentoVideo values(1, 12, '2017-12-20 18:38:05', 16);
insert into segmentoVideo values(0, 23, '2018-09-14 11:04:09', 16);
insert into segmentoVideo values(0, 24, '2017-06-04 14:22:34', 17);
insert into segmentoVideo values(0, 27, '2016-05-26 05:30:01', 17);
insert into segmentoVideo values(0, 28, '2016-02-23 01:34:21', 18);
insert into segmentoVideo values(0, 2, '2017-10-29 00:06:06', 18);
insert into segmentoVideo values(1, 17, '2017-10-29 00:06:06', 18);
insert into segmentoVideo values(0, 10, '2017-05-03 16:11:24', 18);
insert into segmentoVideo values(0, 11, '2016-12-04 06:51:39', 18);
insert into segmentoVideo values(0, 2, '2016-06-05 09:52:20', 19);
insert into segmentoVideo values(1, 9, '2016-06-05 09:52:20', 19);
insert into segmentoVideo values(0, 21, '2017-01-31 23:47:54', 19);
insert into segmentoVideo values(0, 2, '2017-02-23 11:52:50', 19);
insert into segmentoVideo values(1, 24, '2017-02-23 11:52:50', 19);
insert into segmentoVideo values(0, 2, '2017-05-14 12:53:40', 19);
insert into segmentoVideo values(1, 14, '2017-05-14 12:53:40', 19);
insert into segmentoVideo values(0, 2, '2016-10-16 07:39:31', 20);
insert into segmentoVideo values(1, 10, '2016-10-16 07:39:31', 20);
insert into segmentoVideo values(0, 2, '2016-10-25 06:26:06', 20);
insert into segmentoVideo values(1, 25, '2016-10-25 06:26:06', 20);
insert into segmentoVideo values(0, 12, '2016-10-02 18:19:02', 21);
insert into segmentoVideo values(0, 26, '2016-12-29 09:37:49', 21);
insert into segmentoVideo values(0, 2, '2016-09-27 00:26:23', 21);
insert into segmentoVideo values(1, 28, '2016-09-27 00:26:23', 21);
insert into segmentoVideo values(0, 19, '2016-02-21 00:02:09', 22);
insert into segmentoVideo values(0, 22, '2017-01-06 02:58:13', 22);
insert into segmentoVideo values(0, 15, '2017-09-26 08:06:45', 23);
insert into segmentoVideo values(0, 2, '2018-09-15 16:12:50', 23);
insert into segmentoVideo values(1, 18, '2018-09-15 16:12:50', 23);
insert into segmentoVideo values(0, 2, '2018-05-09 20:00:54', 24);
insert into segmentoVideo values(1, 9, '2018-05-09 20:00:54', 24);
insert into segmentoVideo values(0, 29, '2017-10-08 00:33:31', 24);
insert into segmentoVideo values(0, 22, '2017-07-19 22:55:45', 25);
insert into segmentoVideo values(0, 2, '2016-10-21 19:39:56', 25);
insert into segmentoVideo values(1, 11, '2016-10-21 19:39:56', 25);
insert into segmentoVideo values(0, 2, '2018-04-03 15:50:48', 25);
insert into segmentoVideo values(1, 20, '2018-04-03 15:50:48', 25);
insert into segmentoVideo values(0, 22, '2018-12-21 05:02:38', 26);
insert into segmentoVideo values(0, 2, '2017-11-19 13:42:36', 26);
insert into segmentoVideo values(1, 14, '2017-11-19 13:42:36', 26);
insert into segmentoVideo values(0, 16, '2016-03-27 04:21:54', 27);
insert into segmentoVideo values(0, 22, '2017-03-18 04:04:33', 27);
insert into segmentoVideo values(0, 2, '2016-01-22 02:16:19', 27);
insert into segmentoVideo values(1, 26, '2016-01-22 02:16:19', 27);
insert into segmentoVideo values(0, 14, '2016-05-11 04:11:45', 28);
insert into segmentoVideo values(0, 2, '2018-01-21 10:22:04', 28);
insert into segmentoVideo values(1, 23, '2018-01-21 10:22:04', 28);
insert into segmentoVideo values(0, 30, '2016-03-22 21:00:02', 28);
insert into segmentoVideo values(0, 2, '2018-01-19 02:03:18', 28);
insert into segmentoVideo values(1, 28, '2018-01-19 02:03:18', 28);
insert into segmentoVideo values(0, 25, '2018-09-03 05:36:52', 29);
insert into segmentoVideo values(0, 2, '2018-01-04 12:16:29', 29);
insert into segmentoVideo values(1, 8, '2018-01-04 12:16:29', 29);
insert into segmentoVideo values(0, 2, '2017-07-26 19:47:16', 30);
insert into segmentoVideo values(1, 27, '2017-07-26 19:47:16', 30);
insert into segmentoVideo values(0, 12, '2018-01-12 20:37:47', 30);
insert into segmentoVideo values(0, 2, '2016-02-13 17:20:23', 30);
insert into segmentoVideo values(1, 9, '2016-02-13 17:20:23', 30);
insert into segmentoVideo values(0, 2, '2017-03-14 12:00:22', 30);
insert into segmentoVideo values(1, 21, '2017-03-14 12:00:22', 30);
insert into segmentoVideo values(0, 21, '2017-10-11 20:30:15', 31);
insert into segmentoVideo values(0, 24, '2018-11-08 21:39:53', 31);
insert into segmentoVideo values(0, 22, '2016-11-02 10:46:41', 31);
insert into segmentoVideo values(0, 19, '2016-12-06 00:44:22', 31);
insert into segmentoVideo values(0, 13, '2016-01-11 09:47:20', 32);
insert into segmentoVideo values(0, 11, '2016-07-21 21:58:48', 32);
insert into segmentoVideo values(0, 2, '2018-03-14 01:36:24', 32);
insert into segmentoVideo values(1, 26, '2018-03-14 01:36:24', 32);
insert into segmentoVideo values(0, 2, '2017-01-24 20:40:04', 33);
insert into segmentoVideo values(1, 9, '2017-01-24 20:40:04', 33);
insert into segmentoVideo values(0, 2, '2018-09-29 17:39:41', 33);
insert into segmentoVideo values(1, 25, '2018-09-29 17:39:41', 33);
insert into segmentoVideo values(0, 12, '2018-09-24 23:49:39', 33);
insert into segmentoVideo values(0, 28, '2016-12-21 00:42:23', 34);
insert into segmentoVideo values(0, 2, '2017-08-16 14:05:03', 34);
insert into segmentoVideo values(1, 11, '2017-08-16 14:05:03', 34);
insert into segmentoVideo values(0, 28, '2018-03-20 01:35:10', 34);
insert into segmentoVideo values(0, 18, '2018-05-04 10:24:11', 35);
insert into segmentoVideo values(0, 17, '2016-03-01 03:03:46', 35);
insert into segmentoVideo values(0, 2, '2017-10-08 07:59:05', 35);
insert into segmentoVideo values(1, 9, '2017-10-08 07:59:05', 35);
insert into segmentoVideo values(0, 2, '2018-01-24 23:00:07', 35);
insert into segmentoVideo values(1, 24, '2018-01-24 23:00:07', 35);
insert into segmentoVideo values(0, 23, '2018-10-14 14:34:24', 36);
insert into segmentoVideo values(0, 2, '2018-12-08 16:57:23', 36);
insert into segmentoVideo values(1, 19, '2018-12-08 16:57:23', 36);
insert into segmentoVideo values(0, 2, '2018-11-16 16:42:48', 36);
insert into segmentoVideo values(1, 18, '2018-11-16 16:42:48', 36);
insert into segmentoVideo values(0, 30, '2016-01-02 20:00:06', 36);
insert into segmentoVideo values(0, 12, '2018-06-21 03:36:43', 37);
insert into segmentoVideo values(0, 2, '2016-12-04 21:47:26', 37);
insert into segmentoVideo values(1, 27, '2016-12-04 21:47:26', 37);
insert into segmentoVideo values(0, 2, '2018-12-07 19:44:54', 37);
insert into segmentoVideo values(1, 18, '2018-12-07 19:44:54', 37);
insert into segmentoVideo values(0, 21, '2018-11-24 20:26:50', 37);
insert into segmentoVideo values(0, 2, '2016-05-29 15:39:52', 38);
insert into segmentoVideo values(1, 14, '2016-05-29 15:39:52', 38);
insert into segmentoVideo values(0, 2, '2017-02-25 20:13:02', 38);
insert into segmentoVideo values(1, 21, '2017-02-25 20:13:02', 38);
insert into segmentoVideo values(0, 24, '2016-09-22 04:23:01', 38);
insert into segmentoVideo values(0, 28, '2016-01-06 12:21:46', 39);
insert into segmentoVideo values(0, 2, '2017-01-26 07:24:46', 39);
insert into segmentoVideo values(1, 21, '2017-01-26 07:24:46', 39);
insert into segmentoVideo values(0, 2, '2018-02-14 19:20:59', 39);
insert into segmentoVideo values(1, 27, '2018-02-14 19:20:59', 39);
insert into segmentoVideo values(0, 23, '2018-05-29 01:18:28', 40);
insert into segmentoVideo values(0, 20, '2018-08-24 13:11:38', 40);
insert into segmentoVideo values(0, 19, '2017-05-14 13:19:51', 40);
insert into segmentoVideo values(0, 2, '2018-11-21 08:14:31', 41);
insert into segmentoVideo values(1, 14, '2018-11-21 08:14:31', 41);
insert into segmentoVideo values(0, 21, '2018-11-17 20:54:06', 41);
insert into segmentoVideo values(0, 2, '2017-03-26 02:40:19', 41);
insert into segmentoVideo values(1, 13, '2017-03-26 02:40:19', 41);
insert into segmentoVideo values(0, 2, '2016-10-15 23:53:48', 41);
insert into segmentoVideo values(1, 10, '2016-10-15 23:53:48', 41);
insert into segmentoVideo values(0, 29, '2018-10-23 13:38:57', 42);
insert into segmentoVideo values(0, 2, '2016-03-29 18:56:07', 42);
insert into segmentoVideo values(1, 26, '2016-03-29 18:56:07', 42);
insert into segmentoVideo values(0, 27, '2017-09-06 23:16:45', 43);
insert into segmentoVideo values(0, 2, '2018-10-16 13:06:27', 43);
insert into segmentoVideo values(1, 12, '2018-10-16 13:06:27', 43);
insert into segmentoVideo values(0, 2, '2017-03-26 10:26:14', 43);
insert into segmentoVideo values(1, 8, '2017-03-26 10:26:14', 43);
insert into segmentoVideo values(0, 10, '2016-11-24 21:57:34', 43);
insert into segmentoVideo values(0, 2, '2016-06-30 10:20:13', 44);
insert into segmentoVideo values(1, 25, '2016-06-30 10:20:13', 44);
insert into segmentoVideo values(0, 2, '2018-06-30 04:41:20', 44);
insert into segmentoVideo values(1, 22, '2018-06-30 04:41:20', 44);
insert into segmentoVideo values(0, 19, '2018-05-22 17:47:17', 44);
insert into segmentoVideo values(0, 2, '2016-05-20 02:47:41', 44);
insert into segmentoVideo values(1, 20, '2016-05-20 02:47:41', 44);
insert into segmentoVideo values(0, 2, '2016-03-27 21:57:11', 45);
insert into segmentoVideo values(1, 9, '2016-03-27 21:57:11', 45);
insert into segmentoVideo values(0, 22, '2017-09-03 09:55:54', 45);
insert into segmentoVideo values(0, 22, '2017-07-04 10:35:18', 46);
insert into segmentoVideo values(0, 2, '2016-06-03 18:20:50', 46);
insert into segmentoVideo values(1, 12, '2016-06-03 18:20:50', 46);
insert into segmentoVideo values(0, 2, '2017-07-01 11:16:44', 46);
insert into segmentoVideo values(1, 12, '2017-07-01 11:16:44', 46);
insert into segmentoVideo values(0, 2, '2018-08-10 08:55:40', 47);
insert into segmentoVideo values(1, 25, '2018-08-10 08:55:40', 47);
insert into segmentoVideo values(0, 2, '2018-08-23 13:46:48', 47);
insert into segmentoVideo values(1, 18, '2018-08-23 13:46:48', 47);
insert into segmentoVideo values(0, 2, '2016-02-28 03:14:39', 47);
insert into segmentoVideo values(1, 11, '2016-02-28 03:14:39', 47);
insert into segmentoVideo values(0, 13, '2018-10-09 15:59:21', 48);
insert into segmentoVideo values(0, 20, '2017-06-11 17:14:41', 48);
insert into segmentoVideo values(0, 30, '2016-05-19 07:27:38', 48);
insert into segmentoVideo values(0, 11, '2016-11-07 10:54:28', 48);
insert into segmentoVideo values(0, 2, '2018-11-06 15:50:04', 49);
insert into segmentoVideo values(1, 12, '2018-11-06 15:50:04', 49);
insert into segmentoVideo values(0, 18, '2018-01-24 16:27:32', 49);
insert into segmentoVideo values(0, 18, '2016-06-06 09:24:24', 50);
insert into segmentoVideo values(0, 24, '2016-06-20 15:29:51', 50);
insert into segmentoVideo values(0, 2, '2016-10-25 02:46:00', 50);
insert into segmentoVideo values(1, 27, '2016-10-25 02:46:00', 50);
insert into segmentoVideo values(0, 2, '2016-08-29 00:21:33', 50);
insert into segmentoVideo values(1, 11, '2016-08-29 00:21:33', 50);
insert into segmentoVideo values(0, 20, '2018-09-18 13:03:26', 51);
insert into segmentoVideo values(0, 17, '2016-09-23 23:47:57', 51);
insert into segmentoVideo values(0, 2, '2016-10-09 00:33:58', 51);
insert into segmentoVideo values(1, 10, '2016-10-09 00:33:58', 51);
insert into segmentoVideo values(0, 15, '2016-12-08 11:46:47', 52);
insert into segmentoVideo values(0, 2, '2017-12-03 15:13:49', 52);
insert into segmentoVideo values(1, 10, '2017-12-03 15:13:49', 52);
insert into segmentoVideo values(0, 27, '2016-01-02 14:44:48', 53);
insert into segmentoVideo values(0, 24, '2017-08-05 13:39:45', 53);
insert into segmentoVideo values(0, 2, '2017-07-11 04:50:02', 53);
insert into segmentoVideo values(1, 16, '2017-07-11 04:50:02', 53);
insert into segmentoVideo values(0, 20, '2016-09-24 05:50:41', 54);
insert into segmentoVideo values(0, 2, '2018-10-19 01:10:02', 54);
insert into segmentoVideo values(1, 25, '2018-10-19 01:10:02', 54);
insert into segmentoVideo values(0, 2, '2018-03-20 01:42:58', 55);
insert into segmentoVideo values(1, 17, '2018-03-20 01:42:58', 55);
insert into segmentoVideo values(0, 2, '2016-05-02 01:47:26', 55);
insert into segmentoVideo values(1, 12, '2016-05-02 01:47:26', 55);
insert into segmentoVideo values(0, 2, '2017-01-31 18:01:48', 56);
insert into segmentoVideo values(1, 10, '2017-01-31 18:01:48', 56);
insert into segmentoVideo values(0, 28, '2018-01-05 07:51:44', 56);
insert into segmentoVideo values(0, 17, '2016-05-03 06:54:37', 57);
insert into segmentoVideo values(0, 2, '2016-12-10 17:40:47', 57);
insert into segmentoVideo values(1, 13, '2016-12-10 17:40:47', 57);
insert into segmentoVideo values(0, 12, '2018-05-29 20:21:37', 57);
insert into segmentoVideo values(0, 22, '2018-02-10 06:47:40', 58);
insert into segmentoVideo values(0, 2, '2017-12-02 22:03:01', 58);
insert into segmentoVideo values(1, 24, '2017-12-02 22:03:01', 58);
insert into segmentoVideo values(0, 2, '2016-02-17 17:18:01', 59);
insert into segmentoVideo values(1, 27, '2016-02-17 17:18:01', 59);
insert into segmentoVideo values(0, 10, '2017-08-17 09:58:00', 59);
insert into segmentoVideo values(0, 26, '2017-07-27 17:02:49', 59);
insert into segmentoVideo values(0, 27, '2018-01-13 21:18:35', 59);
insert into segmentoVideo values(0, 30, '2017-01-28 04:21:38', 60);
insert into segmentoVideo values(0, 2, '2017-06-17 02:27:24', 60);
insert into segmentoVideo values(1, 25, '2017-06-17 02:27:24', 60);
insert into segmentoVideo values(0, 15, '2018-08-25 06:09:24', 60);
insert into segmentoVideo values(0, 11, '2017-01-11 00:58:55', 61);
insert into segmentoVideo values(0, 22, '2017-04-10 02:19:36', 61);
insert into segmentoVideo values(0, 2, '2016-08-23 20:45:03', 62);
insert into segmentoVideo values(1, 10, '2016-08-23 20:45:03', 62);
insert into segmentoVideo values(0, 2, '2018-12-25 13:20:12', 62);
insert into segmentoVideo values(1, 14, '2018-12-25 13:20:12', 62);
insert into segmentoVideo values(0, 2, '2016-11-04 06:25:07', 63);
insert into segmentoVideo values(1, 28, '2016-11-04 06:25:07', 63);
insert into segmentoVideo values(0, 22, '2018-09-05 14:25:19', 63);
insert into segmentoVideo values(0, 2, '2016-08-04 20:12:45', 64);
insert into segmentoVideo values(1, 19, '2016-08-04 20:12:45', 64);
insert into segmentoVideo values(0, 24, '2017-07-18 09:28:43', 64);
insert into segmentoVideo values(0, 2, '2018-01-17 09:02:48', 64);
insert into segmentoVideo values(1, 16, '2018-01-17 09:02:48', 64);
insert into segmentoVideo values(0, 12, '2018-03-05 13:21:26', 65);
insert into segmentoVideo values(0, 2, '2018-09-03 19:41:24', 65);
insert into segmentoVideo values(1, 13, '2018-09-03 19:41:24', 65);
insert into segmentoVideo values(0, 15, '2017-09-29 15:53:13', 66);
insert into segmentoVideo values(0, 16, '2018-07-20 14:27:48', 66);
insert into segmentoVideo values(0, 29, '2017-03-01 10:22:02', 66);
insert into segmentoVideo values(0, 25, '2016-03-16 20:16:27', 66);
insert into segmentoVideo values(0, 26, '2016-12-10 23:11:25', 67);
insert into segmentoVideo values(0, 17, '2017-06-30 16:18:49', 67);
insert into segmentoVideo values(0, 2, '2017-02-25 02:45:16', 67);
insert into segmentoVideo values(1, 8, '2017-02-25 02:45:16', 67);
insert into segmentoVideo values(0, 2, '2017-05-19 04:29:28', 68);
insert into segmentoVideo values(1, 13, '2017-05-19 04:29:28', 68);
insert into segmentoVideo values(0, 2, '2018-05-01 13:12:10', 68);
insert into segmentoVideo values(1, 21, '2018-05-01 13:12:10', 68);
insert into segmentoVideo values(0, 2, '2016-08-19 23:47:40', 68);
insert into segmentoVideo values(1, 15, '2016-08-19 23:47:40', 68);
insert into segmentoVideo values(0, 20, '2016-02-07 15:03:18', 69);
insert into segmentoVideo values(0, 2, '2016-09-19 22:57:08', 69);
insert into segmentoVideo values(1, 20, '2016-09-19 22:57:08', 69);
insert into segmentoVideo values(0, 13, '2017-02-07 17:53:51', 69);
insert into segmentoVideo values(0, 22, '2017-07-13 11:40:53', 69);
insert into segmentoVideo values(0, 2, '2017-12-18 01:12:11', 70);
insert into segmentoVideo values(1, 26, '2017-12-18 01:12:11', 70);
insert into segmentoVideo values(0, 18, '2018-09-21 18:48:16', 70);
insert into segmentoVideo values(0, 25, '2018-10-21 21:35:41', 70);
insert into segmentoVideo values(0, 24, '2018-02-28 13:06:21', 70);
insert into segmentoVideo values(0, 2, '2016-04-16 21:19:30', 71);
insert into segmentoVideo values(1, 8, '2016-04-16 21:19:30', 71);
insert into segmentoVideo values(0, 22, '2017-02-12 16:16:07', 71);
insert into segmentoVideo values(0, 16, '2016-12-29 11:46:04', 71);
insert into segmentoVideo values(0, 14, '2017-06-30 02:36:43', 71);
insert into segmentoVideo values(0, 16, '2017-09-23 07:20:08', 72);
insert into segmentoVideo values(0, 2, '2018-11-06 21:35:57', 72);
insert into segmentoVideo values(1, 20, '2018-11-06 21:35:57', 72);
insert into segmentoVideo values(0, 2, '2017-09-27 10:40:52', 73);
insert into segmentoVideo values(1, 27, '2017-09-27 10:40:52', 73);
insert into segmentoVideo values(0, 13, '2016-08-13 17:50:14', 73);
insert into segmentoVideo values(0, 19, '2018-12-16 05:00:19', 73);
insert into segmentoVideo values(0, 2, '2016-05-12 13:16:34', 73);
insert into segmentoVideo values(1, 9, '2016-05-12 13:16:34', 73);
insert into segmentoVideo values(0, 26, '2018-03-29 01:04:08', 74);
insert into segmentoVideo values(0, 2, '2016-03-06 07:46:27', 74);
insert into segmentoVideo values(1, 23, '2016-03-06 07:46:27', 74);
insert into segmentoVideo values(0, 2, '2017-07-12 01:41:30', 74);
insert into segmentoVideo values(1, 17, '2017-07-12 01:41:30', 74);
insert into segmentoVideo values(0, 26, '2016-03-10 13:18:19', 75);
insert into segmentoVideo values(0, 2, '2017-02-23 19:09:25', 75);
insert into segmentoVideo values(1, 21, '2017-02-23 19:09:25', 75);
insert into segmentoVideo values(0, 2, '2018-11-09 22:19:19', 75);
insert into segmentoVideo values(1, 22, '2018-11-09 22:19:19', 75);
insert into segmentoVideo values(0, 27, '2016-06-16 11:23:23', 76);
insert into segmentoVideo values(0, 26, '2018-03-28 11:21:49', 76);
insert into segmentoVideo values(0, 18, '2017-02-18 18:46:58', 77);
insert into segmentoVideo values(0, 2, '2016-09-03 10:03:15', 77);
insert into segmentoVideo values(1, 15, '2016-09-03 10:03:15', 77);
insert into segmentoVideo values(0, 2, '2016-03-20 23:07:03', 78);
insert into segmentoVideo values(1, 20, '2016-03-20 23:07:03', 78);
insert into segmentoVideo values(0, 23, '2018-09-01 20:30:37', 78);
insert into segmentoVideo values(0, 2, '2018-02-28 07:33:40', 78);
insert into segmentoVideo values(1, 22, '2018-02-28 07:33:40', 78);
insert into segmentoVideo values(0, 2, '2018-05-12 14:04:46', 79);
insert into segmentoVideo values(1, 28, '2018-05-12 14:04:46', 79);
insert into segmentoVideo values(0, 2, '2016-10-03 06:40:39', 79);
insert into segmentoVideo values(1, 8, '2016-10-03 06:40:39', 79);
insert into segmentoVideo values(0, 2, '2016-11-18 11:59:16', 80);
insert into segmentoVideo values(1, 25, '2016-11-18 11:59:16', 80);
insert into segmentoVideo values(0, 2, '2018-11-23 14:02:22', 80);
insert into segmentoVideo values(1, 25, '2018-11-23 14:02:22', 80);
insert into segmentoVideo values(0, 14, '2017-07-10 18:50:52', 80);
insert into segmentoVideo values(0, 2, '2016-06-16 09:09:37', 81);
insert into segmentoVideo values(1, 9, '2016-06-16 09:09:37', 81);
insert into segmentoVideo values(0, 18, '2016-02-18 05:57:43', 81);
insert into segmentoVideo values(0, 2, '2016-09-27 19:14:41', 81);
insert into segmentoVideo values(1, 21, '2016-09-27 19:14:41', 81);
insert into segmentoVideo values(0, 16, '2017-08-28 00:16:41', 81);
insert into segmentoVideo values(0, 13, '2018-04-29 03:10:51', 82);
insert into segmentoVideo values(0, 30, '2018-12-13 11:26:02', 82);
insert into segmentoVideo values(0, 25, '2017-10-24 16:53:54', 82);
insert into segmentoVideo values(0, 20, '2016-10-25 14:16:16', 83);
insert into segmentoVideo values(0, 29, '2018-02-24 10:20:48', 83);
insert into segmentoVideo values(0, 21, '2018-07-05 04:31:05', 83);
insert into segmentoVideo values(0, 26, '2018-05-31 17:26:07', 83);
insert into segmentoVideo values(0, 20, '2018-03-16 15:49:42', 84);
insert into segmentoVideo values(0, 2, '2017-03-17 01:26:14', 84);
insert into segmentoVideo values(1, 15, '2017-03-17 01:26:14', 84);
insert into segmentoVideo values(0, 29, '2018-11-17 03:45:13', 85);
insert into segmentoVideo values(0, 2, '2018-12-11 03:42:11', 85);
insert into segmentoVideo values(1, 20, '2018-12-11 03:42:11', 85);
insert into segmentoVideo values(0, 24, '2018-04-23 04:31:25', 85);
insert into segmentoVideo values(0, 14, '2018-06-08 11:13:57', 85);
insert into segmentoVideo values(0, 2, '2016-03-19 22:18:40', 86);
insert into segmentoVideo values(1, 10, '2016-03-19 22:18:40', 86);
insert into segmentoVideo values(0, 2, '2018-08-19 16:04:15', 86);
insert into segmentoVideo values(1, 12, '2018-08-19 16:04:15', 86);
insert into segmentoVideo values(0, 2, '2018-04-30 00:22:43', 86);
insert into segmentoVideo values(1, 17, '2018-04-30 00:22:43', 86);
insert into segmentoVideo values(0, 2, '2017-06-27 15:02:28', 86);
insert into segmentoVideo values(1, 12, '2017-06-27 15:02:28', 86);
insert into segmentoVideo values(0, 12, '2017-12-03 02:00:31', 87);
insert into segmentoVideo values(0, 2, '2018-10-06 18:12:05', 87);
insert into segmentoVideo values(1, 23, '2018-10-06 18:12:05', 87);
insert into segmentoVideo values(0, 2, '2017-12-15 10:11:27', 88);
insert into segmentoVideo values(1, 9, '2017-12-15 10:11:27', 88);
insert into segmentoVideo values(0, 28, '2018-09-28 10:54:17', 88);
insert into segmentoVideo values(0, 13, '2017-12-19 02:37:20', 88);
insert into segmentoVideo values(0, 2, '2017-12-09 19:16:45', 89);
insert into segmentoVideo values(1, 12, '2017-12-09 19:16:45', 89);
insert into segmentoVideo values(0, 2, '2016-07-05 17:07:23', 89);
insert into segmentoVideo values(1, 9, '2016-07-05 17:07:23', 89);
insert into segmentoVideo values(0, 2, '2017-03-26 22:36:22', 90);
insert into segmentoVideo values(1, 16, '2017-03-26 22:36:22', 90);
insert into segmentoVideo values(0, 11, '2016-03-17 19:00:01', 90);
insert into segmentoVideo values(0, 2, '2017-02-24 06:10:11', 90);
insert into segmentoVideo values(1, 12, '2017-02-24 06:10:11', 90);
insert into segmentoVideo values(0, 2, '2017-10-08 13:45:31', 91);
insert into segmentoVideo values(1, 19, '2017-10-08 13:45:31', 91);
insert into segmentoVideo values(0, 2, '2017-05-28 19:51:18', 91);
insert into segmentoVideo values(1, 16, '2017-05-28 19:51:18', 91);
insert into segmentoVideo values(0, 12, '2018-08-15 17:17:22', 92);
insert into segmentoVideo values(0, 2, '2016-03-08 23:00:14', 92);
insert into segmentoVideo values(1, 27, '2016-03-08 23:00:14', 92);
insert into segmentoVideo values(0, 14, '2017-10-21 23:11:14', 93);
insert into segmentoVideo values(0, 16, '2016-11-26 19:05:01', 93);
insert into segmentoVideo values(0, 21, '2018-03-22 11:54:59', 94);
insert into segmentoVideo values(0, 12, '2017-09-23 08:04:48', 94);
insert into segmentoVideo values(0, 2, '2017-03-28 03:47:58', 94);
insert into segmentoVideo values(1, 20, '2017-03-28 03:47:58', 94);
insert into segmentoVideo values(0, 2, '2016-07-25 01:27:10', 94);
insert into segmentoVideo values(1, 8, '2016-07-25 01:27:10', 94);
insert into segmentoVideo values(0, 2, '2016-05-27 10:08:34', 95);
insert into segmentoVideo values(1, 21, '2016-05-27 10:08:34', 95);
insert into segmentoVideo values(0, 16, '2017-05-12 08:35:51', 95);
insert into segmentoVideo values(0, 2, '2017-04-19 10:37:47', 96);
insert into segmentoVideo values(1, 23, '2017-04-19 10:37:47', 96);
insert into segmentoVideo values(0, 2, '2017-07-09 17:34:20', 96);
insert into segmentoVideo values(1, 27, '2017-07-09 17:34:20', 96);
insert into segmentoVideo values(0, 11, '2018-05-18 14:11:56', 96);
insert into segmentoVideo values(0, 14, '2016-07-24 19:28:17', 96);
insert into segmentoVideo values(0, 12, '2018-02-09 06:02:13', 97);
insert into segmentoVideo values(0, 2, '2016-08-03 16:58:01', 97);
insert into segmentoVideo values(1, 24, '2016-08-03 16:58:01', 97);
insert into segmentoVideo values(0, 30, '2016-07-22 15:04:14', 97);
insert into segmentoVideo values(0, 10, '2016-07-27 13:13:10', 98);
insert into segmentoVideo values(0, 2, '2016-01-19 07:16:02', 98);
insert into segmentoVideo values(1, 17, '2016-01-19 07:16:02', 98);
insert into segmentoVideo values(0, 2, '2016-07-17 09:08:50', 98);
insert into segmentoVideo values(1, 22, '2016-07-17 09:08:50', 98);
insert into segmentoVideo values(0, 16, '2016-08-17 04:25:33', 98);
insert into segmentoVideo values(0, 15, '2018-08-18 11:29:08', 99);
insert into segmentoVideo values(0, 2, '2017-01-24 06:58:12', 99);
insert into segmentoVideo values(1, 19, '2017-01-24 06:58:12', 99);
insert into segmentoVideo values(0, 29, '2017-03-04 14:53:35', 99);
insert into segmentoVideo values(0, 2, '2017-10-30 00:48:48', 99);
insert into segmentoVideo values(1, 15, '2017-10-30 00:48:48', 99);
insert into segmentoVideo values(0, 15, '2016-07-28 14:10:34', 100);
insert into segmentoVideo values(0, 2, '2018-05-28 10:23:46', 100);
insert into segmentoVideo values(1, 23, '2018-05-28 10:23:46', 100);
insert into segmentoVideo values(0, 27, '2017-01-14 08:57:58', 100);
insert into segmentoVideo values(0, 14, '2016-09-14 01:52:04', 101);
insert into segmentoVideo values(0, 11, '2016-03-24 23:12:51', 101);
insert into segmentoVideo values(0, 2, '2016-08-29 13:54:17', 101);
insert into segmentoVideo values(1, 23, '2016-08-29 13:54:17', 101);
insert into segmentoVideo values(0, 2, '2016-08-05 02:16:06', 101);
insert into segmentoVideo values(1, 23, '2016-08-05 02:16:06', 101);



insert into local values('Portimo');
insert into local values('Vila Real');
insert into local values('Bragana');
insert into local values('Viana do Castelo');
insert into local values('Alcobaa');
insert into local values('Sintra');
insert into local values('Funchal');
insert into local values('Portalegre');
insert into local values('Aveiro');
insert into local values('Almada');
insert into local values('Barreiro');
insert into local values('Cartaxo');
insert into local values('Elvas');
insert into local values('Chaves');
insert into local values('Ftima');
insert into local values('Espinho');
insert into local values('Guarda');
insert into local values('Gouveia');
insert into local values('Fundo');
insert into local values('Leiria');
insert into local values('Maia');
insert into local values('Loures');
insert into local values('Moura');
insert into local values('Mirandela');
insert into local values('Penafiel');
insert into local values('Pinhel');
insert into local values('Praia da Vitria');
insert into local values('Queluz');
insert into local values('Ribeira Grande');
insert into local values('Santana');
insert into local values('Santa Cruz');
insert into local values('Seia');
insert into local values('So Pedro do Sul');
insert into local values('Tomar');
insert into local values('Tavira');
insert into local values('Trancoso');
insert into local values('Trofa');
insert into local values('Lisboa');
insert into local values('Porto');
insert into local values('Braga');
insert into local values('Coimbra');
insert into local values('Amadora');
insert into local values('Vila Nova de Gaia');
insert into local values('Setbal');
insert into local values('Beja');
insert into local values('vora');
insert into local values('Faro');
insert into local values('Sines');
insert into local values('Monchique');
insert into local values('Viseu');
insert into local values('Montijo');
insert into local values('Alcochete');
insert into local values('Oliveira do Hospital');
insert into local values('Albufeira');
insert into local values('Olho');
insert into local values('Redondo');
insert into local values('Vila das Aves');
insert into local values('Abrantes');
insert into local values('gueda');
insert into local values('Alccer do Sal');
insert into local values('Alfena');
insert into local values('Costa da Caparica');
insert into local values('Esmoriz');
insert into local values('Estarreja');
insert into local values('Fafe');
insert into local values('Santo Andr');
insert into local values('Felgueiras');
insert into local values('Gondomar');
insert into local values('Nazar');
insert into local values('Horta');
insert into local values('Lagoa');
insert into local values('Lagos');
insert into local values('Sagres');
insert into local values('Loul');
insert into local values('Castro Daire');
insert into local values('Marco de Canavezes');
insert into local values('Montemor-o-Novo');
insert into local values('Ovar');
insert into local values('Peniche');
insert into local values('Ericeira');
insert into local values('Pombal');
insert into local values('Cascais');
insert into local values('Rio Maior');
insert into local values('Sabugal');
insert into local values('Santo Tirso');
insert into local values('Seixal');
insert into local values('Silves');
insert into local values('Tondela');
insert into local values('Valongo');
insert into local values('Vizela');
insert into local values('lhavo');
insert into local values('Lamego');
insert into local values('Lixa');
insert into local values('Lourosa');
insert into local values('Macedo de Cavaleiros');
insert into local values('Machico');
insert into local values('Mes');
insert into local values('Alvor');
insert into local values('Arcozelo');
insert into local values('Coina');
insert into local values('Marzovelos');
insert into local values('Pvoa de Varzim');



insert into vigia values('Alfena', 0);
insert into vigia values('Lisboa', 1);
insert into vigia values('Albufeira', 2);
insert into vigia values('Penafiel', 3);
insert into vigia values('Fundo', 4);
insert into vigia values('Horta', 5);
insert into vigia values('Moura', 6);
insert into vigia values('Santo Tirso', 7);
insert into vigia values('Queluz', 8);
insert into vigia values('Tavira', 9);
insert into vigia values('Lisboa', 10);
insert into vigia values('Olho', 11);
insert into vigia values('Moura', 12);
insert into vigia values('Penafiel', 13);
insert into vigia values('Albufeira', 14);
insert into vigia values('Lourosa', 15);
insert into vigia values('Mirandela', 16);
insert into vigia values('Sintra', 17);
insert into vigia values('Bragana', 18);
insert into vigia values('Sabugal', 19);
insert into vigia values('Mirandela', 20);
insert into vigia values('Guarda', 21);
insert into vigia values('So Pedro do Sul', 22);
insert into vigia values('Sagres', 23);
insert into vigia values('Loul', 24);
insert into vigia values('Vila Nova de Gaia', 25);
insert into vigia values('Tavira', 26);
insert into vigia values('Braga', 27);
insert into vigia values('Fundo', 28);
insert into vigia values('Funchal', 29);
insert into vigia values('Alccer do Sal', 30);
insert into vigia values('Montijo', 31);
insert into vigia values('Sabugal', 32);
insert into vigia values('Maia', 33);
insert into vigia values('Vila Real', 34);
insert into vigia values('Horta', 35);
insert into vigia values('Aveiro', 36);
insert into vigia values('Monchique', 37);
insert into vigia values('Albufeira', 38);
insert into vigia values('Trancoso', 39);
insert into vigia values('Portalegre', 40);
insert into vigia values('Viana do Castelo', 41);
insert into vigia values('Oliveira do Hospital', 42);
insert into vigia values('Marzovelos', 43);
insert into vigia values('Estarreja', 44);
insert into vigia values('Lixa', 45);
insert into vigia values('Gouveia', 46);
insert into vigia values('Castro Daire', 47);
insert into vigia values('Faro', 48);
insert into vigia values('Guarda', 49);
insert into vigia values('Braga', 50);
insert into vigia values('Felgueiras', 51);
insert into vigia values('Pvoa de Varzim', 52);
insert into vigia values('Vila das Aves', 53);
insert into vigia values('Esmoriz', 54);
insert into vigia values('Funchal', 55);
insert into vigia values('Ftima', 56);
insert into vigia values('lhavo', 57);
insert into vigia values('Gondomar', 58);
insert into vigia values('Viana do Castelo', 59);
insert into vigia values('Lagoa', 60);
insert into vigia values('Ovar', 61);
insert into vigia values('Lisboa', 62);
insert into vigia values('Mirandela', 63);
insert into vigia values('Peniche', 64);
insert into vigia values('Barreiro', 65);
insert into vigia values('Beja', 66);
insert into vigia values('Viseu', 67);
insert into vigia values('Marco de Canavezes', 68);
insert into vigia values('Queluz', 69);
insert into vigia values('Fafe', 70);
insert into vigia values('Lagos', 71);
insert into vigia values('Vila Nova de Gaia', 72);
insert into vigia values('lhavo', 73);
insert into vigia values('Portalegre', 74);
insert into vigia values('Redondo', 75);
insert into vigia values('Redondo', 76);
insert into vigia values('Esmoriz', 77);
insert into vigia values('Seixal', 78);
insert into vigia values('Chaves', 79);
insert into vigia values('Penafiel', 80);
insert into vigia values('Montemor-o-Novo', 81);
insert into vigia values('Rio Maior', 82);
insert into vigia values('Olho', 83);
insert into vigia values('Castro Daire', 84);
insert into vigia values('Vila das Aves', 85);
insert into vigia values('Marco de Canavezes', 86);
insert into vigia values('Setbal', 87);
insert into vigia values('Gondomar', 88);
insert into vigia values('Vizela', 89);
insert into vigia values('Macedo de Cavaleiros', 90);
insert into vigia values('Silves', 91);
insert into vigia values('Praia da Vitria', 92);
insert into vigia values('Mirandela', 93);
insert into vigia values('Pvoa de Varzim', 94);
insert into vigia values('Lisboa', 95);
insert into vigia values('Maia', 96);
insert into vigia values('Sagres', 97);
insert into vigia values('Tavira', 98);
insert into vigia values('Fundo', 99);
insert into vigia values('Pinhel', 100);
insert into vigia values('Sagres', 101);



insert into processoSocorro values(0);
insert into processoSocorro values(1);
insert into processoSocorro values(2);
insert into processoSocorro values(3);
insert into processoSocorro values(4);
insert into processoSocorro values(5);
insert into processoSocorro values(6);
insert into processoSocorro values(7);
insert into processoSocorro values(8);
insert into processoSocorro values(9);
insert into processoSocorro values(10);
insert into processoSocorro values(11);
insert into processoSocorro values(12);
insert into processoSocorro values(13);
insert into processoSocorro values(14);
insert into processoSocorro values(15);
insert into processoSocorro values(16);
insert into processoSocorro values(17);
insert into processoSocorro values(18);
insert into processoSocorro values(19);
insert into processoSocorro values(20);
insert into processoSocorro values(21);
insert into processoSocorro values(22);
insert into processoSocorro values(23);
insert into processoSocorro values(24);
insert into processoSocorro values(25);
insert into processoSocorro values(26);
insert into processoSocorro values(27);
insert into processoSocorro values(28);
insert into processoSocorro values(29);
insert into processoSocorro values(30);
insert into processoSocorro values(31);
insert into processoSocorro values(32);
insert into processoSocorro values(33);
insert into processoSocorro values(34);
insert into processoSocorro values(35);
insert into processoSocorro values(36);
insert into processoSocorro values(37);
insert into processoSocorro values(38);
insert into processoSocorro values(39);
insert into processoSocorro values(40);
insert into processoSocorro values(41);
insert into processoSocorro values(42);
insert into processoSocorro values(43);
insert into processoSocorro values(44);
insert into processoSocorro values(45);
insert into processoSocorro values(46);
insert into processoSocorro values(47);
insert into processoSocorro values(48);
insert into processoSocorro values(49);
insert into processoSocorro values(50);
insert into processoSocorro values(51);
insert into processoSocorro values(52);
insert into processoSocorro values(53);
insert into processoSocorro values(54);
insert into processoSocorro values(55);
insert into processoSocorro values(56);
insert into processoSocorro values(57);
insert into processoSocorro values(58);
insert into processoSocorro values(59);
insert into processoSocorro values(60);
insert into processoSocorro values(61);
insert into processoSocorro values(62);
insert into processoSocorro values(63);
insert into processoSocorro values(64);
insert into processoSocorro values(65);
insert into processoSocorro values(66);
insert into processoSocorro values(67);
insert into processoSocorro values(68);
insert into processoSocorro values(69);
insert into processoSocorro values(70);
insert into processoSocorro values(71);
insert into processoSocorro values(72);
insert into processoSocorro values(73);
insert into processoSocorro values(74);
insert into processoSocorro values(75);
insert into processoSocorro values(76);
insert into processoSocorro values(77);
insert into processoSocorro values(78);
insert into processoSocorro values(79);
insert into processoSocorro values(80);
insert into processoSocorro values(81);
insert into processoSocorro values(82);
insert into processoSocorro values(83);
insert into processoSocorro values(84);
insert into processoSocorro values(85);
insert into processoSocorro values(86);
insert into processoSocorro values(87);
insert into processoSocorro values(88);
insert into processoSocorro values(89);
insert into processoSocorro values(90);
insert into processoSocorro values(91);
insert into processoSocorro values(92);
insert into processoSocorro values(93);
insert into processoSocorro values(94);
insert into processoSocorro values(95);
insert into processoSocorro values(96);
insert into processoSocorro values(97);
insert into processoSocorro values(98);
insert into processoSocorro values(99);
insert into processoSocorro values(100);
insert into processoSocorro values(101);



insert into eventoEmergencia values(960000000, '2017-10-29 03:40:43', 'Carolina', 'Moura', 0);
insert into eventoEmergencia values(960000001, '2018-05-05 07:19:26', 'Cristiano Ronaldo', 'Horta', 1);
insert into eventoEmergencia values(960000002, '2017-09-28 15:45:37', 'Maria', 'Lisboa', 2);
insert into eventoEmergencia values(960000003, '2018-11-18 08:21:44', 'Bruno Fernandes', 'Ericeira', 3);
insert into eventoEmergencia values(960000004, '2017-03-05 00:55:38', 'Ricardo', 'Lourosa', 4);
insert into eventoEmergencia values(960000005, '2017-01-22 00:39:09', 'Cristiano Ronaldo', 'Alfena', 5);
insert into eventoEmergencia values(960000006, '2016-05-26 11:12:50', 'Maria', 'Valongo', 6);
insert into eventoEmergencia values(960000007, '2018-10-04 03:49:35', 'Joo', 'Beja', 7);
insert into eventoEmergencia values(960000008, '2016-12-23 19:17:19', 'Maria', 'Viana do Castelo', 8);
insert into eventoEmergencia values(960000009, '2016-06-30 08:02:29', 'Miguel', 'So Pedro do Sul', 9);
insert into eventoEmergencia values(960000010, '2017-05-14 14:25:02', 'Maria', 'Mirandela', 10);
insert into eventoEmergencia values(960000011, '2017-10-31 19:07:58', 'Pedro', 'Santo Andr', 11);
insert into eventoEmergencia values(960000012, '2016-05-04 09:59:55', 'Marega', 'Lourosa', 12);
insert into eventoEmergencia values(960000013, '2016-03-07 05:32:59', 'Cames', 'Felgueiras', 13);
insert into eventoEmergencia values(960000014, '2018-12-07 22:15:01', 'Joana', 'Ericeira', 14);
insert into eventoEmergencia values(960000015, '2018-12-18 22:51:26', 'Joana', 'Sagres', 15);
insert into eventoEmergencia values(960000016, '2017-10-01 14:36:34', 'Jonas', 'Oliveira do Hospital', 16);
insert into eventoEmergencia values(960000017, '2018-07-11 05:42:07', 'Pedro', 'Queluz', 17);
insert into eventoEmergencia values(960000018, '2016-01-07 22:14:21', 'Pedro', 'Nazar', 18);
insert into eventoEmergencia values(960000019, '2017-02-06 14:45:30', 'Joo', 'Penafiel', 19);
insert into eventoEmergencia values(960000020, '2017-05-21 23:19:35', 'Maria', 'Loul', 20);
insert into eventoEmergencia values(960000021, '2017-03-16 15:40:05', 'Joo', 'Sagres', 21);
insert into eventoEmergencia values(960000022, '2016-04-28 23:36:40', 'der', 'Montijo', 22);
insert into eventoEmergencia values(960000023, '2017-04-12 18:14:46', 'Maria', 'Santa Cruz', 23);
insert into eventoEmergencia values(960000024, '2018-09-09 12:34:29', 'Bruno Fernandes', 'Vila Nova de Gaia', 24);
insert into eventoEmergencia values(960000025, '2017-10-12 23:27:06', 'Bruno Fernandes', 'Lamego', 25);
insert into eventoEmergencia values(960000026, '2016-03-28 01:54:53', 'Miguel', 'Braga', 26);
insert into eventoEmergencia values(960000027, '2016-10-03 20:59:56', 'Catarina', 'Tondela', 27);
insert into eventoEmergencia values(960000028, '2018-01-04 19:51:52', 'Cristiano Ronaldo', 'Coimbra', 28);
insert into eventoEmergencia values(960000029, '2017-03-29 14:42:11', 'Madalena', 'Amadora', 29);
insert into eventoEmergencia values(960000030, '2016-10-10 12:47:28', 'Sancidino', 'Espinho', 30);
insert into eventoEmergencia values(960000031, '2018-09-10 20:12:31', 'Marega', 'Silves', 31);
insert into eventoEmergencia values(960000032, '2017-05-17 03:42:52', 'Simo', 'Viseu', 32);
insert into eventoEmergencia values(960000033, '2018-03-01 03:34:11', 'Maria', 'Lourosa', 33);
insert into eventoEmergencia values(960000034, '2017-07-13 19:34:52', 'Joana', 'Fundo', 34);
insert into eventoEmergencia values(960000035, '2017-01-18 07:49:41', 'Lus', 'Queluz', 35);
insert into eventoEmergencia values(960000036, '2017-08-31 08:03:41', 'Joo', 'gueda', 36);
insert into eventoEmergencia values(960000037, '2017-02-03 17:05:58', 'Bruno Fernandes', 'Pinhel', 37);
insert into eventoEmergencia values(960000038, '2017-06-21 05:14:56', 'Cames', 'Santa Cruz', 38);
insert into eventoEmergencia values(960000039, '2016-02-24 18:21:54', 'Ricardo', 'Abrantes', 39);
insert into eventoEmergencia values(960000040, '2017-05-29 08:23:44', 'Cristiano Ronaldo', 'So Pedro do Sul', 40);
insert into eventoEmergencia values(960000041, '2018-05-28 18:31:46', 'Ricardo', 'Redondo', 41);
insert into eventoEmergencia values(960000042, '2017-06-20 12:25:26', 'Lus', 'vora', 42);
insert into eventoEmergencia values(960000043, '2017-05-14 10:02:03', 'Sancidino', 'Valongo', 43);
insert into eventoEmergencia values(960000044, '2018-04-12 07:03:57', 'Joana', 'Alvor', 44);
insert into eventoEmergencia values(960000045, '2017-09-09 02:31:59', 'Cames', 'Gouveia', 45);
insert into eventoEmergencia values(960000046, '2018-09-06 18:15:53', 'Carolina', 'Ribeira Grande', 46);
insert into eventoEmergencia values(960000047, '2016-10-30 22:27:09', 'Bruno Fernandes', 'Macedo de Cavaleiros', 47);
insert into eventoEmergencia values(960000048, '2017-04-23 05:40:20', 'Maria', 'Santana', 48);
insert into eventoEmergencia values(960000049, '2017-03-09 05:13:05', 'Sancidino', 'Cascais', 49);
insert into eventoEmergencia values(960000050, '2018-11-15 07:00:12', 'Rita', 'Ftima', 50);
insert into eventoEmergencia values(960000051, '2017-05-17 20:20:20', 'Cristiano Ronaldo', 'Alvor', 51);
insert into eventoEmergencia values(960000052, '2018-10-04 10:40:49', 'Marega', 'Lourosa', 52);
insert into eventoEmergencia values(960000053, '2017-03-19 02:45:35', 'Toms', 'Porto', 53);
insert into eventoEmergencia values(960000054, '2016-02-21 13:19:49', 'Maria', 'So Pedro do Sul', 54);
insert into eventoEmergencia values(960000055, '2018-09-08 06:56:26', 'Joana', 'Portimo', 55);
insert into eventoEmergencia values(960000056, '2016-12-29 15:06:44', 'Sancidino', 'Moura', 56);
insert into eventoEmergencia values(960000057, '2017-02-03 19:44:15', 'Marega', 'Praia da Vitria', 57);
insert into eventoEmergencia values(960000058, '2016-06-05 08:15:01', 'Madalena', 'Castro Daire', 58);
insert into eventoEmergencia values(960000059, '2017-09-08 22:38:48', 'Cristiano Ronaldo', 'Marzovelos', 59);
insert into eventoEmergencia values(960000060, '2016-09-24 10:50:05', 'Toms', 'Coina', 60);
insert into eventoEmergencia values(960000061, '2018-03-11 19:53:46', 'Ricardo', 'Machico', 61);
insert into eventoEmergencia values(960000062, '2016-02-27 02:57:53', 'Toms', 'Ftima', 62);
insert into eventoEmergencia values(960000063, '2016-04-24 02:06:31', 'Pedro', 'Redondo', 63);
insert into eventoEmergencia values(960000064, '2016-09-12 05:15:49', 'Margarida', 'Leiria', 64);
insert into eventoEmergencia values(960000065, '2018-05-30 04:59:55', 'Miguel', 'Aveiro', 65);
insert into eventoEmergencia values(960000066, '2017-07-14 16:11:48', 'Cames', 'Fundo', 66);
insert into eventoEmergencia values(960000067, '2018-01-01 05:16:01', 'Maria', 'Lamego', 67);
insert into eventoEmergencia values(960000068, '2017-10-17 07:59:34', 'Madalena', 'Lisboa', 68);
insert into eventoEmergencia values(960000069, '2018-08-07 22:37:38', 'Toms', 'Bragana', 69);
insert into eventoEmergencia values(960000070, '2016-08-10 21:59:43', 'Joo', 'Castro Daire', 70);
insert into eventoEmergencia values(960000071, '2018-06-14 15:37:08', 'Marega', 'Moura', 71);
insert into eventoEmergencia values(960000072, '2016-05-01 21:38:53', 'Margarida', 'Silves', 72);
insert into eventoEmergencia values(960000073, '2016-07-17 08:13:56', 'Joo', 'Olho', 73);
insert into eventoEmergencia values(960000074, '2017-12-11 17:40:02', 'Bruno Fernandes', 'Trofa', 74);
insert into eventoEmergencia values(960000075, '2018-02-17 16:33:35', 'Jonas', 'Santana', 75);
insert into eventoEmergencia values(960000076, '2018-12-21 15:32:16', 'Catarina', 'Marco de Canavezes', 76);
insert into eventoEmergencia values(960000077, '2016-03-22 03:49:32', 'Maria', 'Seixal', 77);
insert into eventoEmergencia values(960000078, '2016-07-12 11:39:42', 'Simo', 'Sintra', 78);
insert into eventoEmergencia values(960000079, '2018-01-22 07:10:08', 'Catarina', 'Santa Cruz', 79);
insert into eventoEmergencia values(960000080, '2017-01-02 00:07:15', 'Joo', 'Funchal', 80);
insert into eventoEmergencia values(960000081, '2016-06-13 22:42:25', 'der', 'Aveiro', 81);
insert into eventoEmergencia values(960000082, '2016-06-02 12:45:12', 'Margarida', 'Lixa', 82);
insert into eventoEmergencia values(960000083, '2016-08-22 09:22:55', 'Marega', 'Fundo', 83);
insert into eventoEmergencia values(960000084, '2017-01-20 18:09:57', 'Joo', 'Arcozelo', 84);
insert into eventoEmergencia values(960000085, '2018-12-05 10:24:24', 'der', 'Abrantes', 85);
insert into eventoEmergencia values(960000086, '2017-06-11 16:18:41', 'Catarina', 'Marco de Canavezes', 86);
insert into eventoEmergencia values(960000087, '2016-08-22 14:11:26', 'Margarida', 'Bragana', 87);
insert into eventoEmergencia values(960000088, '2018-03-03 16:42:10', 'Madalena', 'Elvas', 88);
insert into eventoEmergencia values(960000089, '2016-08-18 23:45:23', 'Toms', 'Vila Real', 89);
insert into eventoEmergencia values(960000090, '2018-05-15 15:35:03', 'Sancidino', 'Cartaxo', 90);
insert into eventoEmergencia values(960000091, '2017-05-04 02:40:20', 'Bruno Fernandes', 'Tomar', 91);
insert into eventoEmergencia values(960000092, '2016-11-24 14:06:37', 'Cristiano Ronaldo', 'lhavo', 92);
insert into eventoEmergencia values(960000093, '2016-05-17 17:44:14', 'Cames', 'Sines', 93);
insert into eventoEmergencia values(960000094, '2016-03-19 09:08:17', 'Cames', 'Horta', 94);
insert into eventoEmergencia values(960000095, '2018-09-30 07:21:58', 'Jonas', 'Espinho', 95);
insert into eventoEmergencia values(960000096, '2018-10-31 14:30:15', 'Bruno Fernandes', 'Ovar', 96);
insert into eventoEmergencia values(960000097, '2017-08-18 01:54:24', 'Carolina', 'Silves', 97);
insert into eventoEmergencia values(960000098, '2017-04-12 20:14:25', 'Miguel', 'Almada', 98);
insert into eventoEmergencia values(960000099, '2016-08-05 00:38:22', 'Maria', 'Sagres', 99);
insert into eventoEmergencia values(960000100, '2016-03-09 02:45:51', 'Madalena', 'Abrantes', 100);
insert into eventoEmergencia values(960000101, '2018-04-01 13:39:56', 'Ana', 'Loul', 101);
insert into eventoEmergencia values(960000102, '2016-04-02 22:57:15', 'der', 'Viana do Castelo', 0);
insert into eventoEmergencia values(960000103, '2018-04-07 03:17:32', 'Toms', 'Tondela', 1);
insert into eventoEmergencia values(960000104, '2018-09-02 13:34:05', 'Marega', 'Castro Daire', 2);
insert into eventoEmergencia values(960000105, '2018-10-29 09:31:16', 'der', 'Bragana', 3);
insert into eventoEmergencia values(960000106, '2017-09-17 06:16:06', 'Catarina', 'Sintra', 4);
insert into eventoEmergencia values(960000107, '2016-08-01 12:58:26', 'Pedro', 'Silves', 5);
insert into eventoEmergencia values(960000108, '2016-02-26 07:39:25', 'Margarida', 'Albufeira', 6);
insert into eventoEmergencia values(960000109, '2018-01-16 07:24:53', 'Cames', 'lhavo', 7);
insert into eventoEmergencia values(960000110, '2016-12-15 03:32:37', 'Marega', 'Coimbra', 8);
insert into eventoEmergencia values(960000111, '2016-02-09 21:02:10', 'Cristiano Ronaldo', 'Gondomar', 9);
insert into eventoEmergencia values(960000112, '2018-07-22 01:15:53', 'Marega', 'Ericeira', 10);
insert into eventoEmergencia values(960000113, '2017-02-04 15:56:51', 'Sancidino', 'Faro', 11);
insert into eventoEmergencia values(960000114, '2018-11-10 12:26:15', 'Pedro', 'Moura', 12);
insert into eventoEmergencia values(960000115, '2018-06-07 00:49:21', 'Miguel', 'Alfena', 13);
insert into eventoEmergencia values(960000116, '2017-04-30 00:51:21', 'Joana', 'Praia da Vitria', 14);
insert into eventoEmergencia values(960000117, '2016-05-16 18:57:44', 'Madalena', 'Sines', 15);
insert into eventoEmergencia values(960000118, '2018-01-28 04:22:40', 'Rita', 'Redondo', 16);
insert into eventoEmergencia values(960000119, '2017-10-23 20:37:32', 'Rita', 'Tomar', 17);
insert into eventoEmergencia values(960000120, '2018-03-24 09:58:47', 'Pedro', 'Barreiro', 18);
insert into eventoEmergencia values(960000121, '2016-05-31 17:02:45', 'Marega', 'Loul', 19);
insert into eventoEmergencia values(960000122, '2016-07-19 09:50:37', 'Margarida', 'Espinho', 20);
insert into eventoEmergencia values(960000123, '2017-12-28 09:20:42', 'Carolina', 'Santa Cruz', 21);
insert into eventoEmergencia values(960000124, '2017-11-25 06:12:15', 'Rita', 'Alfena', 22);
insert into eventoEmergencia values(960000125, '2018-04-16 18:11:02', 'Maria', 'Leiria', 23);
insert into eventoEmergencia values(960000126, '2018-08-19 21:07:39', 'Madalena', 'Aveiro', 24);
insert into eventoEmergencia values(960000127, '2017-12-28 06:25:41', 'Madalena', 'Gondomar', 25);
insert into eventoEmergencia values(960000128, '2016-11-04 04:28:48', 'Rita', 'Faro', 26);
insert into eventoEmergencia values(960000129, '2016-04-19 18:57:51', 'Marega', 'Viseu', 27);
insert into eventoEmergencia values(960000130, '2018-02-03 17:09:55', 'Lus', 'Pombal', 28);
insert into eventoEmergencia values(960000131, '2018-10-28 16:21:28', 'Marega', 'Redondo', 29);
insert into eventoEmergencia values(960000132, '2016-05-13 07:18:19', 'Simo', 'Rio Maior', 30);
insert into eventoEmergencia values(960000133, '2018-06-16 10:40:31', 'Madalena', 'Lourosa', 31);
insert into eventoEmergencia values(960000134, '2018-04-13 08:26:15', 'Jonas', 'Ribeira Grande', 32);
insert into eventoEmergencia values(960000135, '2017-07-29 03:22:07', 'Jonas', 'Lourosa', 33);
insert into eventoEmergencia values(960000136, '2018-07-12 15:07:24', 'Marega', 'Olho', 34);
insert into eventoEmergencia values(960000137, '2017-04-11 15:06:07', 'Joo', 'Viseu', 35);
insert into eventoEmergencia values(960000138, '2017-09-05 11:54:51', 'Maria', 'Alccer do Sal', 36);
insert into eventoEmergencia values(960000139, '2018-03-07 11:20:21', 'Cristiano Ronaldo', 'Albufeira', 37);
insert into eventoEmergencia values(960000140, '2016-02-15 12:00:27', 'Cristiano Ronaldo', 'Moura', 38);
insert into eventoEmergencia values(960000141, '2018-05-05 22:39:57', 'Cristiano Ronaldo', 'Fundo', 39);
insert into eventoEmergencia values(960000142, '2016-01-16 23:46:31', 'Miguel', 'Lagos', 40);
insert into eventoEmergencia values(960000143, '2018-11-27 21:08:01', 'Toms', 'Olho', 41);
insert into eventoEmergencia values(960000144, '2016-11-26 13:14:06', 'Ana', 'Vila Nova de Gaia', 42);
insert into eventoEmergencia values(960000145, '2017-03-26 15:25:14', 'Ana', 'Costa da Caparica', 43);
insert into eventoEmergencia values(960000146, '2017-03-31 02:27:39', 'Joana', 'Sines', 44);
insert into eventoEmergencia values(960000147, '2018-04-16 20:38:24', 'Catarina', 'Cascais', 45);
insert into eventoEmergencia values(960000148, '2016-09-09 08:24:17', 'Simo', 'Tomar', 46);
insert into eventoEmergencia values(960000149, '2018-11-16 02:08:56', 'Marega', 'Trofa', 47);



insert into entidadeMeio values('Bombeiros de Marco de Canavezes');
insert into entidadeMeio values('Junta de Freguesia de Fundo');
insert into entidadeMeio values('Polcia de Ovar');
insert into entidadeMeio values('Junta de Freguesia de Sagres');
insert into entidadeMeio values('Junta de Freguesia de Peniche');
insert into entidadeMeio values('Bombeiros de Lourosa');
insert into entidadeMeio values('Bombeiros de gueda');
insert into entidadeMeio values('Polcia de Trofa');
insert into entidadeMeio values('Bombeiros de Praia da Vitria');
insert into entidadeMeio values('Junta de Freguesia de Barreiro');
insert into entidadeMeio values('Bombeiros de Viana do Castelo');
insert into entidadeMeio values('Polcia de Santo Andr');
insert into entidadeMeio values('Junta de Freguesia de Pinhel');
insert into entidadeMeio values('Polcia de Viseu');
insert into entidadeMeio values('Bombeiros de Beja');
insert into entidadeMeio values('Junta de Freguesia de Queluz');
insert into entidadeMeio values('Polcia de Ftima');
insert into entidadeMeio values('Junta de Freguesia de Tondela');
insert into entidadeMeio values('Junta de Freguesia de Porto');
insert into entidadeMeio values('Polcia de Amadora');
insert into entidadeMeio values('Polcia de Funchal');
insert into entidadeMeio values('Bombeiros de Alcobaa');
insert into entidadeMeio values('Polcia de Mirandela');
insert into entidadeMeio values('Bombeiros de Ftima');
insert into entidadeMeio values('Bombeiros de Seixal');
insert into entidadeMeio values('Junta de Freguesia de Montijo');
insert into entidadeMeio values('Junta de Freguesia de Ovar');
insert into entidadeMeio values('Junta de Freguesia de lhavo');
insert into entidadeMeio values('Polcia de Costa da Caparica');
insert into entidadeMeio values('Polcia de Lamego');
insert into entidadeMeio values('Polcia de Lagos');
insert into entidadeMeio values('Polcia de Arcozelo');
insert into entidadeMeio values('Polcia de vora');
insert into entidadeMeio values('Bombeiros de Mes');
insert into entidadeMeio values('Polcia de Sabugal');
insert into entidadeMeio values('Junta de Freguesia de Praia da Vitria');
insert into entidadeMeio values('Bombeiros de Rio Maior');
insert into entidadeMeio values('Junta de Freguesia de Lagos');
insert into entidadeMeio values('Junta de Freguesia de Guarda');
insert into entidadeMeio values('Polcia de Silves');
insert into entidadeMeio values('Polcia de Abrantes');
insert into entidadeMeio values('Bombeiros de Vila das Aves');
insert into entidadeMeio values('Bombeiros de vora');
insert into entidadeMeio values('Bombeiros de lhavo');
insert into entidadeMeio values('Junta de Freguesia de Felgueiras');
insert into entidadeMeio values('Junta de Freguesia de Santo Andr');
insert into entidadeMeio values('Polcia de lhavo');
insert into entidadeMeio values('Bombeiros de Valongo');
insert into entidadeMeio values('Junta de Freguesia de Maia');
insert into entidadeMeio values('Polcia de Vila Nova de Gaia');
insert into entidadeMeio values('Bombeiros de Chaves');
insert into entidadeMeio values('Polcia de Lagoa');
insert into entidadeMeio values('Junta de Freguesia de Seia');
insert into entidadeMeio values('Bombeiros de Montemor-o-Novo');
insert into entidadeMeio values('Junta de Freguesia de Sintra');
insert into entidadeMeio values('Polcia de Montemor-o-Novo');
insert into entidadeMeio values('Bombeiros de Fundo');
insert into entidadeMeio values('Junta de Freguesia de Viana do Castelo');
insert into entidadeMeio values('Bombeiros de Ovar');
insert into entidadeMeio values('Bombeiros de Felgueiras');
insert into entidadeMeio values('Junta de Freguesia de Chaves');
insert into entidadeMeio values('Junta de Freguesia de Gondomar');
insert into entidadeMeio values('Junta de Freguesia de Redondo');
insert into entidadeMeio values('Junta de Freguesia de Loures');
insert into entidadeMeio values('Polcia de Vila Real');
insert into entidadeMeio values('Bombeiros de Arcozelo');
insert into entidadeMeio values('Polcia de Viana do Castelo');
insert into entidadeMeio values('Bombeiros de Bragana');
insert into entidadeMeio values('Polcia de Barreiro');
insert into entidadeMeio values('Junta de Freguesia de Alccer do Sal');
insert into entidadeMeio values('Bombeiros de Santana');
insert into entidadeMeio values('Polcia de Sintra');
insert into entidadeMeio values('Polcia de Porto');
insert into entidadeMeio values('Polcia de Maia');
insert into entidadeMeio values('Polcia de So Pedro do Sul');
insert into entidadeMeio values('Junta de Freguesia de Trofa');
insert into entidadeMeio values('Bombeiros de Penafiel');
insert into entidadeMeio values('Polcia de Peniche');
insert into entidadeMeio values('Junta de Freguesia de Lamego');
insert into entidadeMeio values('Bombeiros de Oliveira do Hospital');
insert into entidadeMeio values('Bombeiros de Lisboa');
insert into entidadeMeio values('Junta de Freguesia de Mirandela');
insert into entidadeMeio values('Polcia de Cartaxo');
insert into entidadeMeio values('Polcia de Oliveira do Hospital');
insert into entidadeMeio values('Polcia de gueda');
insert into entidadeMeio values('Junta de Freguesia de vora');
insert into entidadeMeio values('Bombeiros de Alcochete');
insert into entidadeMeio values('Polcia de Lourosa');
insert into entidadeMeio values('Bombeiros de Barreiro');
insert into entidadeMeio values('Polcia de Rio Maior');
insert into entidadeMeio values('Junta de Freguesia de Alcochete');
insert into entidadeMeio values('Bombeiros de Espinho');
insert into entidadeMeio values('Polcia de Machico');
insert into entidadeMeio values('Junta de Freguesia de Sines');
insert into entidadeMeio values('Bombeiros de Faro');
insert into entidadeMeio values('Bombeiros de Gondomar');
insert into entidadeMeio values('Bombeiros de Ribeira Grande');
insert into entidadeMeio values('Bombeiros de Esmoriz');
insert into entidadeMeio values('Junta de Freguesia de Marzovelos');
insert into entidadeMeio values('Polcia de Albufeira');
insert into entidadeMeio values('Bombeiros de Vila Nova de Gaia');
insert into entidadeMeio values('Junta de Freguesia de Portimo');



insert into meio values(0, 'Ambulncia', 'Bombeiros de Marco de Canavezes');
insert into meio values(1, 'Ambulncia', 'Bombeiros de Marco de Canavezes');
insert into meio values(2, 'Carrinha', 'Bombeiros de Marco de Canavezes');
insert into meio values(3, 'Camio', 'Bombeiros de Marco de Canavezes');
insert into meio values(4, 'Helicptero', 'Bombeiros de Marco de Canavezes');
insert into meio values(0, 'Carrinha', 'Junta de Freguesia de Fundo');
insert into meio values(1, 'Camio', 'Junta de Freguesia de Fundo');
insert into meio values(2, 'Camio', 'Junta de Freguesia de Fundo');
insert into meio values(3, 'Helicptero', 'Junta de Freguesia de Fundo');
insert into meio values(0, 'Camio', 'Polcia de Ovar');
insert into meio values(1, 'Camio', 'Polcia de Ovar');
insert into meio values(2, 'Camio', 'Polcia de Ovar');
insert into meio values(0, 'Ambulncia', 'Junta de Freguesia de Sagres');
insert into meio values(1, 'Ambulncia', 'Junta de Freguesia de Sagres');
insert into meio values(2, 'Carrinha', 'Junta de Freguesia de Sagres');
insert into meio values(0, 'Camio', 'Junta de Freguesia de Peniche');
insert into meio values(1, 'Camio', 'Junta de Freguesia de Peniche');
insert into meio values(2, 'Helicptero', 'Junta de Freguesia de Peniche');
insert into meio values(3, 'Camio', 'Junta de Freguesia de Peniche');
insert into meio values(0, 'Carrinha', 'Bombeiros de Lourosa');
insert into meio values(1, 'Carrinha', 'Bombeiros de Lourosa');
insert into meio values(2, 'Carrinha', 'Bombeiros de Lourosa');
insert into meio values(3, 'Ambulncia', 'Bombeiros de Lourosa');
insert into meio values(4, 'Ambulncia', 'Bombeiros de Lourosa');
insert into meio values(0, 'Camio', 'Bombeiros de gueda');
insert into meio values(1, 'Helicptero', 'Bombeiros de gueda');
insert into meio values(2, 'Helicptero', 'Bombeiros de gueda');
insert into meio values(3, 'Helicptero', 'Bombeiros de gueda');
insert into meio values(4, 'Ambulncia', 'Bombeiros de gueda');
insert into meio values(0, 'Carrinha', 'Polcia de Trofa');
insert into meio values(1, 'Helicptero', 'Polcia de Trofa');
insert into meio values(2, 'Camio', 'Polcia de Trofa');
insert into meio values(3, 'Helicptero', 'Polcia de Trofa');
insert into meio values(0, 'Carrinha', 'Bombeiros de Praia da Vitria');
insert into meio values(1, 'Carrinha', 'Bombeiros de Praia da Vitria');
insert into meio values(2, 'Ambulncia', 'Bombeiros de Praia da Vitria');
insert into meio values(3, 'Ambulncia', 'Bombeiros de Praia da Vitria');
insert into meio values(4, 'Camio', 'Bombeiros de Praia da Vitria');
insert into meio values(0, 'Camio', 'Junta de Freguesia de Barreiro');
insert into meio values(1, 'Helicptero', 'Junta de Freguesia de Barreiro');
insert into meio values(2, 'Ambulncia', 'Junta de Freguesia de Barreiro');
insert into meio values(3, 'Helicptero', 'Junta de Freguesia de Barreiro');
insert into meio values(0, 'Carrinha', 'Bombeiros de Viana do Castelo');
insert into meio values(1, 'Carrinha', 'Bombeiros de Viana do Castelo');
insert into meio values(2, 'Ambulncia', 'Bombeiros de Viana do Castelo');
insert into meio values(3, 'Camio', 'Bombeiros de Viana do Castelo');
insert into meio values(0, 'Helicptero', 'Polcia de Santo Andr');
insert into meio values(1, 'Ambulncia', 'Polcia de Santo Andr');
insert into meio values(2, 'Camio', 'Polcia de Santo Andr');
insert into meio values(3, 'Ambulncia', 'Polcia de Santo Andr');
insert into meio values(4, 'Ambulncia', 'Polcia de Santo Andr');
insert into meio values(0, 'Helicptero', 'Junta de Freguesia de Pinhel');
insert into meio values(1, 'Ambulncia', 'Junta de Freguesia de Pinhel');
insert into meio values(2, 'Camio', 'Junta de Freguesia de Pinhel');
insert into meio values(3, 'Camio', 'Junta de Freguesia de Pinhel');
insert into meio values(0, 'Helicptero', 'Polcia de Viseu');
insert into meio values(1, 'Camio', 'Polcia de Viseu');
insert into meio values(2, 'Helicptero', 'Polcia de Viseu');
insert into meio values(0, 'Helicptero', 'Bombeiros de Beja');
insert into meio values(1, 'Carrinha', 'Bombeiros de Beja');
insert into meio values(2, 'Ambulncia', 'Bombeiros de Beja');
insert into meio values(0, 'Carrinha', 'Junta de Freguesia de Queluz');
insert into meio values(1, 'Ambulncia', 'Junta de Freguesia de Queluz');
insert into meio values(2, 'Carrinha', 'Junta de Freguesia de Queluz');
insert into meio values(3, 'Camio', 'Junta de Freguesia de Queluz');
insert into meio values(4, 'Camio', 'Junta de Freguesia de Queluz');
insert into meio values(0, 'Camio', 'Polcia de Ftima');
insert into meio values(1, 'Ambulncia', 'Polcia de Ftima');
insert into meio values(2, 'Camio', 'Polcia de Ftima');
insert into meio values(3, 'Helicptero', 'Polcia de Ftima');
insert into meio values(0, 'Ambulncia', 'Junta de Freguesia de Tondela');
insert into meio values(1, 'Ambulncia', 'Junta de Freguesia de Tondela');
insert into meio values(2, 'Helicptero', 'Junta de Freguesia de Tondela');
insert into meio values(3, 'Helicptero', 'Junta de Freguesia de Tondela');
insert into meio values(0, 'Ambulncia', 'Junta de Freguesia de Porto');
insert into meio values(1, 'Helicptero', 'Junta de Freguesia de Porto');
insert into meio values(2, 'Helicptero', 'Junta de Freguesia de Porto');
insert into meio values(3, 'Camio', 'Junta de Freguesia de Porto');
insert into meio values(0, 'Carrinha', 'Polcia de Amadora');
insert into meio values(1, 'Camio', 'Polcia de Amadora');
insert into meio values(2, 'Helicptero', 'Polcia de Amadora');
insert into meio values(3, 'Ambulncia', 'Polcia de Amadora');
insert into meio values(4, 'Camio', 'Polcia de Amadora');
insert into meio values(0, 'Ambulncia', 'Polcia de Funchal');
insert into meio values(1, 'Ambulncia', 'Polcia de Funchal');
insert into meio values(2, 'Ambulncia', 'Polcia de Funchal');
insert into meio values(3, 'Camio', 'Polcia de Funchal');
insert into meio values(4, 'Carrinha', 'Polcia de Funchal');
insert into meio values(0, 'Camio', 'Bombeiros de Alcobaa');
insert into meio values(1, 'Carrinha', 'Bombeiros de Alcobaa');
insert into meio values(2, 'Camio', 'Bombeiros de Alcobaa');
insert into meio values(3, 'Carrinha', 'Bombeiros de Alcobaa');
insert into meio values(0, 'Helicptero', 'Polcia de Mirandela');
insert into meio values(1, 'Ambulncia', 'Polcia de Mirandela');
insert into meio values(2, 'Carrinha', 'Polcia de Mirandela');
insert into meio values(3, 'Carrinha', 'Polcia de Mirandela');
insert into meio values(0, 'Carrinha', 'Bombeiros de Ftima');
insert into meio values(1, 'Camio', 'Bombeiros de Ftima');
insert into meio values(2, 'Ambulncia', 'Bombeiros de Ftima');
insert into meio values(3, 'Helicptero', 'Bombeiros de Ftima');
insert into meio values(0, 'Camio', 'Bombeiros de Seixal');
insert into meio values(1, 'Helicptero', 'Bombeiros de Seixal');
insert into meio values(2, 'Camio', 'Bombeiros de Seixal');
insert into meio values(3, 'Ambulncia', 'Bombeiros de Seixal');
insert into meio values(4, 'Helicptero', 'Bombeiros de Seixal');
insert into meio values(0, 'Helicptero', 'Junta de Freguesia de Montijo');
insert into meio values(1, 'Ambulncia', 'Junta de Freguesia de Montijo');
insert into meio values(2, 'Carrinha', 'Junta de Freguesia de Montijo');
insert into meio values(0, 'Ambulncia', 'Junta de Freguesia de Ovar');
insert into meio values(1, 'Helicptero', 'Junta de Freguesia de Ovar');
insert into meio values(2, 'Camio', 'Junta de Freguesia de Ovar');
insert into meio values(3, 'Ambulncia', 'Junta de Freguesia de Ovar');
insert into meio values(4, 'Ambulncia', 'Junta de Freguesia de Ovar');
insert into meio values(0, 'Camio', 'Junta de Freguesia de lhavo');
insert into meio values(1, 'Ambulncia', 'Junta de Freguesia de lhavo');
insert into meio values(2, 'Helicptero', 'Junta de Freguesia de lhavo');
insert into meio values(3, 'Helicptero', 'Junta de Freguesia de lhavo');
insert into meio values(0, 'Helicptero', 'Polcia de Costa da Caparica');
insert into meio values(1, 'Carrinha', 'Polcia de Costa da Caparica');
insert into meio values(2, 'Carrinha', 'Polcia de Costa da Caparica');
insert into meio values(3, 'Camio', 'Polcia de Costa da Caparica');
insert into meio values(4, 'Helicptero', 'Polcia de Costa da Caparica');
insert into meio values(0, 'Ambulncia', 'Polcia de Lamego');
insert into meio values(1, 'Ambulncia', 'Polcia de Lamego');
insert into meio values(2, 'Carrinha', 'Polcia de Lamego');
insert into meio values(0, 'Carrinha', 'Polcia de Lagos');
insert into meio values(1, 'Ambulncia', 'Polcia de Lagos');
insert into meio values(2, 'Camio', 'Polcia de Lagos');
insert into meio values(0, 'Helicptero', 'Polcia de Arcozelo');
insert into meio values(1, 'Camio', 'Polcia de Arcozelo');
insert into meio values(2, 'Carrinha', 'Polcia de Arcozelo');
insert into meio values(3, 'Camio', 'Polcia de Arcozelo');
insert into meio values(4, 'Ambulncia', 'Polcia de Arcozelo');
insert into meio values(0, 'Helicptero', 'Polcia de vora');
insert into meio values(1, 'Helicptero', 'Polcia de vora');
insert into meio values(2, 'Helicptero', 'Polcia de vora');
insert into meio values(3, 'Camio', 'Polcia de vora');
insert into meio values(0, 'Carrinha', 'Bombeiros de Mes');
insert into meio values(1, 'Camio', 'Bombeiros de Mes');
insert into meio values(2, 'Camio', 'Bombeiros de Mes');
insert into meio values(3, 'Camio', 'Bombeiros de Mes');
insert into meio values(4, 'Carrinha', 'Bombeiros de Mes');
insert into meio values(0, 'Ambulncia', 'Polcia de Sabugal');
insert into meio values(1, 'Ambulncia', 'Polcia de Sabugal');
insert into meio values(2, 'Carrinha', 'Polcia de Sabugal');
insert into meio values(3, 'Carrinha', 'Polcia de Sabugal');
insert into meio values(0, 'Ambulncia', 'Junta de Freguesia de Praia da Vitria');
insert into meio values(1, 'Carrinha', 'Junta de Freguesia de Praia da Vitria');
insert into meio values(2, 'Ambulncia', 'Junta de Freguesia de Praia da Vitria');
insert into meio values(3, 'Helicptero', 'Junta de Freguesia de Praia da Vitria');
insert into meio values(4, 'Ambulncia', 'Junta de Freguesia de Praia da Vitria');
insert into meio values(0, 'Helicptero', 'Bombeiros de Rio Maior');
insert into meio values(1, 'Camio', 'Bombeiros de Rio Maior');
insert into meio values(2, 'Helicptero', 'Bombeiros de Rio Maior');
insert into meio values(3, 'Carrinha', 'Bombeiros de Rio Maior');
insert into meio values(4, 'Carrinha', 'Bombeiros de Rio Maior');
insert into meio values(0, 'Carrinha', 'Junta de Freguesia de Lagos');
insert into meio values(1, 'Camio', 'Junta de Freguesia de Lagos');
insert into meio values(2, 'Camio', 'Junta de Freguesia de Lagos');
insert into meio values(3, 'Ambulncia', 'Junta de Freguesia de Lagos');
insert into meio values(4, 'Camio', 'Junta de Freguesia de Lagos');
insert into meio values(0, 'Carrinha', 'Junta de Freguesia de Guarda');
insert into meio values(1, 'Ambulncia', 'Junta de Freguesia de Guarda');
insert into meio values(2, 'Helicptero', 'Junta de Freguesia de Guarda');
insert into meio values(3, 'Camio', 'Junta de Freguesia de Guarda');
insert into meio values(4, 'Carrinha', 'Junta de Freguesia de Guarda');
insert into meio values(0, 'Helicptero', 'Polcia de Silves');
insert into meio values(1, 'Camio', 'Polcia de Silves');
insert into meio values(2, 'Carrinha', 'Polcia de Silves');
insert into meio values(3, 'Camio', 'Polcia de Silves');
insert into meio values(4, 'Ambulncia', 'Polcia de Silves');
insert into meio values(0, 'Ambulncia', 'Polcia de Abrantes');
insert into meio values(1, 'Camio', 'Polcia de Abrantes');
insert into meio values(2, 'Ambulncia', 'Polcia de Abrantes');
insert into meio values(3, 'Carrinha', 'Polcia de Abrantes');
insert into meio values(0, 'Helicptero', 'Bombeiros de Vila das Aves');
insert into meio values(1, 'Carrinha', 'Bombeiros de Vila das Aves');
insert into meio values(2, 'Camio', 'Bombeiros de Vila das Aves');
insert into meio values(3, 'Camio', 'Bombeiros de Vila das Aves');
insert into meio values(0, 'Carrinha', 'Bombeiros de vora');
insert into meio values(1, 'Carrinha', 'Bombeiros de vora');
insert into meio values(2, 'Carrinha', 'Bombeiros de vora');
insert into meio values(3, 'Helicptero', 'Bombeiros de vora');
insert into meio values(4, 'Camio', 'Bombeiros de vora');
insert into meio values(0, 'Carrinha', 'Bombeiros de lhavo');
insert into meio values(1, 'Ambulncia', 'Bombeiros de lhavo');
insert into meio values(2, 'Carrinha', 'Bombeiros de lhavo');
insert into meio values(3, 'Ambulncia', 'Bombeiros de lhavo');
insert into meio values(4, 'Carrinha', 'Bombeiros de lhavo');
insert into meio values(0, 'Carrinha', 'Junta de Freguesia de Felgueiras');
insert into meio values(1, 'Camio', 'Junta de Freguesia de Felgueiras');
insert into meio values(2, 'Ambulncia', 'Junta de Freguesia de Felgueiras');
insert into meio values(3, 'Camio', 'Junta de Freguesia de Felgueiras');
insert into meio values(4, 'Carrinha', 'Junta de Freguesia de Felgueiras');
insert into meio values(0, 'Ambulncia', 'Junta de Freguesia de Santo Andr');
insert into meio values(1, 'Carrinha', 'Junta de Freguesia de Santo Andr');
insert into meio values(2, 'Camio', 'Junta de Freguesia de Santo Andr');
insert into meio values(3, 'Camio', 'Junta de Freguesia de Santo Andr');
insert into meio values(4, 'Ambulncia', 'Junta de Freguesia de Santo Andr');
insert into meio values(0, 'Ambulncia', 'Polcia de lhavo');
insert into meio values(1, 'Ambulncia', 'Polcia de lhavo');
insert into meio values(2, 'Carrinha', 'Polcia de lhavo');
insert into meio values(3, 'Helicptero', 'Polcia de lhavo');
insert into meio values(0, 'Carrinha', 'Bombeiros de Valongo');
insert into meio values(1, 'Ambulncia', 'Bombeiros de Valongo');
insert into meio values(2, 'Carrinha', 'Bombeiros de Valongo');
insert into meio values(3, 'Helicptero', 'Bombeiros de Valongo');
insert into meio values(0, 'Helicptero', 'Junta de Freguesia de Maia');
insert into meio values(1, 'Camio', 'Junta de Freguesia de Maia');
insert into meio values(2, 'Ambulncia', 'Junta de Freguesia de Maia');
insert into meio values(0, 'Helicptero', 'Polcia de Vila Nova de Gaia');
insert into meio values(1, 'Camio', 'Polcia de Vila Nova de Gaia');
insert into meio values(2, 'Helicptero', 'Polcia de Vila Nova de Gaia');
insert into meio values(0, 'Helicptero', 'Bombeiros de Chaves');
insert into meio values(1, 'Carrinha', 'Bombeiros de Chaves');
insert into meio values(2, 'Carrinha', 'Bombeiros de Chaves');
insert into meio values(3, 'Ambulncia', 'Bombeiros de Chaves');
insert into meio values(0, 'Camio', 'Polcia de Lagoa');
insert into meio values(1, 'Camio', 'Polcia de Lagoa');
insert into meio values(2, 'Ambulncia', 'Polcia de Lagoa');
insert into meio values(3, 'Helicptero', 'Polcia de Lagoa');
insert into meio values(0, 'Carrinha', 'Junta de Freguesia de Seia');
insert into meio values(1, 'Ambulncia', 'Junta de Freguesia de Seia');
insert into meio values(2, 'Carrinha', 'Junta de Freguesia de Seia');
insert into meio values(3, 'Ambulncia', 'Junta de Freguesia de Seia');
insert into meio values(4, 'Helicptero', 'Junta de Freguesia de Seia');
insert into meio values(0, 'Carrinha', 'Bombeiros de Montemor-o-Novo');
insert into meio values(1, 'Helicptero', 'Bombeiros de Montemor-o-Novo');
insert into meio values(2, 'Camio', 'Bombeiros de Montemor-o-Novo');
insert into meio values(0, 'Helicptero', 'Junta de Freguesia de Sintra');
insert into meio values(1, 'Carrinha', 'Junta de Freguesia de Sintra');
insert into meio values(2, 'Camio', 'Junta de Freguesia de Sintra');
insert into meio values(3, 'Carrinha', 'Junta de Freguesia de Sintra');
insert into meio values(4, 'Carrinha', 'Junta de Freguesia de Sintra');
insert into meio values(0, 'Camio', 'Polcia de Montemor-o-Novo');
insert into meio values(1, 'Carrinha', 'Polcia de Montemor-o-Novo');
insert into meio values(2, 'Helicptero', 'Polcia de Montemor-o-Novo');
insert into meio values(3, 'Carrinha', 'Polcia de Montemor-o-Novo');
insert into meio values(4, 'Ambulncia', 'Polcia de Montemor-o-Novo');
insert into meio values(0, 'Camio', 'Bombeiros de Fundo');
insert into meio values(1, 'Carrinha', 'Bombeiros de Fundo');
insert into meio values(2, 'Camio', 'Bombeiros de Fundo');
insert into meio values(3, 'Helicptero', 'Bombeiros de Fundo');
insert into meio values(0, 'Helicptero', 'Junta de Freguesia de Viana do Castelo');
insert into meio values(1, 'Helicptero', 'Junta de Freguesia de Viana do Castelo');
insert into meio values(2, 'Helicptero', 'Junta de Freguesia de Viana do Castelo');
insert into meio values(3, 'Ambulncia', 'Junta de Freguesia de Viana do Castelo');
insert into meio values(0, 'Camio', 'Bombeiros de Ovar');
insert into meio values(1, 'Ambulncia', 'Bombeiros de Ovar');
insert into meio values(2, 'Carrinha', 'Bombeiros de Ovar');
insert into meio values(3, 'Camio', 'Bombeiros de Ovar');
insert into meio values(4, 'Ambulncia', 'Bombeiros de Ovar');
insert into meio values(0, 'Helicptero', 'Bombeiros de Felgueiras');
insert into meio values(1, 'Camio', 'Bombeiros de Felgueiras');
insert into meio values(2, 'Helicptero', 'Bombeiros de Felgueiras');
insert into meio values(0, 'Helicptero', 'Junta de Freguesia de Chaves');
insert into meio values(1, 'Camio', 'Junta de Freguesia de Chaves');
insert into meio values(2, 'Camio', 'Junta de Freguesia de Chaves');
insert into meio values(0, 'Carrinha', 'Junta de Freguesia de Gondomar');
insert into meio values(1, 'Camio', 'Junta de Freguesia de Gondomar');
insert into meio values(2, 'Camio', 'Junta de Freguesia de Gondomar');
insert into meio values(0, 'Camio', 'Junta de Freguesia de Redondo');
insert into meio values(1, 'Camio', 'Junta de Freguesia de Redondo');
insert into meio values(2, 'Carrinha', 'Junta de Freguesia de Redondo');
insert into meio values(3, 'Ambulncia', 'Junta de Freguesia de Redondo');
insert into meio values(4, 'Camio', 'Junta de Freguesia de Redondo');
insert into meio values(0, 'Camio', 'Junta de Freguesia de Loures');
insert into meio values(1, 'Ambulncia', 'Junta de Freguesia de Loures');
insert into meio values(2, 'Camio', 'Junta de Freguesia de Loures');
insert into meio values(3, 'Helicptero', 'Junta de Freguesia de Loures');
insert into meio values(4, 'Carrinha', 'Junta de Freguesia de Loures');
insert into meio values(0, 'Carrinha', 'Polcia de Vila Real');
insert into meio values(1, 'Helicptero', 'Polcia de Vila Real');
insert into meio values(2, 'Carrinha', 'Polcia de Vila Real');
insert into meio values(3, 'Ambulncia', 'Polcia de Vila Real');
insert into meio values(0, 'Ambulncia', 'Bombeiros de Arcozelo');
insert into meio values(1, 'Ambulncia', 'Bombeiros de Arcozelo');
insert into meio values(2, 'Camio', 'Bombeiros de Arcozelo');
insert into meio values(3, 'Camio', 'Bombeiros de Arcozelo');
insert into meio values(0, 'Carrinha', 'Polcia de Viana do Castelo');
insert into meio values(1, 'Ambulncia', 'Polcia de Viana do Castelo');
insert into meio values(2, 'Carrinha', 'Polcia de Viana do Castelo');
insert into meio values(0, 'Ambulncia', 'Bombeiros de Bragana');
insert into meio values(1, 'Helicptero', 'Bombeiros de Bragana');
insert into meio values(2, 'Ambulncia', 'Bombeiros de Bragana');
insert into meio values(0, 'Carrinha', 'Polcia de Barreiro');
insert into meio values(1, 'Ambulncia', 'Polcia de Barreiro');
insert into meio values(2, 'Helicptero', 'Polcia de Barreiro');
insert into meio values(0, 'Carrinha', 'Junta de Freguesia de Alccer do Sal');
insert into meio values(1, 'Ambulncia', 'Junta de Freguesia de Alccer do Sal');
insert into meio values(2, 'Camio', 'Junta de Freguesia de Alccer do Sal');
insert into meio values(3, 'Camio', 'Junta de Freguesia de Alccer do Sal');
insert into meio values(0, 'Camio', 'Bombeiros de Santana');
insert into meio values(1, 'Ambulncia', 'Bombeiros de Santana');
insert into meio values(2, 'Camio', 'Bombeiros de Santana');
insert into meio values(3, 'Ambulncia', 'Bombeiros de Santana');
insert into meio values(4, 'Ambulncia', 'Bombeiros de Santana');
insert into meio values(0, 'Carrinha', 'Polcia de Sintra');
insert into meio values(1, 'Helicptero', 'Polcia de Sintra');
insert into meio values(2, 'Ambulncia', 'Polcia de Sintra');
insert into meio values(0, 'Camio', 'Polcia de Porto');
insert into meio values(1, 'Ambulncia', 'Polcia de Porto');
insert into meio values(2, 'Helicptero', 'Polcia de Porto');
insert into meio values(3, 'Helicptero', 'Polcia de Porto');
insert into meio values(0, 'Camio', 'Polcia de Maia');
insert into meio values(1, 'Helicptero', 'Polcia de Maia');
insert into meio values(2, 'Ambulncia', 'Polcia de Maia');
insert into meio values(3, 'Ambulncia', 'Polcia de Maia');
insert into meio values(0, 'Camio', 'Polcia de So Pedro do Sul');
insert into meio values(1, 'Helicptero', 'Polcia de So Pedro do Sul');
insert into meio values(2, 'Helicptero', 'Polcia de So Pedro do Sul');
insert into meio values(3, 'Camio', 'Polcia de So Pedro do Sul');
insert into meio values(4, 'Camio', 'Polcia de So Pedro do Sul');
insert into meio values(0, 'Carrinha', 'Junta de Freguesia de Trofa');
insert into meio values(1, 'Helicptero', 'Junta de Freguesia de Trofa');
insert into meio values(2, 'Helicptero', 'Junta de Freguesia de Trofa');
insert into meio values(0, 'Ambulncia', 'Bombeiros de Penafiel');
insert into meio values(1, 'Carrinha', 'Bombeiros de Penafiel');
insert into meio values(2, 'Camio', 'Bombeiros de Penafiel');
insert into meio values(3, 'Carrinha', 'Bombeiros de Penafiel');
insert into meio values(0, 'Carrinha', 'Polcia de Peniche');
insert into meio values(1, 'Ambulncia', 'Polcia de Peniche');
insert into meio values(2, 'Camio', 'Polcia de Peniche');
insert into meio values(3, 'Ambulncia', 'Polcia de Peniche');
insert into meio values(4, 'Camio', 'Polcia de Peniche');
insert into meio values(0, 'Carrinha', 'Junta de Freguesia de Lamego');
insert into meio values(1, 'Helicptero', 'Junta de Freguesia de Lamego');
insert into meio values(2, 'Ambulncia', 'Junta de Freguesia de Lamego');
insert into meio values(3, 'Camio', 'Junta de Freguesia de Lamego');
insert into meio values(0, 'Ambulncia', 'Bombeiros de Oliveira do Hospital');
insert into meio values(1, 'Carrinha', 'Bombeiros de Oliveira do Hospital');
insert into meio values(2, 'Ambulncia', 'Bombeiros de Oliveira do Hospital');
insert into meio values(0, 'Carrinha', 'Bombeiros de Lisboa');
insert into meio values(1, 'Carrinha', 'Bombeiros de Lisboa');
insert into meio values(2, 'Camio', 'Bombeiros de Lisboa');
insert into meio values(3, 'Ambulncia', 'Bombeiros de Lisboa');
insert into meio values(4, 'Carrinha', 'Bombeiros de Lisboa');
insert into meio values(0, 'Ambulncia', 'Junta de Freguesia de Mirandela');
insert into meio values(1, 'Carrinha', 'Junta de Freguesia de Mirandela');
insert into meio values(2, 'Ambulncia', 'Junta de Freguesia de Mirandela');
insert into meio values(0, 'Ambulncia', 'Polcia de Cartaxo');
insert into meio values(1, 'Camio', 'Polcia de Cartaxo');
insert into meio values(2, 'Carrinha', 'Polcia de Cartaxo');
insert into meio values(0, 'Ambulncia', 'Polcia de Oliveira do Hospital');
insert into meio values(1, 'Carrinha', 'Polcia de Oliveira do Hospital');
insert into meio values(2, 'Helicptero', 'Polcia de Oliveira do Hospital');
insert into meio values(3, 'Camio', 'Polcia de Oliveira do Hospital');
insert into meio values(4, 'Ambulncia', 'Polcia de Oliveira do Hospital');
insert into meio values(0, 'Ambulncia', 'Polcia de gueda');
insert into meio values(1, 'Ambulncia', 'Polcia de gueda');
insert into meio values(2, 'Camio', 'Polcia de gueda');
insert into meio values(3, 'Ambulncia', 'Polcia de gueda');
insert into meio values(0, 'Ambulncia', 'Junta de Freguesia de vora');
insert into meio values(1, 'Ambulncia', 'Junta de Freguesia de vora');
insert into meio values(2, 'Helicptero', 'Junta de Freguesia de vora');
insert into meio values(0, 'Camio', 'Bombeiros de Alcochete');
insert into meio values(1, 'Ambulncia', 'Bombeiros de Alcochete');
insert into meio values(2, 'Carrinha', 'Bombeiros de Alcochete');
insert into meio values(3, 'Camio', 'Bombeiros de Alcochete');
insert into meio values(4, 'Camio', 'Bombeiros de Alcochete');
insert into meio values(0, 'Helicptero', 'Polcia de Lourosa');
insert into meio values(1, 'Carrinha', 'Polcia de Lourosa');
insert into meio values(2, 'Helicptero', 'Polcia de Lourosa');
insert into meio values(3, 'Carrinha', 'Polcia de Lourosa');
insert into meio values(4, 'Helicptero', 'Polcia de Lourosa');
insert into meio values(0, 'Ambulncia', 'Bombeiros de Barreiro');
insert into meio values(1, 'Helicptero', 'Bombeiros de Barreiro');
insert into meio values(2, 'Carrinha', 'Bombeiros de Barreiro');
insert into meio values(0, 'Camio', 'Polcia de Rio Maior');
insert into meio values(1, 'Carrinha', 'Polcia de Rio Maior');
insert into meio values(2, 'Camio', 'Polcia de Rio Maior');
insert into meio values(3, 'Ambulncia', 'Polcia de Rio Maior');
insert into meio values(4, 'Carrinha', 'Polcia de Rio Maior');
insert into meio values(0, 'Ambulncia', 'Junta de Freguesia de Alcochete');
insert into meio values(1, 'Camio', 'Junta de Freguesia de Alcochete');
insert into meio values(2, 'Ambulncia', 'Junta de Freguesia de Alcochete');
insert into meio values(3, 'Helicptero', 'Junta de Freguesia de Alcochete');
insert into meio values(4, 'Helicptero', 'Junta de Freguesia de Alcochete');
insert into meio values(0, 'Helicptero', 'Bombeiros de Espinho');
insert into meio values(1, 'Camio', 'Bombeiros de Espinho');
insert into meio values(2, 'Helicptero', 'Bombeiros de Espinho');
insert into meio values(3, 'Helicptero', 'Bombeiros de Espinho');
insert into meio values(0, 'Camio', 'Polcia de Machico');
insert into meio values(1, 'Camio', 'Polcia de Machico');
insert into meio values(2, 'Helicptero', 'Polcia de Machico');
insert into meio values(3, 'Helicptero', 'Polcia de Machico');
insert into meio values(0, 'Ambulncia', 'Junta de Freguesia de Sines');
insert into meio values(1, 'Carrinha', 'Junta de Freguesia de Sines');
insert into meio values(2, 'Carrinha', 'Junta de Freguesia de Sines');
insert into meio values(0, 'Camio', 'Bombeiros de Faro');
insert into meio values(1, 'Camio', 'Bombeiros de Faro');
insert into meio values(2, 'Camio', 'Bombeiros de Faro');
insert into meio values(3, 'Helicptero', 'Bombeiros de Faro');
insert into meio values(4, 'Camio', 'Bombeiros de Faro');
insert into meio values(0, 'Ambulncia', 'Bombeiros de Gondomar');
insert into meio values(1, 'Carrinha', 'Bombeiros de Gondomar');
insert into meio values(2, 'Helicptero', 'Bombeiros de Gondomar');
insert into meio values(3, 'Ambulncia', 'Bombeiros de Gondomar');
insert into meio values(0, 'Camio', 'Bombeiros de Ribeira Grande');
insert into meio values(1, 'Ambulncia', 'Bombeiros de Ribeira Grande');
insert into meio values(2, 'Helicptero', 'Bombeiros de Ribeira Grande');
insert into meio values(3, 'Carrinha', 'Bombeiros de Ribeira Grande');
insert into meio values(4, 'Helicptero', 'Bombeiros de Ribeira Grande');
insert into meio values(0, 'Ambulncia', 'Bombeiros de Esmoriz');
insert into meio values(1, 'Camio', 'Bombeiros de Esmoriz');
insert into meio values(2, 'Camio', 'Bombeiros de Esmoriz');
insert into meio values(0, 'Camio', 'Junta de Freguesia de Marzovelos');
insert into meio values(1, 'Carrinha', 'Junta de Freguesia de Marzovelos');
insert into meio values(2, 'Camio', 'Junta de Freguesia de Marzovelos');
insert into meio values(3, 'Camio', 'Junta de Freguesia de Marzovelos');
insert into meio values(0, 'Helicptero', 'Polcia de Albufeira');
insert into meio values(1, 'Carrinha', 'Polcia de Albufeira');
insert into meio values(2, 'Camio', 'Polcia de Albufeira');
insert into meio values(0, 'Helicptero', 'Bombeiros de Vila Nova de Gaia');
insert into meio values(1, 'Ambulncia', 'Bombeiros de Vila Nova de Gaia');
insert into meio values(2, 'Helicptero', 'Bombeiros de Vila Nova de Gaia');
insert into meio values(0, 'Ambulncia', 'Junta de Freguesia de Portimo');
insert into meio values(1, 'Helicptero', 'Junta de Freguesia de Portimo');
insert into meio values(2, 'Ambulncia', 'Junta de Freguesia de Portimo');
insert into meio values(3, 'Camio', 'Junta de Freguesia de Portimo');



insert into meioCombate values(0, 'Bombeiros de Marco de Canavezes');
insert into meioCombate values(3, 'Bombeiros de Marco de Canavezes');
insert into meioCombate values(0, 'Junta de Freguesia de Fundo');
insert into meioCombate values(3, 'Junta de Freguesia de Fundo');
insert into meioCombate values(0, 'Polcia de Ovar');
insert into meioCombate values(0, 'Junta de Freguesia de Sagres');
insert into meioCombate values(0, 'Junta de Freguesia de Peniche');
insert into meioCombate values(3, 'Junta de Freguesia de Peniche');
insert into meioCombate values(0, 'Bombeiros de Lourosa');
insert into meioCombate values(3, 'Bombeiros de Lourosa');
insert into meioCombate values(0, 'Bombeiros de gueda');
insert into meioCombate values(3, 'Bombeiros de gueda');
insert into meioCombate values(0, 'Polcia de Trofa');
insert into meioCombate values(3, 'Polcia de Trofa');
insert into meioCombate values(0, 'Bombeiros de Praia da Vitria');
insert into meioCombate values(3, 'Bombeiros de Praia da Vitria');
insert into meioCombate values(0, 'Junta de Freguesia de Barreiro');
insert into meioCombate values(3, 'Junta de Freguesia de Barreiro');
insert into meioCombate values(0, 'Bombeiros de Viana do Castelo');
insert into meioCombate values(3, 'Bombeiros de Viana do Castelo');
insert into meioCombate values(0, 'Polcia de Santo Andr');
insert into meioCombate values(3, 'Polcia de Santo Andr');
insert into meioCombate values(0, 'Junta de Freguesia de Pinhel');
insert into meioCombate values(3, 'Junta de Freguesia de Pinhel');
insert into meioCombate values(0, 'Polcia de Viseu');
insert into meioCombate values(0, 'Bombeiros de Beja');
insert into meioCombate values(0, 'Junta de Freguesia de Queluz');
insert into meioCombate values(3, 'Junta de Freguesia de Queluz');
insert into meioCombate values(0, 'Polcia de Ftima');
insert into meioCombate values(3, 'Polcia de Ftima');
insert into meioCombate values(0, 'Junta de Freguesia de Tondela');
insert into meioCombate values(3, 'Junta de Freguesia de Tondela');
insert into meioCombate values(0, 'Junta de Freguesia de Porto');
insert into meioCombate values(3, 'Junta de Freguesia de Porto');
insert into meioCombate values(0, 'Polcia de Amadora');
insert into meioCombate values(3, 'Polcia de Amadora');
insert into meioCombate values(0, 'Polcia de Funchal');
insert into meioCombate values(3, 'Polcia de Funchal');
insert into meioCombate values(0, 'Bombeiros de Alcobaa');
insert into meioCombate values(3, 'Bombeiros de Alcobaa');
insert into meioCombate values(0, 'Polcia de Mirandela');
insert into meioCombate values(3, 'Polcia de Mirandela');
insert into meioCombate values(0, 'Bombeiros de Ftima');
insert into meioCombate values(3, 'Bombeiros de Ftima');
insert into meioCombate values(0, 'Bombeiros de Seixal');
insert into meioCombate values(3, 'Bombeiros de Seixal');
insert into meioCombate values(0, 'Junta de Freguesia de Montijo');
insert into meioCombate values(0, 'Junta de Freguesia de Ovar');
insert into meioCombate values(3, 'Junta de Freguesia de Ovar');
insert into meioCombate values(0, 'Junta de Freguesia de lhavo');
insert into meioCombate values(3, 'Junta de Freguesia de lhavo');
insert into meioCombate values(0, 'Polcia de Costa da Caparica');
insert into meioCombate values(3, 'Polcia de Costa da Caparica');
insert into meioCombate values(0, 'Polcia de Lamego');
insert into meioCombate values(0, 'Polcia de Lagos');
insert into meioCombate values(0, 'Polcia de Arcozelo');
insert into meioCombate values(3, 'Polcia de Arcozelo');
insert into meioCombate values(0, 'Polcia de vora');
insert into meioCombate values(3, 'Polcia de vora');
insert into meioCombate values(0, 'Bombeiros de Mes');
insert into meioCombate values(3, 'Bombeiros de Mes');
insert into meioCombate values(0, 'Polcia de Sabugal');
insert into meioCombate values(3, 'Polcia de Sabugal');
insert into meioCombate values(0, 'Junta de Freguesia de Praia da Vitria');
insert into meioCombate values(3, 'Junta de Freguesia de Praia da Vitria');
insert into meioCombate values(0, 'Bombeiros de Rio Maior');
insert into meioCombate values(3, 'Bombeiros de Rio Maior');
insert into meioCombate values(0, 'Junta de Freguesia de Lagos');
insert into meioCombate values(3, 'Junta de Freguesia de Lagos');
insert into meioCombate values(0, 'Junta de Freguesia de Guarda');
insert into meioCombate values(3, 'Junta de Freguesia de Guarda');
insert into meioCombate values(0, 'Polcia de Silves');
insert into meioCombate values(3, 'Polcia de Silves');
insert into meioCombate values(0, 'Polcia de Abrantes');
insert into meioCombate values(3, 'Polcia de Abrantes');
insert into meioCombate values(0, 'Bombeiros de Vila das Aves');
insert into meioCombate values(3, 'Bombeiros de Vila das Aves');
insert into meioCombate values(0, 'Bombeiros de vora');
insert into meioCombate values(3, 'Bombeiros de vora');
insert into meioCombate values(0, 'Bombeiros de lhavo');
insert into meioCombate values(3, 'Bombeiros de lhavo');
insert into meioCombate values(0, 'Junta de Freguesia de Felgueiras');
insert into meioCombate values(3, 'Junta de Freguesia de Felgueiras');
insert into meioCombate values(0, 'Junta de Freguesia de Santo Andr');
insert into meioCombate values(3, 'Junta de Freguesia de Santo Andr');
insert into meioCombate values(0, 'Polcia de lhavo');
insert into meioCombate values(3, 'Polcia de lhavo');
insert into meioCombate values(0, 'Bombeiros de Valongo');
insert into meioCombate values(3, 'Bombeiros de Valongo');
insert into meioCombate values(0, 'Junta de Freguesia de Maia');
insert into meioCombate values(0, 'Polcia de Vila Nova de Gaia');
insert into meioCombate values(0, 'Bombeiros de Chaves');
insert into meioCombate values(3, 'Bombeiros de Chaves');
insert into meioCombate values(0, 'Polcia de Lagoa');
insert into meioCombate values(3, 'Polcia de Lagoa');
insert into meioCombate values(0, 'Junta de Freguesia de Seia');
insert into meioCombate values(3, 'Junta de Freguesia de Seia');
insert into meioCombate values(0, 'Bombeiros de Montemor-o-Novo');
insert into meioCombate values(0, 'Junta de Freguesia de Sintra');
insert into meioCombate values(3, 'Junta de Freguesia de Sintra');
insert into meioCombate values(0, 'Polcia de Montemor-o-Novo');
insert into meioCombate values(3, 'Polcia de Montemor-o-Novo');
insert into meioCombate values(0, 'Bombeiros de Fundo');
insert into meioCombate values(3, 'Bombeiros de Fundo');
insert into meioCombate values(0, 'Junta de Freguesia de Viana do Castelo');
insert into meioCombate values(3, 'Junta de Freguesia de Viana do Castelo');
insert into meioCombate values(0, 'Bombeiros de Ovar');
insert into meioCombate values(3, 'Bombeiros de Ovar');
insert into meioCombate values(0, 'Bombeiros de Felgueiras');
insert into meioCombate values(0, 'Junta de Freguesia de Chaves');
insert into meioCombate values(0, 'Junta de Freguesia de Gondomar');
insert into meioCombate values(0, 'Junta de Freguesia de Redondo');
insert into meioCombate values(3, 'Junta de Freguesia de Redondo');
insert into meioCombate values(0, 'Junta de Freguesia de Loures');
insert into meioCombate values(3, 'Junta de Freguesia de Loures');
insert into meioCombate values(0, 'Polcia de Vila Real');
insert into meioCombate values(3, 'Polcia de Vila Real');
insert into meioCombate values(0, 'Bombeiros de Arcozelo');
insert into meioCombate values(3, 'Bombeiros de Arcozelo');
insert into meioCombate values(0, 'Polcia de Viana do Castelo');
insert into meioCombate values(0, 'Bombeiros de Bragana');
insert into meioCombate values(0, 'Polcia de Barreiro');
insert into meioCombate values(0, 'Junta de Freguesia de Alccer do Sal');
insert into meioCombate values(3, 'Junta de Freguesia de Alccer do Sal');
insert into meioCombate values(0, 'Bombeiros de Santana');
insert into meioCombate values(3, 'Bombeiros de Santana');
insert into meioCombate values(0, 'Polcia de Sintra');
insert into meioCombate values(0, 'Polcia de Porto');
insert into meioCombate values(3, 'Polcia de Porto');
insert into meioCombate values(0, 'Polcia de Maia');
insert into meioCombate values(3, 'Polcia de Maia');
insert into meioCombate values(0, 'Polcia de So Pedro do Sul');
insert into meioCombate values(3, 'Polcia de So Pedro do Sul');
insert into meioCombate values(0, 'Junta de Freguesia de Trofa');
insert into meioCombate values(0, 'Bombeiros de Penafiel');
insert into meioCombate values(3, 'Bombeiros de Penafiel');
insert into meioCombate values(0, 'Polcia de Peniche');
insert into meioCombate values(3, 'Polcia de Peniche');
insert into meioCombate values(0, 'Junta de Freguesia de Lamego');
insert into meioCombate values(3, 'Junta de Freguesia de Lamego');
insert into meioCombate values(0, 'Bombeiros de Oliveira do Hospital');
insert into meioCombate values(0, 'Bombeiros de Lisboa');
insert into meioCombate values(3, 'Bombeiros de Lisboa');
insert into meioCombate values(0, 'Junta de Freguesia de Mirandela');
insert into meioCombate values(0, 'Polcia de Cartaxo');
insert into meioCombate values(0, 'Polcia de Oliveira do Hospital');
insert into meioCombate values(3, 'Polcia de Oliveira do Hospital');
insert into meioCombate values(0, 'Polcia de gueda');
insert into meioCombate values(3, 'Polcia de gueda');
insert into meioCombate values(0, 'Junta de Freguesia de vora');
insert into meioCombate values(0, 'Bombeiros de Alcochete');
insert into meioCombate values(3, 'Bombeiros de Alcochete');
insert into meioCombate values(0, 'Polcia de Lourosa');
insert into meioCombate values(3, 'Polcia de Lourosa');
insert into meioCombate values(0, 'Bombeiros de Barreiro');
insert into meioCombate values(0, 'Polcia de Rio Maior');
insert into meioCombate values(3, 'Polcia de Rio Maior');
insert into meioCombate values(0, 'Junta de Freguesia de Alcochete');
insert into meioCombate values(3, 'Junta de Freguesia de Alcochete');
insert into meioCombate values(0, 'Bombeiros de Espinho');
insert into meioCombate values(3, 'Bombeiros de Espinho');
insert into meioCombate values(0, 'Polcia de Machico');
insert into meioCombate values(3, 'Polcia de Machico');
insert into meioCombate values(0, 'Junta de Freguesia de Sines');
insert into meioCombate values(0, 'Bombeiros de Faro');
insert into meioCombate values(3, 'Bombeiros de Faro');
insert into meioCombate values(0, 'Bombeiros de Gondomar');
insert into meioCombate values(3, 'Bombeiros de Gondomar');
insert into meioCombate values(0, 'Bombeiros de Ribeira Grande');
insert into meioCombate values(3, 'Bombeiros de Ribeira Grande');
insert into meioCombate values(0, 'Bombeiros de Esmoriz');
insert into meioCombate values(0, 'Junta de Freguesia de Marzovelos');
insert into meioCombate values(3, 'Junta de Freguesia de Marzovelos');
insert into meioCombate values(0, 'Polcia de Albufeira');
insert into meioCombate values(0, 'Bombeiros de Vila Nova de Gaia');
insert into meioCombate values(0, 'Junta de Freguesia de Portimo');
insert into meioCombate values(3, 'Junta de Freguesia de Portimo');



insert into meioApoio values(1, 'Bombeiros de Marco de Canavezes');
insert into meioApoio values(4, 'Bombeiros de Marco de Canavezes');
insert into meioApoio values(1, 'Junta de Freguesia de Fundo');
insert into meioApoio values(1, 'Polcia de Ovar');
insert into meioApoio values(1, 'Junta de Freguesia de Sagres');
insert into meioApoio values(1, 'Junta de Freguesia de Peniche');
insert into meioApoio values(1, 'Bombeiros de Lourosa');
insert into meioApoio values(4, 'Bombeiros de Lourosa');
insert into meioApoio values(1, 'Bombeiros de gueda');
insert into meioApoio values(4, 'Bombeiros de gueda');
insert into meioApoio values(1, 'Polcia de Trofa');
insert into meioApoio values(1, 'Bombeiros de Praia da Vitria');
insert into meioApoio values(4, 'Bombeiros de Praia da Vitria');
insert into meioApoio values(1, 'Junta de Freguesia de Barreiro');
insert into meioApoio values(1, 'Bombeiros de Viana do Castelo');
insert into meioApoio values(1, 'Polcia de Santo Andr');
insert into meioApoio values(4, 'Polcia de Santo Andr');
insert into meioApoio values(1, 'Junta de Freguesia de Pinhel');
insert into meioApoio values(1, 'Polcia de Viseu');
insert into meioApoio values(1, 'Bombeiros de Beja');
insert into meioApoio values(1, 'Junta de Freguesia de Queluz');
insert into meioApoio values(4, 'Junta de Freguesia de Queluz');
insert into meioApoio values(1, 'Polcia de Ftima');
insert into meioApoio values(1, 'Junta de Freguesia de Tondela');
insert into meioApoio values(1, 'Junta de Freguesia de Porto');
insert into meioApoio values(1, 'Polcia de Amadora');
insert into meioApoio values(4, 'Polcia de Amadora');
insert into meioApoio values(1, 'Polcia de Funchal');
insert into meioApoio values(4, 'Polcia de Funchal');
insert into meioApoio values(1, 'Bombeiros de Alcobaa');
insert into meioApoio values(1, 'Polcia de Mirandela');
insert into meioApoio values(1, 'Bombeiros de Ftima');
insert into meioApoio values(1, 'Bombeiros de Seixal');
insert into meioApoio values(4, 'Bombeiros de Seixal');
insert into meioApoio values(1, 'Junta de Freguesia de Montijo');
insert into meioApoio values(1, 'Junta de Freguesia de Ovar');
insert into meioApoio values(4, 'Junta de Freguesia de Ovar');
insert into meioApoio values(1, 'Junta de Freguesia de lhavo');
insert into meioApoio values(1, 'Polcia de Costa da Caparica');
insert into meioApoio values(4, 'Polcia de Costa da Caparica');
insert into meioApoio values(1, 'Polcia de Lamego');
insert into meioApoio values(1, 'Polcia de Lagos');
insert into meioApoio values(1, 'Polcia de Arcozelo');
insert into meioApoio values(4, 'Polcia de Arcozelo');
insert into meioApoio values(1, 'Polcia de vora');
insert into meioApoio values(1, 'Bombeiros de Mes');
insert into meioApoio values(4, 'Bombeiros de Mes');
insert into meioApoio values(1, 'Polcia de Sabugal');
insert into meioApoio values(1, 'Junta de Freguesia de Praia da Vitria');
insert into meioApoio values(4, 'Junta de Freguesia de Praia da Vitria');
insert into meioApoio values(1, 'Bombeiros de Rio Maior');
insert into meioApoio values(4, 'Bombeiros de Rio Maior');
insert into meioApoio values(1, 'Junta de Freguesia de Lagos');
insert into meioApoio values(4, 'Junta de Freguesia de Lagos');
insert into meioApoio values(1, 'Junta de Freguesia de Guarda');
insert into meioApoio values(4, 'Junta de Freguesia de Guarda');
insert into meioApoio values(1, 'Polcia de Silves');
insert into meioApoio values(4, 'Polcia de Silves');
insert into meioApoio values(1, 'Polcia de Abrantes');
insert into meioApoio values(1, 'Bombeiros de Vila das Aves');
insert into meioApoio values(1, 'Bombeiros de vora');
insert into meioApoio values(4, 'Bombeiros de vora');
insert into meioApoio values(1, 'Bombeiros de lhavo');
insert into meioApoio values(4, 'Bombeiros de lhavo');
insert into meioApoio values(1, 'Junta de Freguesia de Felgueiras');
insert into meioApoio values(4, 'Junta de Freguesia de Felgueiras');
insert into meioApoio values(1, 'Junta de Freguesia de Santo Andr');
insert into meioApoio values(4, 'Junta de Freguesia de Santo Andr');
insert into meioApoio values(1, 'Polcia de lhavo');
insert into meioApoio values(1, 'Bombeiros de Valongo');
insert into meioApoio values(1, 'Junta de Freguesia de Maia');
insert into meioApoio values(1, 'Polcia de Vila Nova de Gaia');
insert into meioApoio values(1, 'Bombeiros de Chaves');
insert into meioApoio values(1, 'Polcia de Lagoa');
insert into meioApoio values(1, 'Junta de Freguesia de Seia');
insert into meioApoio values(4, 'Junta de Freguesia de Seia');
insert into meioApoio values(1, 'Bombeiros de Montemor-o-Novo');
insert into meioApoio values(1, 'Junta de Freguesia de Sintra');
insert into meioApoio values(4, 'Junta de Freguesia de Sintra');
insert into meioApoio values(1, 'Polcia de Montemor-o-Novo');
insert into meioApoio values(4, 'Polcia de Montemor-o-Novo');
insert into meioApoio values(1, 'Bombeiros de Fundo');
insert into meioApoio values(1, 'Junta de Freguesia de Viana do Castelo');
insert into meioApoio values(1, 'Bombeiros de Ovar');
insert into meioApoio values(4, 'Bombeiros de Ovar');
insert into meioApoio values(1, 'Bombeiros de Felgueiras');
insert into meioApoio values(1, 'Junta de Freguesia de Chaves');
insert into meioApoio values(1, 'Junta de Freguesia de Gondomar');
insert into meioApoio values(1, 'Junta de Freguesia de Redondo');
insert into meioApoio values(4, 'Junta de Freguesia de Redondo');
insert into meioApoio values(1, 'Junta de Freguesia de Loures');
insert into meioApoio values(4, 'Junta de Freguesia de Loures');
insert into meioApoio values(1, 'Polcia de Vila Real');
insert into meioApoio values(1, 'Bombeiros de Arcozelo');
insert into meioApoio values(1, 'Polcia de Viana do Castelo');
insert into meioApoio values(1, 'Bombeiros de Bragana');
insert into meioApoio values(1, 'Polcia de Barreiro');
insert into meioApoio values(1, 'Junta de Freguesia de Alccer do Sal');
insert into meioApoio values(1, 'Bombeiros de Santana');
insert into meioApoio values(4, 'Bombeiros de Santana');
insert into meioApoio values(1, 'Polcia de Sintra');
insert into meioApoio values(1, 'Polcia de Porto');
insert into meioApoio values(1, 'Polcia de Maia');
insert into meioApoio values(1, 'Polcia de So Pedro do Sul');
insert into meioApoio values(4, 'Polcia de So Pedro do Sul');
insert into meioApoio values(1, 'Junta de Freguesia de Trofa');
insert into meioApoio values(1, 'Bombeiros de Penafiel');
insert into meioApoio values(1, 'Polcia de Peniche');
insert into meioApoio values(4, 'Polcia de Peniche');
insert into meioApoio values(1, 'Junta de Freguesia de Lamego');
insert into meioApoio values(1, 'Bombeiros de Oliveira do Hospital');
insert into meioApoio values(1, 'Bombeiros de Lisboa');
insert into meioApoio values(4, 'Bombeiros de Lisboa');
insert into meioApoio values(1, 'Junta de Freguesia de Mirandela');
insert into meioApoio values(1, 'Polcia de Cartaxo');
insert into meioApoio values(1, 'Polcia de Oliveira do Hospital');
insert into meioApoio values(4, 'Polcia de Oliveira do Hospital');
insert into meioApoio values(1, 'Polcia de gueda');
insert into meioApoio values(1, 'Junta de Freguesia de vora');
insert into meioApoio values(1, 'Bombeiros de Alcochete');
insert into meioApoio values(4, 'Bombeiros de Alcochete');
insert into meioApoio values(1, 'Polcia de Lourosa');
insert into meioApoio values(4, 'Polcia de Lourosa');
insert into meioApoio values(1, 'Bombeiros de Barreiro');
insert into meioApoio values(1, 'Polcia de Rio Maior');
insert into meioApoio values(4, 'Polcia de Rio Maior');
insert into meioApoio values(1, 'Junta de Freguesia de Alcochete');
insert into meioApoio values(4, 'Junta de Freguesia de Alcochete');
insert into meioApoio values(1, 'Bombeiros de Espinho');
insert into meioApoio values(1, 'Polcia de Machico');
insert into meioApoio values(1, 'Junta de Freguesia de Sines');
insert into meioApoio values(1, 'Bombeiros de Faro');
insert into meioApoio values(4, 'Bombeiros de Faro');
insert into meioApoio values(1, 'Bombeiros de Gondomar');
insert into meioApoio values(1, 'Bombeiros de Ribeira Grande');
insert into meioApoio values(4, 'Bombeiros de Ribeira Grande');
insert into meioApoio values(1, 'Bombeiros de Esmoriz');
insert into meioApoio values(1, 'Junta de Freguesia de Marzovelos');
insert into meioApoio values(1, 'Polcia de Albufeira');
insert into meioApoio values(1, 'Bombeiros de Vila Nova de Gaia');
insert into meioApoio values(1, 'Junta de Freguesia de Portimo');



insert into meioSocorro values(2, 'Bombeiros de Marco de Canavezes');
insert into meioSocorro values(2, 'Junta de Freguesia de Fundo');
insert into meioSocorro values(2, 'Polcia de Ovar');
insert into meioSocorro values(2, 'Junta de Freguesia de Sagres');
insert into meioSocorro values(2, 'Junta de Freguesia de Peniche');
insert into meioSocorro values(2, 'Bombeiros de Lourosa');
insert into meioSocorro values(2, 'Bombeiros de gueda');
insert into meioSocorro values(2, 'Polcia de Trofa');
insert into meioSocorro values(2, 'Bombeiros de Praia da Vitria');
insert into meioSocorro values(2, 'Junta de Freguesia de Barreiro');
insert into meioSocorro values(2, 'Bombeiros de Viana do Castelo');
insert into meioSocorro values(2, 'Polcia de Santo Andr');
insert into meioSocorro values(2, 'Junta de Freguesia de Pinhel');
insert into meioSocorro values(2, 'Polcia de Viseu');
insert into meioSocorro values(2, 'Bombeiros de Beja');
insert into meioSocorro values(2, 'Junta de Freguesia de Queluz');
insert into meioSocorro values(2, 'Polcia de Ftima');
insert into meioSocorro values(2, 'Junta de Freguesia de Tondela');
insert into meioSocorro values(2, 'Junta de Freguesia de Porto');
insert into meioSocorro values(2, 'Polcia de Amadora');
insert into meioSocorro values(2, 'Polcia de Funchal');
insert into meioSocorro values(2, 'Bombeiros de Alcobaa');
insert into meioSocorro values(2, 'Polcia de Mirandela');
insert into meioSocorro values(2, 'Bombeiros de Ftima');
insert into meioSocorro values(2, 'Bombeiros de Seixal');
insert into meioSocorro values(2, 'Junta de Freguesia de Montijo');
insert into meioSocorro values(2, 'Junta de Freguesia de Ovar');
insert into meioSocorro values(2, 'Junta de Freguesia de lhavo');
insert into meioSocorro values(2, 'Polcia de Costa da Caparica');
insert into meioSocorro values(2, 'Polcia de Lamego');
insert into meioSocorro values(2, 'Polcia de Lagos');
insert into meioSocorro values(2, 'Polcia de Arcozelo');
insert into meioSocorro values(2, 'Polcia de vora');
insert into meioSocorro values(2, 'Bombeiros de Mes');
insert into meioSocorro values(2, 'Polcia de Sabugal');
insert into meioSocorro values(2, 'Junta de Freguesia de Praia da Vitria');
insert into meioSocorro values(2, 'Bombeiros de Rio Maior');
insert into meioSocorro values(2, 'Junta de Freguesia de Lagos');
insert into meioSocorro values(2, 'Junta de Freguesia de Guarda');
insert into meioSocorro values(2, 'Polcia de Silves');
insert into meioSocorro values(2, 'Polcia de Abrantes');
insert into meioSocorro values(2, 'Bombeiros de Vila das Aves');
insert into meioSocorro values(2, 'Bombeiros de vora');
insert into meioSocorro values(2, 'Bombeiros de lhavo');
insert into meioSocorro values(2, 'Junta de Freguesia de Felgueiras');
insert into meioSocorro values(2, 'Junta de Freguesia de Santo Andr');
insert into meioSocorro values(2, 'Polcia de lhavo');
insert into meioSocorro values(2, 'Bombeiros de Valongo');
insert into meioSocorro values(2, 'Junta de Freguesia de Maia');
insert into meioSocorro values(2, 'Polcia de Vila Nova de Gaia');
insert into meioSocorro values(2, 'Bombeiros de Chaves');
insert into meioSocorro values(2, 'Polcia de Lagoa');
insert into meioSocorro values(2, 'Junta de Freguesia de Seia');
insert into meioSocorro values(2, 'Bombeiros de Montemor-o-Novo');
insert into meioSocorro values(2, 'Junta de Freguesia de Sintra');
insert into meioSocorro values(2, 'Polcia de Montemor-o-Novo');
insert into meioSocorro values(2, 'Bombeiros de Fundo');
insert into meioSocorro values(2, 'Junta de Freguesia de Viana do Castelo');
insert into meioSocorro values(2, 'Bombeiros de Ovar');
insert into meioSocorro values(2, 'Bombeiros de Felgueiras');
insert into meioSocorro values(2, 'Junta de Freguesia de Chaves');
insert into meioSocorro values(2, 'Junta de Freguesia de Gondomar');
insert into meioSocorro values(2, 'Junta de Freguesia de Redondo');
insert into meioSocorro values(2, 'Junta de Freguesia de Loures');
insert into meioSocorro values(2, 'Polcia de Vila Real');
insert into meioSocorro values(2, 'Bombeiros de Arcozelo');
insert into meioSocorro values(2, 'Polcia de Viana do Castelo');
insert into meioSocorro values(2, 'Bombeiros de Bragana');
insert into meioSocorro values(2, 'Polcia de Barreiro');
insert into meioSocorro values(2, 'Junta de Freguesia de Alccer do Sal');
insert into meioSocorro values(2, 'Bombeiros de Santana');
insert into meioSocorro values(2, 'Polcia de Sintra');
insert into meioSocorro values(2, 'Polcia de Porto');
insert into meioSocorro values(2, 'Polcia de Maia');
insert into meioSocorro values(2, 'Polcia de So Pedro do Sul');
insert into meioSocorro values(2, 'Junta de Freguesia de Trofa');
insert into meioSocorro values(2, 'Bombeiros de Penafiel');
insert into meioSocorro values(2, 'Polcia de Peniche');
insert into meioSocorro values(2, 'Junta de Freguesia de Lamego');
insert into meioSocorro values(2, 'Bombeiros de Oliveira do Hospital');
insert into meioSocorro values(2, 'Bombeiros de Lisboa');
insert into meioSocorro values(2, 'Junta de Freguesia de Mirandela');
insert into meioSocorro values(2, 'Polcia de Cartaxo');
insert into meioSocorro values(2, 'Polcia de Oliveira do Hospital');
insert into meioSocorro values(2, 'Polcia de gueda');
insert into meioSocorro values(2, 'Junta de Freguesia de vora');
insert into meioSocorro values(2, 'Bombeiros de Alcochete');
insert into meioSocorro values(2, 'Polcia de Lourosa');
insert into meioSocorro values(2, 'Bombeiros de Barreiro');
insert into meioSocorro values(2, 'Polcia de Rio Maior');
insert into meioSocorro values(2, 'Junta de Freguesia de Alcochete');
insert into meioSocorro values(2, 'Bombeiros de Espinho');
insert into meioSocorro values(2, 'Polcia de Machico');
insert into meioSocorro values(2, 'Junta de Freguesia de Sines');
insert into meioSocorro values(2, 'Bombeiros de Faro');
insert into meioSocorro values(2, 'Bombeiros de Gondomar');
insert into meioSocorro values(2, 'Bombeiros de Ribeira Grande');
insert into meioSocorro values(2, 'Bombeiros de Esmoriz');
insert into meioSocorro values(2, 'Junta de Freguesia de Marzovelos');
insert into meioSocorro values(2, 'Polcia de Albufeira');
insert into meioSocorro values(2, 'Bombeiros de Vila Nova de Gaia');
insert into meioSocorro values(2, 'Junta de Freguesia de Portimo');



insert into transporta values(2, 'Junta de Freguesia de Portimo', 13, 0);
insert into transporta values(2, 'Bombeiros de Marco de Canavezes', 18, 0);
insert into transporta values(2, 'Bombeiros de Marco de Canavezes', 19, 1);
insert into transporta values(2, 'Junta de Freguesia de Fundo', 11, 1);
insert into transporta values(2, 'Junta de Freguesia de Fundo', 11, 2);
insert into transporta values(2, 'Polcia de Ovar', 10, 2);
insert into transporta values(2, 'Polcia de Ovar', 16, 3);
insert into transporta values(2, 'Junta de Freguesia de Sagres', 10, 3);
insert into transporta values(2, 'Junta de Freguesia de Sagres', 17, 4);
insert into transporta values(2, 'Junta de Freguesia de Peniche', 8, 4);
insert into transporta values(2, 'Junta de Freguesia de Peniche', 6, 5);
insert into transporta values(2, 'Bombeiros de Lourosa', 17, 5);
insert into transporta values(2, 'Bombeiros de Lourosa', 16, 6);
insert into transporta values(2, 'Bombeiros de gueda', 9, 6);
insert into transporta values(2, 'Bombeiros de gueda', 19, 7);
insert into transporta values(2, 'Polcia de Trofa', 19, 7);
insert into transporta values(2, 'Polcia de Trofa', 17, 8);
insert into transporta values(2, 'Bombeiros de Praia da Vitria', 12, 8);
insert into transporta values(2, 'Bombeiros de Praia da Vitria', 14, 9);
insert into transporta values(2, 'Junta de Freguesia de Barreiro', 8, 9);
insert into transporta values(2, 'Junta de Freguesia de Barreiro', 18, 10);
insert into transporta values(2, 'Bombeiros de Viana do Castelo', 14, 10);
insert into transporta values(2, 'Bombeiros de Viana do Castelo', 7, 11);
insert into transporta values(2, 'Polcia de Santo Andr', 10, 11);
insert into transporta values(2, 'Polcia de Santo Andr', 20, 12);
insert into transporta values(2, 'Junta de Freguesia de Pinhel', 15, 12);
insert into transporta values(2, 'Junta de Freguesia de Pinhel', 9, 13);
insert into transporta values(2, 'Polcia de Viseu', 20, 13);
insert into transporta values(2, 'Polcia de Viseu', 9, 14);
insert into transporta values(2, 'Bombeiros de Beja', 12, 14);
insert into transporta values(2, 'Bombeiros de Beja', 14, 15);
insert into transporta values(2, 'Junta de Freguesia de Queluz', 19, 15);
insert into transporta values(2, 'Junta de Freguesia de Queluz', 8, 16);
insert into transporta values(2, 'Polcia de Ftima', 16, 16);
insert into transporta values(2, 'Polcia de Ftima', 16, 17);
insert into transporta values(2, 'Junta de Freguesia de Tondela', 6, 17);
insert into transporta values(2, 'Junta de Freguesia de Tondela', 6, 18);
insert into transporta values(2, 'Junta de Freguesia de Porto', 12, 18);
insert into transporta values(2, 'Junta de Freguesia de Porto', 5, 19);
insert into transporta values(2, 'Polcia de Amadora', 18, 19);
insert into transporta values(2, 'Polcia de Amadora', 11, 20);
insert into transporta values(2, 'Polcia de Funchal', 12, 20);
insert into transporta values(2, 'Polcia de Funchal', 10, 21);
insert into transporta values(2, 'Bombeiros de Alcobaa', 7, 21);
insert into transporta values(2, 'Bombeiros de Alcobaa', 20, 22);
insert into transporta values(2, 'Polcia de Mirandela', 8, 22);
insert into transporta values(2, 'Polcia de Mirandela', 14, 23);
insert into transporta values(2, 'Bombeiros de Ftima', 6, 23);
insert into transporta values(2, 'Bombeiros de Ftima', 9, 24);
insert into transporta values(2, 'Bombeiros de Seixal', 5, 24);
insert into transporta values(2, 'Bombeiros de Seixal', 19, 25);
insert into transporta values(2, 'Junta de Freguesia de Montijo', 9, 25);
insert into transporta values(2, 'Junta de Freguesia de Montijo', 16, 26);
insert into transporta values(2, 'Junta de Freguesia de Ovar', 16, 26);
insert into transporta values(2, 'Junta de Freguesia de Ovar', 19, 27);
insert into transporta values(2, 'Junta de Freguesia de lhavo', 19, 27);
insert into transporta values(2, 'Junta de Freguesia de lhavo', 17, 28);
insert into transporta values(2, 'Polcia de Costa da Caparica', 20, 28);
insert into transporta values(2, 'Polcia de Costa da Caparica', 18, 29);
insert into transporta values(2, 'Polcia de Lamego', 15, 29);
insert into transporta values(2, 'Polcia de Lamego', 13, 30);
insert into transporta values(2, 'Polcia de Lagos', 9, 30);
insert into transporta values(2, 'Polcia de Lagos', 7, 31);
insert into transporta values(2, 'Polcia de Arcozelo', 18, 31);
insert into transporta values(2, 'Polcia de Arcozelo', 5, 32);
insert into transporta values(2, 'Polcia de vora', 9, 32);
insert into transporta values(2, 'Polcia de vora', 6, 33);
insert into transporta values(2, 'Bombeiros de Mes', 9, 33);
insert into transporta values(2, 'Bombeiros de Mes', 15, 34);
insert into transporta values(2, 'Polcia de Sabugal', 20, 34);
insert into transporta values(2, 'Polcia de Sabugal', 9, 35);
insert into transporta values(2, 'Junta de Freguesia de Praia da Vitria', 7, 35);
insert into transporta values(2, 'Junta de Freguesia de Praia da Vitria', 12, 36);
insert into transporta values(2, 'Bombeiros de Rio Maior', 10, 36);
insert into transporta values(2, 'Bombeiros de Rio Maior', 15, 37);
insert into transporta values(2, 'Junta de Freguesia de Lagos', 6, 37);
insert into transporta values(2, 'Junta de Freguesia de Lagos', 10, 38);
insert into transporta values(2, 'Junta de Freguesia de Guarda', 17, 38);
insert into transporta values(2, 'Junta de Freguesia de Guarda', 12, 39);
insert into transporta values(2, 'Polcia de Silves', 12, 39);
insert into transporta values(2, 'Polcia de Silves', 18, 40);
insert into transporta values(2, 'Polcia de Abrantes', 14, 40);
insert into transporta values(2, 'Polcia de Abrantes', 7, 41);
insert into transporta values(2, 'Bombeiros de Vila das Aves', 15, 41);
insert into transporta values(2, 'Bombeiros de Vila das Aves', 5, 42);
insert into transporta values(2, 'Bombeiros de vora', 10, 42);
insert into transporta values(2, 'Bombeiros de vora', 16, 43);
insert into transporta values(2, 'Bombeiros de lhavo', 15, 43);
insert into transporta values(2, 'Bombeiros de lhavo', 15, 44);
insert into transporta values(2, 'Junta de Freguesia de Felgueiras', 10, 44);
insert into transporta values(2, 'Junta de Freguesia de Felgueiras', 13, 45);
insert into transporta values(2, 'Junta de Freguesia de Santo Andr', 11, 45);
insert into transporta values(2, 'Junta de Freguesia de Santo Andr', 19, 46);
insert into transporta values(2, 'Polcia de lhavo', 5, 46);
insert into transporta values(2, 'Polcia de lhavo', 18, 47);
insert into transporta values(2, 'Bombeiros de Valongo', 13, 47);
insert into transporta values(2, 'Bombeiros de Valongo', 8, 48);
insert into transporta values(2, 'Junta de Freguesia de Maia', 16, 48);
insert into transporta values(2, 'Junta de Freguesia de Maia', 14, 49);
insert into transporta values(2, 'Polcia de Vila Nova de Gaia', 11, 49);
insert into transporta values(2, 'Polcia de Vila Nova de Gaia', 20, 50);
insert into transporta values(2, 'Bombeiros de Chaves', 15, 50);
insert into transporta values(2, 'Bombeiros de Chaves', 13, 51);
insert into transporta values(2, 'Polcia de Lagoa', 17, 51);
insert into transporta values(2, 'Polcia de Lagoa', 11, 52);
insert into transporta values(2, 'Junta de Freguesia de Seia', 16, 52);
insert into transporta values(2, 'Junta de Freguesia de Seia', 11, 53);
insert into transporta values(2, 'Bombeiros de Montemor-o-Novo', 8, 53);
insert into transporta values(2, 'Bombeiros de Montemor-o-Novo', 5, 54);
insert into transporta values(2, 'Junta de Freguesia de Sintra', 11, 54);
insert into transporta values(2, 'Junta de Freguesia de Sintra', 14, 55);
insert into transporta values(2, 'Polcia de Montemor-o-Novo', 6, 55);
insert into transporta values(2, 'Polcia de Montemor-o-Novo', 10, 56);
insert into transporta values(2, 'Bombeiros de Fundo', 19, 56);
insert into transporta values(2, 'Bombeiros de Fundo', 19, 57);
insert into transporta values(2, 'Junta de Freguesia de Viana do Castelo', 16, 57);
insert into transporta values(2, 'Junta de Freguesia de Viana do Castelo', 16, 58);
insert into transporta values(2, 'Bombeiros de Ovar', 6, 58);
insert into transporta values(2, 'Bombeiros de Ovar', 9, 59);
insert into transporta values(2, 'Bombeiros de Felgueiras', 18, 59);
insert into transporta values(2, 'Bombeiros de Felgueiras', 9, 60);
insert into transporta values(2, 'Junta de Freguesia de Chaves', 13, 60);
insert into transporta values(2, 'Junta de Freguesia de Chaves', 6, 61);
insert into transporta values(2, 'Junta de Freguesia de Gondomar', 20, 61);
insert into transporta values(2, 'Junta de Freguesia de Gondomar', 10, 62);
insert into transporta values(2, 'Junta de Freguesia de Redondo', 7, 62);
insert into transporta values(2, 'Junta de Freguesia de Redondo', 5, 63);
insert into transporta values(2, 'Junta de Freguesia de Loures', 10, 63);
insert into transporta values(2, 'Junta de Freguesia de Loures', 12, 64);
insert into transporta values(2, 'Polcia de Vila Real', 7, 64);
insert into transporta values(2, 'Polcia de Vila Real', 16, 65);
insert into transporta values(2, 'Bombeiros de Arcozelo', 17, 65);
insert into transporta values(2, 'Bombeiros de Arcozelo', 6, 66);
insert into transporta values(2, 'Polcia de Viana do Castelo', 6, 66);
insert into transporta values(2, 'Polcia de Viana do Castelo', 18, 67);
insert into transporta values(2, 'Bombeiros de Bragana', 5, 67);
insert into transporta values(2, 'Bombeiros de Bragana', 13, 68);
insert into transporta values(2, 'Polcia de Barreiro', 7, 68);
insert into transporta values(2, 'Polcia de Barreiro', 7, 69);
insert into transporta values(2, 'Junta de Freguesia de Alccer do Sal', 5, 69);
insert into transporta values(2, 'Junta de Freguesia de Alccer do Sal', 6, 70);
insert into transporta values(2, 'Bombeiros de Santana', 17, 70);
insert into transporta values(2, 'Bombeiros de Santana', 6, 71);
insert into transporta values(2, 'Polcia de Sintra', 15, 71);
insert into transporta values(2, 'Polcia de Sintra', 18, 72);
insert into transporta values(2, 'Polcia de Porto', 20, 72);
insert into transporta values(2, 'Polcia de Porto', 14, 73);
insert into transporta values(2, 'Polcia de Maia', 20, 73);
insert into transporta values(2, 'Polcia de Maia', 14, 74);
insert into transporta values(2, 'Polcia de So Pedro do Sul', 16, 74);
insert into transporta values(2, 'Polcia de So Pedro do Sul', 19, 75);
insert into transporta values(2, 'Junta de Freguesia de Trofa', 17, 75);
insert into transporta values(2, 'Junta de Freguesia de Trofa', 6, 76);
insert into transporta values(2, 'Bombeiros de Penafiel', 10, 76);
insert into transporta values(2, 'Bombeiros de Penafiel', 20, 77);
insert into transporta values(2, 'Polcia de Peniche', 17, 77);
insert into transporta values(2, 'Polcia de Peniche', 10, 78);
insert into transporta values(2, 'Junta de Freguesia de Lamego', 6, 78);
insert into transporta values(2, 'Junta de Freguesia de Lamego', 5, 79);
insert into transporta values(2, 'Bombeiros de Oliveira do Hospital', 13, 79);
insert into transporta values(2, 'Bombeiros de Oliveira do Hospital', 8, 80);
insert into transporta values(2, 'Bombeiros de Lisboa', 5, 80);
insert into transporta values(2, 'Bombeiros de Lisboa', 12, 81);
insert into transporta values(2, 'Junta de Freguesia de Mirandela', 17, 81);
insert into transporta values(2, 'Junta de Freguesia de Mirandela', 10, 82);
insert into transporta values(2, 'Polcia de Cartaxo', 18, 82);
insert into transporta values(2, 'Polcia de Cartaxo', 6, 83);
insert into transporta values(2, 'Polcia de Oliveira do Hospital', 9, 83);
insert into transporta values(2, 'Polcia de Oliveira do Hospital', 18, 84);
insert into transporta values(2, 'Polcia de gueda', 10, 84);
insert into transporta values(2, 'Polcia de gueda', 5, 85);
insert into transporta values(2, 'Junta de Freguesia de vora', 8, 85);
insert into transporta values(2, 'Junta de Freguesia de vora', 5, 86);
insert into transporta values(2, 'Bombeiros de Alcochete', 5, 86);
insert into transporta values(2, 'Bombeiros de Alcochete', 5, 87);
insert into transporta values(2, 'Polcia de Lourosa', 18, 87);
insert into transporta values(2, 'Polcia de Lourosa', 9, 88);
insert into transporta values(2, 'Bombeiros de Barreiro', 11, 88);
insert into transporta values(2, 'Bombeiros de Barreiro', 18, 89);
insert into transporta values(2, 'Polcia de Rio Maior', 7, 89);
insert into transporta values(2, 'Polcia de Rio Maior', 9, 90);
insert into transporta values(2, 'Junta de Freguesia de Alcochete', 7, 90);
insert into transporta values(2, 'Junta de Freguesia de Alcochete', 16, 91);
insert into transporta values(2, 'Bombeiros de Espinho', 11, 91);
insert into transporta values(2, 'Bombeiros de Espinho', 12, 92);
insert into transporta values(2, 'Polcia de Machico', 8, 92);
insert into transporta values(2, 'Polcia de Machico', 12, 93);
insert into transporta values(2, 'Junta de Freguesia de Sines', 11, 93);
insert into transporta values(2, 'Junta de Freguesia de Sines', 14, 94);
insert into transporta values(2, 'Bombeiros de Faro', 15, 94);
insert into transporta values(2, 'Bombeiros de Faro', 20, 95);
insert into transporta values(2, 'Bombeiros de Gondomar', 6, 95);
insert into transporta values(2, 'Bombeiros de Gondomar', 11, 96);
insert into transporta values(2, 'Bombeiros de Ribeira Grande', 5, 96);
insert into transporta values(2, 'Bombeiros de Ribeira Grande', 7, 97);
insert into transporta values(2, 'Bombeiros de Esmoriz', 16, 97);
insert into transporta values(2, 'Bombeiros de Esmoriz', 19, 98);
insert into transporta values(2, 'Junta de Freguesia de Marzovelos', 6, 98);
insert into transporta values(2, 'Junta de Freguesia de Marzovelos', 19, 99);
insert into transporta values(2, 'Polcia de Albufeira', 18, 99);
insert into transporta values(2, 'Polcia de Albufeira', 6, 100);
insert into transporta values(2, 'Bombeiros de Vila Nova de Gaia', 18, 100);
insert into transporta values(2, 'Bombeiros de Vila Nova de Gaia', 8, 101);
insert into transporta values(2, 'Junta de Freguesia de Portimo', 7, 101);



insert into alocado values(1, 'Junta de Freguesia de Portimo', 2, 0);
insert into alocado values(1, 'Bombeiros de Marco de Canavezes', 4, 0);
insert into alocado values(1, 'Bombeiros de Marco de Canavezes', 3, 1);
insert into alocado values(4, 'Bombeiros de Marco de Canavezes', 5, 1);
insert into alocado values(4, 'Bombeiros de Marco de Canavezes', 4, 2);
insert into alocado values(1, 'Junta de Freguesia de Fundo', 6, 2);
insert into alocado values(1, 'Junta de Freguesia de Fundo', 2, 3);
insert into alocado values(1, 'Polcia de Ovar', 7, 3);
insert into alocado values(1, 'Polcia de Ovar', 10, 4);
insert into alocado values(1, 'Junta de Freguesia de Sagres', 1, 4);
insert into alocado values(1, 'Junta de Freguesia de Sagres', 2, 5);
insert into alocado values(1, 'Junta de Freguesia de Peniche', 8, 5);
insert into alocado values(1, 'Junta de Freguesia de Peniche', 1, 6);
insert into alocado values(1, 'Bombeiros de Lourosa', 4, 6);
insert into alocado values(1, 'Bombeiros de Lourosa', 10, 7);
insert into alocado values(4, 'Bombeiros de Lourosa', 9, 7);
insert into alocado values(4, 'Bombeiros de Lourosa', 8, 8);
insert into alocado values(1, 'Bombeiros de gueda', 5, 8);
insert into alocado values(1, 'Bombeiros de gueda', 10, 9);
insert into alocado values(4, 'Bombeiros de gueda', 1, 9);
insert into alocado values(4, 'Bombeiros de gueda', 4, 10);
insert into alocado values(1, 'Polcia de Trofa', 9, 10);
insert into alocado values(1, 'Polcia de Trofa', 10, 11);
insert into alocado values(1, 'Bombeiros de Praia da Vitria', 6, 11);
insert into alocado values(1, 'Bombeiros de Praia da Vitria', 2, 12);
insert into alocado values(4, 'Bombeiros de Praia da Vitria', 4, 12);
insert into alocado values(4, 'Bombeiros de Praia da Vitria', 8, 13);
insert into alocado values(1, 'Junta de Freguesia de Barreiro', 8, 13);
insert into alocado values(1, 'Junta de Freguesia de Barreiro', 6, 14);
insert into alocado values(1, 'Bombeiros de Viana do Castelo', 8, 14);
insert into alocado values(1, 'Bombeiros de Viana do Castelo', 5, 15);
insert into alocado values(1, 'Polcia de Santo Andr', 6, 15);
insert into alocado values(1, 'Polcia de Santo Andr', 10, 16);
insert into alocado values(4, 'Polcia de Santo Andr', 10, 16);
insert into alocado values(4, 'Polcia de Santo Andr', 1, 17);
insert into alocado values(1, 'Junta de Freguesia de Pinhel', 4, 17);
insert into alocado values(1, 'Junta de Freguesia de Pinhel', 1, 18);
insert into alocado values(1, 'Polcia de Viseu', 4, 18);
insert into alocado values(1, 'Polcia de Viseu', 4, 19);
insert into alocado values(1, 'Bombeiros de Beja', 4, 19);
insert into alocado values(1, 'Bombeiros de Beja', 4, 20);
insert into alocado values(1, 'Junta de Freguesia de Queluz', 7, 20);
insert into alocado values(1, 'Junta de Freguesia de Queluz', 6, 21);
insert into alocado values(4, 'Junta de Freguesia de Queluz', 8, 21);
insert into alocado values(4, 'Junta de Freguesia de Queluz', 7, 22);
insert into alocado values(1, 'Polcia de Ftima', 7, 22);
insert into alocado values(1, 'Polcia de Ftima', 4, 23);
insert into alocado values(1, 'Junta de Freguesia de Tondela', 9, 23);
insert into alocado values(1, 'Junta de Freguesia de Tondela', 8, 24);
insert into alocado values(1, 'Junta de Freguesia de Porto', 10, 24);
insert into alocado values(1, 'Junta de Freguesia de Porto', 3, 25);
insert into alocado values(1, 'Polcia de Amadora', 10, 25);
insert into alocado values(1, 'Polcia de Amadora', 7, 26);
insert into alocado values(4, 'Polcia de Amadora', 8, 26);
insert into alocado values(4, 'Polcia de Amadora', 2, 27);
insert into alocado values(1, 'Polcia de Funchal', 3, 27);
insert into alocado values(1, 'Polcia de Funchal', 6, 28);
insert into alocado values(4, 'Polcia de Funchal', 2, 28);
insert into alocado values(4, 'Polcia de Funchal', 5, 29);
insert into alocado values(1, 'Bombeiros de Alcobaa', 7, 29);
insert into alocado values(1, 'Bombeiros de Alcobaa', 7, 30);
insert into alocado values(1, 'Polcia de Mirandela', 3, 30);
insert into alocado values(1, 'Polcia de Mirandela', 8, 31);
insert into alocado values(1, 'Bombeiros de Ftima', 8, 31);
insert into alocado values(1, 'Bombeiros de Ftima', 7, 32);
insert into alocado values(1, 'Bombeiros de Seixal', 8, 32);
insert into alocado values(1, 'Bombeiros de Seixal', 6, 33);
insert into alocado values(4, 'Bombeiros de Seixal', 10, 33);
insert into alocado values(4, 'Bombeiros de Seixal', 7, 34);
insert into alocado values(1, 'Junta de Freguesia de Montijo', 1, 34);
insert into alocado values(1, 'Junta de Freguesia de Montijo', 6, 35);
insert into alocado values(1, 'Junta de Freguesia de Ovar', 1, 35);
insert into alocado values(1, 'Junta de Freguesia de Ovar', 6, 36);
insert into alocado values(4, 'Junta de Freguesia de Ovar', 9, 36);
insert into alocado values(4, 'Junta de Freguesia de Ovar', 5, 37);
insert into alocado values(1, 'Junta de Freguesia de lhavo', 4, 37);
insert into alocado values(1, 'Junta de Freguesia de lhavo', 6, 38);
insert into alocado values(1, 'Polcia de Costa da Caparica', 5, 38);
insert into alocado values(1, 'Polcia de Costa da Caparica', 7, 39);
insert into alocado values(4, 'Polcia de Costa da Caparica', 6, 39);
insert into alocado values(4, 'Polcia de Costa da Caparica', 9, 40);
insert into alocado values(1, 'Polcia de Lamego', 9, 40);
insert into alocado values(1, 'Polcia de Lamego', 1, 41);
insert into alocado values(1, 'Polcia de Lagos', 9, 41);
insert into alocado values(1, 'Polcia de Lagos', 8, 42);
insert into alocado values(1, 'Polcia de Arcozelo', 2, 42);
insert into alocado values(1, 'Polcia de Arcozelo', 8, 43);
insert into alocado values(4, 'Polcia de Arcozelo', 9, 43);
insert into alocado values(4, 'Polcia de Arcozelo', 7, 44);
insert into alocado values(1, 'Polcia de vora', 4, 44);
insert into alocado values(1, 'Polcia de vora', 2, 45);
insert into alocado values(1, 'Bombeiros de Mes', 9, 45);
insert into alocado values(1, 'Bombeiros de Mes', 2, 46);
insert into alocado values(4, 'Bombeiros de Mes', 5, 46);
insert into alocado values(4, 'Bombeiros de Mes', 2, 47);
insert into alocado values(1, 'Polcia de Sabugal', 1, 47);
insert into alocado values(1, 'Polcia de Sabugal', 9, 48);
insert into alocado values(1, 'Junta de Freguesia de Praia da Vitria', 7, 48);
insert into alocado values(1, 'Junta de Freguesia de Praia da Vitria', 1, 49);
insert into alocado values(4, 'Junta de Freguesia de Praia da Vitria', 5, 49);
insert into alocado values(4, 'Junta de Freguesia de Praia da Vitria', 9, 50);
insert into alocado values(1, 'Bombeiros de Rio Maior', 6, 50);
insert into alocado values(1, 'Bombeiros de Rio Maior', 7, 51);
insert into alocado values(4, 'Bombeiros de Rio Maior', 6, 51);
insert into alocado values(4, 'Bombeiros de Rio Maior', 7, 52);
insert into alocado values(1, 'Junta de Freguesia de Lagos', 10, 52);
insert into alocado values(1, 'Junta de Freguesia de Lagos', 4, 53);
insert into alocado values(4, 'Junta de Freguesia de Lagos', 5, 53);
insert into alocado values(4, 'Junta de Freguesia de Lagos', 8, 54);
insert into alocado values(1, 'Junta de Freguesia de Guarda', 8, 54);
insert into alocado values(1, 'Junta de Freguesia de Guarda', 5, 55);
insert into alocado values(4, 'Junta de Freguesia de Guarda', 8, 55);
insert into alocado values(4, 'Junta de Freguesia de Guarda', 1, 56);
insert into alocado values(1, 'Polcia de Silves', 1, 56);
insert into alocado values(1, 'Polcia de Silves', 2, 57);
insert into alocado values(4, 'Polcia de Silves', 2, 57);
insert into alocado values(4, 'Polcia de Silves', 9, 58);
insert into alocado values(1, 'Polcia de Abrantes', 8, 58);
insert into alocado values(1, 'Polcia de Abrantes', 10, 59);
insert into alocado values(1, 'Bombeiros de Vila das Aves', 9, 59);
insert into alocado values(1, 'Bombeiros de Vila das Aves', 8, 60);
insert into alocado values(1, 'Bombeiros de vora', 9, 60);
insert into alocado values(1, 'Bombeiros de vora', 1, 61);
insert into alocado values(4, 'Bombeiros de vora', 8, 61);
insert into alocado values(4, 'Bombeiros de vora', 8, 62);
insert into alocado values(1, 'Bombeiros de lhavo', 5, 62);
insert into alocado values(1, 'Bombeiros de lhavo', 1, 63);
insert into alocado values(4, 'Bombeiros de lhavo', 1, 63);
insert into alocado values(4, 'Bombeiros de lhavo', 9, 64);
insert into alocado values(1, 'Junta de Freguesia de Felgueiras', 6, 64);
insert into alocado values(1, 'Junta de Freguesia de Felgueiras', 6, 65);
insert into alocado values(4, 'Junta de Freguesia de Felgueiras', 3, 65);
insert into alocado values(4, 'Junta de Freguesia de Felgueiras', 5, 66);
insert into alocado values(1, 'Junta de Freguesia de Santo Andr', 9, 66);
insert into alocado values(1, 'Junta de Freguesia de Santo Andr', 8, 67);
insert into alocado values(4, 'Junta de Freguesia de Santo Andr', 10, 67);
insert into alocado values(4, 'Junta de Freguesia de Santo Andr', 6, 68);
insert into alocado values(1, 'Polcia de lhavo', 6, 68);
insert into alocado values(1, 'Polcia de lhavo', 4, 69);
insert into alocado values(1, 'Bombeiros de Valongo', 10, 69);
insert into alocado values(1, 'Bombeiros de Valongo', 3, 70);
insert into alocado values(1, 'Junta de Freguesia de Maia', 6, 70);
insert into alocado values(1, 'Junta de Freguesia de Maia', 8, 71);
insert into alocado values(1, 'Polcia de Vila Nova de Gaia', 7, 71);
insert into alocado values(1, 'Polcia de Vila Nova de Gaia', 7, 72);
insert into alocado values(1, 'Bombeiros de Chaves', 2, 72);
insert into alocado values(1, 'Bombeiros de Chaves', 9, 73);
insert into alocado values(1, 'Polcia de Lagoa', 8, 73);
insert into alocado values(1, 'Polcia de Lagoa', 1, 74);
insert into alocado values(1, 'Junta de Freguesia de Seia', 8, 74);
insert into alocado values(1, 'Junta de Freguesia de Seia', 10, 75);
insert into alocado values(4, 'Junta de Freguesia de Seia', 5, 75);
insert into alocado values(4, 'Junta de Freguesia de Seia', 9, 76);
insert into alocado values(1, 'Bombeiros de Montemor-o-Novo', 4, 76);
insert into alocado values(1, 'Bombeiros de Montemor-o-Novo', 8, 77);
insert into alocado values(1, 'Junta de Freguesia de Sintra', 9, 77);
insert into alocado values(1, 'Junta de Freguesia de Sintra', 6, 78);
insert into alocado values(4, 'Junta de Freguesia de Sintra', 2, 78);
insert into alocado values(4, 'Junta de Freguesia de Sintra', 4, 79);
insert into alocado values(1, 'Polcia de Montemor-o-Novo', 9, 79);
insert into alocado values(1, 'Polcia de Montemor-o-Novo', 2, 80);
insert into alocado values(4, 'Polcia de Montemor-o-Novo', 3, 80);
insert into alocado values(4, 'Polcia de Montemor-o-Novo', 8, 81);
insert into alocado values(1, 'Bombeiros de Fundo', 2, 81);
insert into alocado values(1, 'Bombeiros de Fundo', 7, 82);
insert into alocado values(1, 'Junta de Freguesia de Viana do Castelo', 6, 82);
insert into alocado values(1, 'Junta de Freguesia de Viana do Castelo', 4, 83);
insert into alocado values(1, 'Bombeiros de Ovar', 9, 83);
insert into alocado values(1, 'Bombeiros de Ovar', 5, 84);
insert into alocado values(4, 'Bombeiros de Ovar', 10, 84);
insert into alocado values(4, 'Bombeiros de Ovar', 9, 85);
insert into alocado values(1, 'Bombeiros de Felgueiras', 5, 85);
insert into alocado values(1, 'Bombeiros de Felgueiras', 5, 86);
insert into alocado values(1, 'Junta de Freguesia de Chaves', 5, 86);
insert into alocado values(1, 'Junta de Freguesia de Chaves', 5, 87);
insert into alocado values(1, 'Junta de Freguesia de Gondomar', 5, 87);
insert into alocado values(1, 'Junta de Freguesia de Gondomar', 8, 88);
insert into alocado values(1, 'Junta de Freguesia de Redondo', 3, 88);
insert into alocado values(1, 'Junta de Freguesia de Redondo', 8, 89);
insert into alocado values(4, 'Junta de Freguesia de Redondo', 10, 89);
insert into alocado values(4, 'Junta de Freguesia de Redondo', 7, 90);
insert into alocado values(1, 'Junta de Freguesia de Loures', 8, 90);
insert into alocado values(1, 'Junta de Freguesia de Loures', 8, 91);
insert into alocado values(4, 'Junta de Freguesia de Loures', 7, 91);
insert into alocado values(4, 'Junta de Freguesia de Loures', 5, 92);
insert into alocado values(1, 'Polcia de Vila Real', 2, 92);
insert into alocado values(1, 'Polcia de Vila Real', 3, 93);
insert into alocado values(1, 'Bombeiros de Arcozelo', 8, 93);
insert into alocado values(1, 'Bombeiros de Arcozelo', 1, 94);
insert into alocado values(1, 'Polcia de Viana do Castelo', 6, 94);
insert into alocado values(1, 'Polcia de Viana do Castelo', 6, 95);
insert into alocado values(1, 'Bombeiros de Bragana', 6, 95);
insert into alocado values(1, 'Bombeiros de Bragana', 6, 96);
insert into alocado values(1, 'Polcia de Barreiro', 10, 96);
insert into alocado values(1, 'Polcia de Barreiro', 10, 97);
insert into alocado values(1, 'Junta de Freguesia de Alccer do Sal', 6, 97);
insert into alocado values(1, 'Junta de Freguesia de Alccer do Sal', 6, 98);
insert into alocado values(1, 'Bombeiros de Santana', 2, 98);
insert into alocado values(1, 'Bombeiros de Santana', 3, 99);
insert into alocado values(4, 'Bombeiros de Santana', 3, 99);
insert into alocado values(4, 'Bombeiros de Santana', 5, 100);
insert into alocado values(1, 'Polcia de Sintra', 6, 100);
insert into alocado values(1, 'Polcia de Sintra', 8, 101);
insert into alocado values(1, 'Polcia de Porto', 7, 101);



insert into acciona values(0, 'Bombeiros de Marco de Canavezes', 0);
insert into acciona values(1, 'Bombeiros de Marco de Canavezes', 0);
insert into acciona values(2, 'Bombeiros de Marco de Canavezes', 0);
insert into acciona values(1, 'Bombeiros de Marco de Canavezes', 1);
insert into acciona values(2, 'Bombeiros de Marco de Canavezes', 1);
insert into acciona values(3, 'Bombeiros de Marco de Canavezes', 1);
insert into acciona values(2, 'Bombeiros de Marco de Canavezes', 2);
insert into acciona values(3, 'Bombeiros de Marco de Canavezes', 2);
insert into acciona values(4, 'Bombeiros de Marco de Canavezes', 2);
insert into acciona values(3, 'Bombeiros de Marco de Canavezes', 3);
insert into acciona values(4, 'Bombeiros de Marco de Canavezes', 3);
insert into acciona values(0, 'Junta de Freguesia de Fundo', 3);
insert into acciona values(4, 'Bombeiros de Marco de Canavezes', 4);
insert into acciona values(0, 'Junta de Freguesia de Fundo', 4);
insert into acciona values(1, 'Junta de Freguesia de Fundo', 4);
insert into acciona values(0, 'Junta de Freguesia de Fundo', 5);
insert into acciona values(1, 'Junta de Freguesia de Fundo', 5);
insert into acciona values(2, 'Junta de Freguesia de Fundo', 5);
insert into acciona values(1, 'Junta de Freguesia de Fundo', 6);
insert into acciona values(2, 'Junta de Freguesia de Fundo', 6);
insert into acciona values(3, 'Junta de Freguesia de Fundo', 6);
insert into acciona values(2, 'Junta de Freguesia de Fundo', 7);
insert into acciona values(3, 'Junta de Freguesia de Fundo', 7);
insert into acciona values(0, 'Polcia de Ovar', 7);
insert into acciona values(3, 'Junta de Freguesia de Fundo', 8);
insert into acciona values(0, 'Polcia de Ovar', 8);
insert into acciona values(1, 'Polcia de Ovar', 8);
insert into acciona values(0, 'Polcia de Ovar', 9);
insert into acciona values(1, 'Polcia de Ovar', 9);
insert into acciona values(2, 'Polcia de Ovar', 9);
insert into acciona values(1, 'Polcia de Ovar', 10);
insert into acciona values(2, 'Polcia de Ovar', 10);
insert into acciona values(0, 'Junta de Freguesia de Sagres', 10);
insert into acciona values(2, 'Polcia de Ovar', 11);
insert into acciona values(0, 'Junta de Freguesia de Sagres', 11);
insert into acciona values(1, 'Junta de Freguesia de Sagres', 11);
insert into acciona values(0, 'Junta de Freguesia de Sagres', 12);
insert into acciona values(1, 'Junta de Freguesia de Sagres', 12);
insert into acciona values(2, 'Junta de Freguesia de Sagres', 12);
insert into acciona values(1, 'Junta de Freguesia de Sagres', 13);
insert into acciona values(2, 'Junta de Freguesia de Sagres', 13);
insert into acciona values(0, 'Junta de Freguesia de Peniche', 13);
insert into acciona values(2, 'Junta de Freguesia de Sagres', 14);
insert into acciona values(0, 'Junta de Freguesia de Peniche', 14);
insert into acciona values(1, 'Junta de Freguesia de Peniche', 14);
insert into acciona values(0, 'Junta de Freguesia de Peniche', 15);
insert into acciona values(1, 'Junta de Freguesia de Peniche', 15);
insert into acciona values(2, 'Junta de Freguesia de Peniche', 15);
insert into acciona values(1, 'Junta de Freguesia de Peniche', 16);
insert into acciona values(2, 'Junta de Freguesia de Peniche', 16);
insert into acciona values(3, 'Junta de Freguesia de Peniche', 16);
insert into acciona values(2, 'Junta de Freguesia de Peniche', 17);
insert into acciona values(3, 'Junta de Freguesia de Peniche', 17);
insert into acciona values(0, 'Bombeiros de Lourosa', 17);
insert into acciona values(3, 'Junta de Freguesia de Peniche', 18);
insert into acciona values(0, 'Bombeiros de Lourosa', 18);
insert into acciona values(1, 'Bombeiros de Lourosa', 18);
insert into acciona values(0, 'Bombeiros de Lourosa', 19);
insert into acciona values(1, 'Bombeiros de Lourosa', 19);
insert into acciona values(2, 'Bombeiros de Lourosa', 19);
insert into acciona values(1, 'Bombeiros de Lourosa', 20);
insert into acciona values(2, 'Bombeiros de Lourosa', 20);
insert into acciona values(3, 'Bombeiros de Lourosa', 20);
insert into acciona values(2, 'Bombeiros de Lourosa', 21);
insert into acciona values(3, 'Bombeiros de Lourosa', 21);
insert into acciona values(4, 'Bombeiros de Lourosa', 21);
insert into acciona values(3, 'Bombeiros de Lourosa', 22);
insert into acciona values(4, 'Bombeiros de Lourosa', 22);
insert into acciona values(0, 'Bombeiros de gueda', 22);
insert into acciona values(4, 'Bombeiros de Lourosa', 23);
insert into acciona values(0, 'Bombeiros de gueda', 23);
insert into acciona values(1, 'Bombeiros de gueda', 23);
insert into acciona values(0, 'Bombeiros de gueda', 24);
insert into acciona values(1, 'Bombeiros de gueda', 24);
insert into acciona values(2, 'Bombeiros de gueda', 24);
insert into acciona values(1, 'Bombeiros de gueda', 25);
insert into acciona values(2, 'Bombeiros de gueda', 25);
insert into acciona values(3, 'Bombeiros de gueda', 25);
insert into acciona values(2, 'Bombeiros de gueda', 26);
insert into acciona values(3, 'Bombeiros de gueda', 26);
insert into acciona values(4, 'Bombeiros de gueda', 26);
insert into acciona values(3, 'Bombeiros de gueda', 27);
insert into acciona values(4, 'Bombeiros de gueda', 27);
insert into acciona values(0, 'Polcia de Trofa', 27);
insert into acciona values(4, 'Bombeiros de gueda', 28);
insert into acciona values(0, 'Polcia de Trofa', 28);
insert into acciona values(1, 'Polcia de Trofa', 28);
insert into acciona values(0, 'Polcia de Trofa', 29);
insert into acciona values(1, 'Polcia de Trofa', 29);
insert into acciona values(2, 'Polcia de Trofa', 29);
insert into acciona values(1, 'Polcia de Trofa', 30);
insert into acciona values(2, 'Polcia de Trofa', 30);
insert into acciona values(3, 'Polcia de Trofa', 30);
insert into acciona values(2, 'Polcia de Trofa', 31);
insert into acciona values(3, 'Polcia de Trofa', 31);
insert into acciona values(0, 'Bombeiros de Praia da Vitria', 31);
insert into acciona values(3, 'Polcia de Trofa', 32);
insert into acciona values(0, 'Bombeiros de Praia da Vitria', 32);
insert into acciona values(1, 'Bombeiros de Praia da Vitria', 32);
insert into acciona values(0, 'Bombeiros de Praia da Vitria', 33);
insert into acciona values(1, 'Bombeiros de Praia da Vitria', 33);
insert into acciona values(2, 'Bombeiros de Praia da Vitria', 33);
insert into acciona values(1, 'Bombeiros de Praia da Vitria', 34);
insert into acciona values(2, 'Bombeiros de Praia da Vitria', 34);
insert into acciona values(3, 'Bombeiros de Praia da Vitria', 34);
insert into acciona values(2, 'Bombeiros de Praia da Vitria', 35);
insert into acciona values(3, 'Bombeiros de Praia da Vitria', 35);
insert into acciona values(4, 'Bombeiros de Praia da Vitria', 35);
insert into acciona values(3, 'Bombeiros de Praia da Vitria', 36);
insert into acciona values(4, 'Bombeiros de Praia da Vitria', 36);
insert into acciona values(0, 'Junta de Freguesia de Barreiro', 36);
insert into acciona values(4, 'Bombeiros de Praia da Vitria', 37);
insert into acciona values(0, 'Junta de Freguesia de Barreiro', 37);
insert into acciona values(1, 'Junta de Freguesia de Barreiro', 37);
insert into acciona values(0, 'Junta de Freguesia de Barreiro', 38);
insert into acciona values(1, 'Junta de Freguesia de Barreiro', 38);
insert into acciona values(2, 'Junta de Freguesia de Barreiro', 38);
insert into acciona values(1, 'Junta de Freguesia de Barreiro', 39);
insert into acciona values(2, 'Junta de Freguesia de Barreiro', 39);
insert into acciona values(3, 'Junta de Freguesia de Barreiro', 39);
insert into acciona values(2, 'Junta de Freguesia de Barreiro', 40);
insert into acciona values(3, 'Junta de Freguesia de Barreiro', 40);
insert into acciona values(0, 'Bombeiros de Viana do Castelo', 40);
insert into acciona values(3, 'Junta de Freguesia de Barreiro', 41);
insert into acciona values(0, 'Bombeiros de Viana do Castelo', 41);
insert into acciona values(1, 'Bombeiros de Viana do Castelo', 41);
insert into acciona values(0, 'Bombeiros de Viana do Castelo', 42);
insert into acciona values(1, 'Bombeiros de Viana do Castelo', 42);
insert into acciona values(2, 'Bombeiros de Viana do Castelo', 42);
insert into acciona values(1, 'Bombeiros de Viana do Castelo', 43);
insert into acciona values(2, 'Bombeiros de Viana do Castelo', 43);
insert into acciona values(3, 'Bombeiros de Viana do Castelo', 43);
insert into acciona values(2, 'Bombeiros de Viana do Castelo', 44);
insert into acciona values(3, 'Bombeiros de Viana do Castelo', 44);
insert into acciona values(0, 'Polcia de Santo Andr', 44);
insert into acciona values(3, 'Bombeiros de Viana do Castelo', 45);
insert into acciona values(0, 'Polcia de Santo Andr', 45);
insert into acciona values(1, 'Polcia de Santo Andr', 45);
insert into acciona values(0, 'Polcia de Santo Andr', 46);
insert into acciona values(1, 'Polcia de Santo Andr', 46);
insert into acciona values(2, 'Polcia de Santo Andr', 46);
insert into acciona values(1, 'Polcia de Santo Andr', 47);
insert into acciona values(2, 'Polcia de Santo Andr', 47);
insert into acciona values(3, 'Polcia de Santo Andr', 47);
insert into acciona values(2, 'Polcia de Santo Andr', 48);
insert into acciona values(3, 'Polcia de Santo Andr', 48);
insert into acciona values(4, 'Polcia de Santo Andr', 48);
insert into acciona values(3, 'Polcia de Santo Andr', 49);
insert into acciona values(4, 'Polcia de Santo Andr', 49);
insert into acciona values(0, 'Junta de Freguesia de Pinhel', 49);
insert into acciona values(4, 'Polcia de Santo Andr', 50);
insert into acciona values(0, 'Junta de Freguesia de Pinhel', 50);
insert into acciona values(1, 'Junta de Freguesia de Pinhel', 50);
insert into acciona values(0, 'Junta de Freguesia de Pinhel', 51);
insert into acciona values(1, 'Junta de Freguesia de Pinhel', 51);
insert into acciona values(2, 'Junta de Freguesia de Pinhel', 51);
insert into acciona values(1, 'Junta de Freguesia de Pinhel', 52);
insert into acciona values(2, 'Junta de Freguesia de Pinhel', 52);
insert into acciona values(3, 'Junta de Freguesia de Pinhel', 52);
insert into acciona values(2, 'Junta de Freguesia de Pinhel', 53);
insert into acciona values(3, 'Junta de Freguesia de Pinhel', 53);
insert into acciona values(0, 'Polcia de Viseu', 53);
insert into acciona values(3, 'Junta de Freguesia de Pinhel', 54);
insert into acciona values(0, 'Polcia de Viseu', 54);
insert into acciona values(1, 'Polcia de Viseu', 54);
insert into acciona values(0, 'Polcia de Viseu', 55);
insert into acciona values(1, 'Polcia de Viseu', 55);
insert into acciona values(2, 'Polcia de Viseu', 55);
insert into acciona values(1, 'Polcia de Viseu', 56);
insert into acciona values(2, 'Polcia de Viseu', 56);
insert into acciona values(0, 'Bombeiros de Beja', 56);
insert into acciona values(2, 'Polcia de Viseu', 57);
insert into acciona values(0, 'Bombeiros de Beja', 57);
insert into acciona values(1, 'Bombeiros de Beja', 57);
insert into acciona values(0, 'Bombeiros de Beja', 58);
insert into acciona values(1, 'Bombeiros de Beja', 58);
insert into acciona values(2, 'Bombeiros de Beja', 58);
insert into acciona values(1, 'Bombeiros de Beja', 59);
insert into acciona values(2, 'Bombeiros de Beja', 59);
insert into acciona values(0, 'Junta de Freguesia de Queluz', 59);
insert into acciona values(2, 'Bombeiros de Beja', 60);
insert into acciona values(0, 'Junta de Freguesia de Queluz', 60);
insert into acciona values(1, 'Junta de Freguesia de Queluz', 60);
insert into acciona values(0, 'Junta de Freguesia de Queluz', 61);
insert into acciona values(1, 'Junta de Freguesia de Queluz', 61);
insert into acciona values(2, 'Junta de Freguesia de Queluz', 61);
insert into acciona values(1, 'Junta de Freguesia de Queluz', 62);
insert into acciona values(2, 'Junta de Freguesia de Queluz', 62);
insert into acciona values(3, 'Junta de Freguesia de Queluz', 62);
insert into acciona values(2, 'Junta de Freguesia de Queluz', 63);
insert into acciona values(3, 'Junta de Freguesia de Queluz', 63);
insert into acciona values(4, 'Junta de Freguesia de Queluz', 63);
insert into acciona values(3, 'Junta de Freguesia de Queluz', 64);
insert into acciona values(4, 'Junta de Freguesia de Queluz', 64);
insert into acciona values(0, 'Polcia de Ftima', 64);
insert into acciona values(4, 'Junta de Freguesia de Queluz', 65);
insert into acciona values(0, 'Polcia de Ftima', 65);
insert into acciona values(1, 'Polcia de Ftima', 65);
insert into acciona values(0, 'Polcia de Ftima', 66);
insert into acciona values(1, 'Polcia de Ftima', 66);
insert into acciona values(2, 'Polcia de Ftima', 66);
insert into acciona values(1, 'Polcia de Ftima', 67);
insert into acciona values(2, 'Polcia de Ftima', 67);
insert into acciona values(3, 'Polcia de Ftima', 67);
insert into acciona values(2, 'Polcia de Ftima', 68);
insert into acciona values(3, 'Polcia de Ftima', 68);
insert into acciona values(0, 'Junta de Freguesia de Tondela', 68);
insert into acciona values(3, 'Polcia de Ftima', 69);
insert into acciona values(0, 'Junta de Freguesia de Tondela', 69);
insert into acciona values(1, 'Junta de Freguesia de Tondela', 69);
insert into acciona values(0, 'Junta de Freguesia de Tondela', 70);
insert into acciona values(1, 'Junta de Freguesia de Tondela', 70);
insert into acciona values(2, 'Junta de Freguesia de Tondela', 70);
insert into acciona values(1, 'Junta de Freguesia de Tondela', 71);
insert into acciona values(2, 'Junta de Freguesia de Tondela', 71);
insert into acciona values(3, 'Junta de Freguesia de Tondela', 71);
insert into acciona values(2, 'Junta de Freguesia de Tondela', 72);
insert into acciona values(3, 'Junta de Freguesia de Tondela', 72);
insert into acciona values(0, 'Junta de Freguesia de Porto', 72);
insert into acciona values(3, 'Junta de Freguesia de Tondela', 73);
insert into acciona values(0, 'Junta de Freguesia de Porto', 73);
insert into acciona values(1, 'Junta de Freguesia de Porto', 73);
insert into acciona values(0, 'Junta de Freguesia de Porto', 74);
insert into acciona values(1, 'Junta de Freguesia de Porto', 74);
insert into acciona values(2, 'Junta de Freguesia de Porto', 74);
insert into acciona values(1, 'Junta de Freguesia de Porto', 75);
insert into acciona values(2, 'Junta de Freguesia de Porto', 75);
insert into acciona values(3, 'Junta de Freguesia de Porto', 75);
insert into acciona values(2, 'Junta de Freguesia de Porto', 76);
insert into acciona values(3, 'Junta de Freguesia de Porto', 76);
insert into acciona values(0, 'Polcia de Amadora', 76);
insert into acciona values(3, 'Junta de Freguesia de Porto', 77);
insert into acciona values(0, 'Polcia de Amadora', 77);
insert into acciona values(1, 'Polcia de Amadora', 77);
insert into acciona values(0, 'Polcia de Amadora', 78);
insert into acciona values(1, 'Polcia de Amadora', 78);
insert into acciona values(2, 'Polcia de Amadora', 78);
insert into acciona values(1, 'Polcia de Amadora', 79);
insert into acciona values(2, 'Polcia de Amadora', 79);
insert into acciona values(3, 'Polcia de Amadora', 79);
insert into acciona values(2, 'Polcia de Amadora', 80);
insert into acciona values(3, 'Polcia de Amadora', 80);
insert into acciona values(4, 'Polcia de Amadora', 80);
insert into acciona values(3, 'Polcia de Amadora', 81);
insert into acciona values(4, 'Polcia de Amadora', 81);
insert into acciona values(0, 'Polcia de Funchal', 81);
insert into acciona values(4, 'Polcia de Amadora', 82);
insert into acciona values(0, 'Polcia de Funchal', 82);
insert into acciona values(1, 'Polcia de Funchal', 82);
insert into acciona values(0, 'Polcia de Funchal', 83);
insert into acciona values(1, 'Polcia de Funchal', 83);
insert into acciona values(2, 'Polcia de Funchal', 83);
insert into acciona values(1, 'Polcia de Funchal', 84);
insert into acciona values(2, 'Polcia de Funchal', 84);
insert into acciona values(3, 'Polcia de Funchal', 84);
insert into acciona values(2, 'Polcia de Funchal', 85);
insert into acciona values(3, 'Polcia de Funchal', 85);
insert into acciona values(4, 'Polcia de Funchal', 85);
insert into acciona values(3, 'Polcia de Funchal', 86);
insert into acciona values(4, 'Polcia de Funchal', 86);
insert into acciona values(0, 'Bombeiros de Alcobaa', 86);
insert into acciona values(4, 'Polcia de Funchal', 87);
insert into acciona values(0, 'Bombeiros de Alcobaa', 87);
insert into acciona values(1, 'Bombeiros de Alcobaa', 87);
insert into acciona values(0, 'Bombeiros de Alcobaa', 88);
insert into acciona values(1, 'Bombeiros de Alcobaa', 88);
insert into acciona values(2, 'Bombeiros de Alcobaa', 88);
insert into acciona values(1, 'Bombeiros de Alcobaa', 89);
insert into acciona values(2, 'Bombeiros de Alcobaa', 89);
insert into acciona values(3, 'Bombeiros de Alcobaa', 89);
insert into acciona values(2, 'Bombeiros de Alcobaa', 90);
insert into acciona values(3, 'Bombeiros de Alcobaa', 90);
insert into acciona values(0, 'Polcia de Mirandela', 90);
insert into acciona values(3, 'Bombeiros de Alcobaa', 91);
insert into acciona values(0, 'Polcia de Mirandela', 91);
insert into acciona values(1, 'Polcia de Mirandela', 91);
insert into acciona values(0, 'Polcia de Mirandela', 92);
insert into acciona values(1, 'Polcia de Mirandela', 92);
insert into acciona values(2, 'Polcia de Mirandela', 92);
insert into acciona values(1, 'Polcia de Mirandela', 93);
insert into acciona values(2, 'Polcia de Mirandela', 93);
insert into acciona values(3, 'Polcia de Mirandela', 93);
insert into acciona values(2, 'Polcia de Mirandela', 94);
insert into acciona values(3, 'Polcia de Mirandela', 94);
insert into acciona values(0, 'Bombeiros de Ftima', 94);
insert into acciona values(3, 'Polcia de Mirandela', 95);
insert into acciona values(0, 'Bombeiros de Ftima', 95);
insert into acciona values(1, 'Bombeiros de Ftima', 95);
insert into acciona values(0, 'Bombeiros de Ftima', 96);
insert into acciona values(1, 'Bombeiros de Ftima', 96);
insert into acciona values(2, 'Bombeiros de Ftima', 96);
insert into acciona values(1, 'Bombeiros de Ftima', 97);
insert into acciona values(2, 'Bombeiros de Ftima', 97);
insert into acciona values(3, 'Bombeiros de Ftima', 97);
insert into acciona values(2, 'Bombeiros de Ftima', 98);
insert into acciona values(3, 'Bombeiros de Ftima', 98);
insert into acciona values(0, 'Bombeiros de Seixal', 98);
insert into acciona values(3, 'Bombeiros de Ftima', 99);
insert into acciona values(0, 'Bombeiros de Seixal', 99);
insert into acciona values(1, 'Bombeiros de Seixal', 99);
insert into acciona values(0, 'Bombeiros de Seixal', 100);
insert into acciona values(1, 'Bombeiros de Seixal', 100);
insert into acciona values(2, 'Bombeiros de Seixal', 100);
insert into acciona values(1, 'Bombeiros de Seixal', 101);
insert into acciona values(2, 'Bombeiros de Seixal', 101);
insert into acciona values(3, 'Bombeiros de Seixal', 101);



insert into coordenador values(0);
insert into coordenador values(1);
insert into coordenador values(2);
insert into coordenador values(3);
insert into coordenador values(4);
insert into coordenador values(5);
insert into coordenador values(6);
insert into coordenador values(7);
insert into coordenador values(8);
insert into coordenador values(9);
insert into coordenador values(10);
insert into coordenador values(11);
insert into coordenador values(12);
insert into coordenador values(13);
insert into coordenador values(14);
insert into coordenador values(15);
insert into coordenador values(16);
insert into coordenador values(17);
insert into coordenador values(18);
insert into coordenador values(19);
insert into coordenador values(20);
insert into coordenador values(21);
insert into coordenador values(22);
insert into coordenador values(23);
insert into coordenador values(24);
insert into coordenador values(25);
insert into coordenador values(26);
insert into coordenador values(27);
insert into coordenador values(28);
insert into coordenador values(29);
insert into coordenador values(30);
insert into coordenador values(31);
insert into coordenador values(32);
insert into coordenador values(33);
insert into coordenador values(34);
insert into coordenador values(35);
insert into coordenador values(36);
insert into coordenador values(37);
insert into coordenador values(38);
insert into coordenador values(39);
insert into coordenador values(40);
insert into coordenador values(41);
insert into coordenador values(42);
insert into coordenador values(43);
insert into coordenador values(44);
insert into coordenador values(45);
insert into coordenador values(46);
insert into coordenador values(47);
insert into coordenador values(48);
insert into coordenador values(49);
insert into coordenador values(50);
insert into coordenador values(51);
insert into coordenador values(52);
insert into coordenador values(53);
insert into coordenador values(54);
insert into coordenador values(55);
insert into coordenador values(56);
insert into coordenador values(57);
insert into coordenador values(58);
insert into coordenador values(59);
insert into coordenador values(60);
insert into coordenador values(61);
insert into coordenador values(62);
insert into coordenador values(63);
insert into coordenador values(64);
insert into coordenador values(65);
insert into coordenador values(66);
insert into coordenador values(67);
insert into coordenador values(68);
insert into coordenador values(69);
insert into coordenador values(70);
insert into coordenador values(71);
insert into coordenador values(72);
insert into coordenador values(73);
insert into coordenador values(74);
insert into coordenador values(75);
insert into coordenador values(76);
insert into coordenador values(77);
insert into coordenador values(78);
insert into coordenador values(79);
insert into coordenador values(80);
insert into coordenador values(81);
insert into coordenador values(82);
insert into coordenador values(83);
insert into coordenador values(84);
insert into coordenador values(85);
insert into coordenador values(86);
insert into coordenador values(87);
insert into coordenador values(88);
insert into coordenador values(89);
insert into coordenador values(90);
insert into coordenador values(91);
insert into coordenador values(92);
insert into coordenador values(93);
insert into coordenador values(94);
insert into coordenador values(95);
insert into coordenador values(96);
insert into coordenador values(97);
insert into coordenador values(98);
insert into coordenador values(99);
insert into coordenador values(100);
insert into coordenador values(101);



insert into audita values(0, 2, 'Junta de Freguesia de Sagres', 12, '2016-07-04 22:41:53', '2016-07-04 22:56:08', '2016-07-04 22:41:53', 'Auditado.');
insert into audita values(1, 4, 'Bombeiros de Lourosa', 22, '2016-05-16 13:25:14', '2016-05-16 13:30:31', '2016-05-16 13:25:14', 'Auditado.');
insert into audita values(2, 1, 'Bombeiros de Lourosa', 18, '2016-07-14 15:23:31', '2016-07-14 15:25:42', '2016-07-14 15:23:31', 'Auditado.');
insert into audita values(3, 3, 'Polcia de Mirandela', 94, '2017-01-12 17:00:39', '2017-01-12 17:14:28', '2017-01-12 17:00:39', 'Auditado.');
insert into audita values(4, 0, 'Junta de Freguesia de Peniche', 14, '2017-03-04 00:25:11', '2017-03-04 00:40:53', '2017-03-04 00:25:11', 'Auditado.');
insert into audita values(5, 0, 'Bombeiros de Viana do Castelo', 42, '2017-12-21 04:03:10', '2017-12-21 04:14:50', '2017-12-21 04:03:10', 'Auditado.');
insert into audita values(6, 0, 'Bombeiros de Lourosa', 18, '2017-06-28 21:31:14', '2017-06-28 21:49:56', '2017-06-28 21:31:14', 'Auditado.');
insert into audita values(7, 0, 'Polcia de Ftima', 65, '2017-01-30 01:25:11', '2017-01-30 01:33:44', '2017-01-30 01:25:11', 'Auditado.');
insert into audita values(8, 0, 'Bombeiros de Alcobaa', 87, '2017-05-11 10:43:42', '2017-05-11 11:02:34', '2017-05-11 10:43:42', 'Auditado.');
insert into audita values(9, 2, 'Bombeiros de Lourosa', 20, '2016-06-06 18:14:30', '2016-06-06 18:21:04', '2016-06-06 18:14:30', 'Auditado.');
insert into audita values(10, 1, 'Junta de Freguesia de Porto', 73, '2016-08-31 00:17:09', '2016-08-31 00:33:56', '2016-08-31 00:17:09', 'Auditado.');
insert into audita values(11, 2, 'Junta de Freguesia de Fundo', 5, '2018-03-07 13:05:32', '2018-03-07 13:11:20', '2018-03-07 13:05:32', 'Auditado.');
insert into audita values(12, 1, 'Polcia de Ftima', 65, '2017-07-04 04:17:26', '2017-07-04 04:33:56', '2017-07-04 04:17:26', 'Auditado.');
insert into audita values(13, 1, 'Junta de Freguesia de Fundo', 5, '2018-01-28 00:55:18', '2018-01-28 01:09:10', '2018-01-28 00:55:18', 'Auditado.');
insert into audita values(14, 0, 'Polcia de Ovar', 8, '2016-09-23 13:32:45', '2016-09-23 13:35:58', '2016-09-23 13:32:45', 'Auditado.');
insert into audita values(15, 4, 'Polcia de Funchal', 86, '2018-11-15 15:55:47', '2018-11-15 15:58:27', '2018-11-15 15:55:47', 'Auditado.');
insert into audita values(16, 1, 'Polcia de Amadora', 79, '2016-03-16 02:07:56', '2016-03-16 02:10:18', '2016-03-16 02:07:56', 'Auditado.');
insert into audita values(17, 3, 'Bombeiros de Lourosa', 22, '2018-11-17 20:57:49', '2018-11-17 21:09:30', '2018-11-17 20:57:49', 'Auditado.');
insert into audita values(18, 2, 'Bombeiros de Praia da Vitria', 33, '2017-10-27 14:58:47', '2017-10-27 15:12:48', '2017-10-27 14:58:47', 'Auditado.');
insert into audita values(19, 2, 'Polcia de Funchal', 85, '2016-10-18 05:13:43', '2016-10-18 05:33:10', '2016-10-18 05:13:43', 'Auditado.');
insert into audita values(20, 2, 'Bombeiros de Praia da Vitria', 34, '2018-08-13 01:30:27', '2018-08-13 01:38:18', '2018-08-13 01:30:27', 'Auditado.');
insert into audita values(21, 1, 'Polcia de Trofa', 29, '2018-07-07 06:39:25', '2018-07-07 06:49:06', '2018-07-07 06:39:25', 'Auditado.');
insert into audita values(22, 0, 'Bombeiros de Marco de Canavezes', 0, '2016-08-26 21:40:27', '2016-08-26 21:58:00', '2016-08-26 21:40:27', 'Auditado.');
insert into audita values(23, 1, 'Junta de Freguesia de Peniche', 14, '2018-03-11 14:02:04', '2018-03-11 14:15:59', '2018-03-11 14:02:04', 'Auditado.');
insert into audita values(24, 2, 'Junta de Freguesia de Sagres', 13, '2018-03-17 19:05:44', '2018-03-17 19:19:40', '2018-03-17 19:05:44', 'Auditado.');
insert into audita values(25, 1, 'Junta de Freguesia de Peniche', 16, '2018-11-14 00:44:17', '2018-11-14 00:47:15', '2018-11-14 00:44:17', 'Auditado.');
insert into audita values(26, 1, 'Bombeiros de Viana do Castelo', 41, '2016-10-04 13:20:09', '2016-10-04 13:39:32', '2016-10-04 13:20:09', 'Auditado.');
insert into audita values(27, 2, 'Polcia de Mirandela', 92, '2018-05-11 02:27:26', '2018-05-11 02:45:38', '2018-05-11 02:27:26', 'Auditado.');
insert into audita values(28, 1, 'Polcia de Viseu', 55, '2018-06-24 14:56:28', '2018-06-24 15:15:23', '2018-06-24 14:56:28', 'Auditado.');
insert into audita values(29, 2, 'Junta de Freguesia de Tondela', 70, '2018-09-25 23:13:05', '2018-09-25 23:22:42', '2018-09-25 23:13:05', 'Auditado.');
insert into audita values(30, 1, 'Polcia de Viseu', 54, '2018-03-16 03:23:32', '2018-03-16 03:30:21', '2018-03-16 03:23:32', 'Auditado.');
insert into audita values(31, 0, 'Bombeiros de Ftima', 94, '2018-11-28 19:44:43', '2018-11-28 20:04:05', '2018-11-28 19:44:43', 'Auditado.');
insert into audita values(32, 0, 'Junta de Freguesia de Tondela', 70, '2016-04-12 05:19:10', '2016-04-12 05:24:37', '2016-04-12 05:19:10', 'Auditado.');
insert into audita values(33, 1, 'Junta de Freguesia de Pinhel', 51, '2016-07-13 23:24:00', '2016-07-13 23:26:06', '2016-07-13 23:24:00', 'Auditado.');
insert into audita values(34, 3, 'Junta de Freguesia de Pinhel', 52, '2017-10-22 01:53:28', '2017-10-22 02:01:48', '2017-10-22 01:53:28', 'Auditado.');
insert into audita values(35, 0, 'Bombeiros de Viana do Castelo', 41, '2017-07-14 00:14:05', '2017-07-14 00:24:04', '2017-07-14 00:14:05', 'Auditado.');
insert into audita values(36, 3, 'Junta de Freguesia de Queluz', 62, '2018-08-12 02:29:00', '2018-08-12 02:48:34', '2018-08-12 02:29:00', 'Auditado.');
insert into audita values(37, 1, 'Bombeiros de Marco de Canavezes', 1, '2018-08-23 08:11:17', '2018-08-23 08:14:54', '2018-08-23 08:11:17', 'Auditado.');
insert into audita values(38, 0, 'Junta de Freguesia de Tondela', 70, '2018-03-18 14:27:19', '2018-03-18 14:35:37', '2018-03-18 14:27:19', 'Auditado.');
insert into audita values(39, 3, 'Polcia de Trofa', 32, '2018-02-18 18:25:49', '2018-02-18 18:41:43', '2018-02-18 18:25:49', 'Auditado.');
insert into audita values(40, 0, 'Bombeiros de Beja', 57, '2017-04-07 07:23:30', '2017-04-07 07:33:16', '2017-04-07 07:23:30', 'Auditado.');
insert into audita values(41, 1, 'Polcia de Amadora', 78, '2016-10-18 07:51:47', '2016-10-18 08:10:34', '2016-10-18 07:51:47', 'Auditado.');
insert into audita values(42, 3, 'Junta de Freguesia de Porto', 76, '2018-09-19 05:53:25', '2018-09-19 05:59:36', '2018-09-19 05:53:25', 'Auditado.');
insert into audita values(43, 3, 'Junta de Freguesia de Pinhel', 54, '2016-09-04 14:58:47', '2016-09-04 15:13:50', '2016-09-04 14:58:47', 'Auditado.');
insert into audita values(44, 0, 'Bombeiros de Marco de Canavezes', 0, '2017-04-13 04:35:37', '2017-04-13 04:39:30', '2017-04-13 04:35:37', 'Auditado.');
insert into audita values(45, 4, 'Bombeiros de Lourosa', 23, '2018-07-16 21:45:38', '2018-07-16 21:57:29', '2018-07-16 21:45:38', 'Auditado.');
insert into audita values(46, 0, 'Polcia de Ovar', 8, '2017-05-26 12:34:38', '2017-05-26 12:45:15', '2017-05-26 12:34:38', 'Auditado.');
insert into audita values(47, 4, 'Junta de Freguesia de Queluz', 65, '2018-04-28 17:29:25', '2018-04-28 17:31:51', '2018-04-28 17:29:25', 'Auditado.');
insert into audita values(48, 1, 'Junta de Freguesia de Pinhel', 50, '2017-07-04 06:13:23', '2017-07-04 06:28:49', '2017-07-04 06:13:23', 'Auditado.');
insert into audita values(49, 1, 'Polcia de Funchal', 82, '2017-12-20 16:44:55', '2017-12-20 17:02:28', '2017-12-20 16:44:55', 'Auditado.');
insert into audita values(50, 2, 'Polcia de Ftima', 66, '2017-04-12 09:37:41', '2017-04-12 09:44:43', '2017-04-12 09:37:41', 'Auditado.');
insert into audita values(51, 1, 'Polcia de Mirandela', 93, '2016-10-14 22:59:17', '2016-10-14 23:08:54', '2016-10-14 22:59:17', 'Auditado.');
insert into audita values(52, 3, 'Polcia de Mirandela', 93, '2017-04-01 09:37:22', '2017-04-01 09:42:27', '2017-04-01 09:37:22', 'Auditado.');
insert into audita values(53, 2, 'Junta de Freguesia de Tondela', 70, '2016-03-24 20:09:57', '2016-03-24 20:13:54', '2016-03-24 20:09:57', 'Auditado.');
insert into audita values(54, 2, 'Bombeiros de Seixal', 100, '2018-03-22 02:41:23', '2018-03-22 02:58:07', '2018-03-22 02:41:23', 'Auditado.');
insert into audita values(55, 0, 'Bombeiros de Marco de Canavezes', 0, '2016-10-31 01:56:00', '2016-10-31 02:12:53', '2016-10-31 01:56:00', 'Auditado.');
insert into audita values(56, 1, 'Junta de Freguesia de Sagres', 13, '2017-10-20 08:54:34', '2017-10-20 09:06:09', '2017-10-20 08:54:34', 'Auditado.');
insert into audita values(57, 1, 'Junta de Freguesia de Sagres', 11, '2016-05-11 10:14:07', '2016-05-11 10:23:44', '2016-05-11 10:14:07', 'Auditado.');
insert into audita values(58, 4, 'Polcia de Funchal', 85, '2018-02-27 06:32:03', '2018-02-27 06:34:21', '2018-02-27 06:32:03', 'Auditado.');
insert into audita values(59, 2, 'Bombeiros de Seixal', 101, '2018-01-15 18:15:47', '2018-01-15 18:32:12', '2018-01-15 18:15:47', 'Auditado.');
insert into audita values(60, 3, 'Junta de Freguesia de Fundo', 7, '2016-08-27 04:19:06', '2016-08-27 04:30:30', '2016-08-27 04:19:06', 'Auditado.');
insert into audita values(61, 2, 'Polcia de Mirandela', 94, '2016-03-06 11:30:56', '2016-03-06 11:47:38', '2016-03-06 11:30:56', 'Auditado.');
insert into audita values(62, 3, 'Polcia de Santo Andr', 49, '2017-05-27 10:08:41', '2017-05-27 10:14:34', '2017-05-27 10:08:41', 'Auditado.');
insert into audita values(63, 0, 'Junta de Freguesia de Queluz', 61, '2017-06-11 02:41:20', '2017-06-11 02:57:33', '2017-06-11 02:41:20', 'Auditado.');
insert into audita values(64, 1, 'Junta de Freguesia de Porto', 73, '2018-10-06 08:59:34', '2018-10-06 09:02:19', '2018-10-06 08:59:34', 'Auditado.');
insert into audita values(65, 1, 'Junta de Freguesia de Pinhel', 52, '2016-09-30 23:25:52', '2016-09-30 23:42:05', '2016-09-30 23:25:52', 'Auditado.');
insert into audita values(66, 2, 'Polcia de Ftima', 66, '2018-02-03 06:31:16', '2018-02-03 06:48:56', '2018-02-03 06:31:16', 'Auditado.');
insert into audita values(67, 2, 'Bombeiros de Seixal', 100, '2016-11-29 18:47:47', '2016-11-29 19:06:49', '2016-11-29 18:47:47', 'Auditado.');
insert into audita values(68, 3, 'Polcia de Mirandela', 95, '2018-12-07 16:21:41', '2018-12-07 16:32:59', '2018-12-07 16:21:41', 'Auditado.');
insert into audita values(69, 3, 'Bombeiros de Marco de Canavezes', 2, '2017-12-26 01:50:43', '2017-12-26 02:06:40', '2017-12-26 01:50:43', 'Auditado.');
insert into audita values(70, 3, 'Bombeiros de Marco de Canavezes', 2, '2016-02-03 17:49:08', '2016-02-03 17:58:37', '2016-02-03 17:49:08', 'Auditado.');
insert into audita values(71, 4, 'Polcia de Amadora', 80, '2018-06-24 21:16:11', '2018-06-24 21:23:58', '2018-06-24 21:16:11', 'Auditado.');
insert into audita values(72, 2, 'Bombeiros de Ftima', 97, '2017-07-28 04:12:37', '2017-07-28 04:27:46', '2017-07-28 04:12:37', 'Auditado.');
insert into audita values(73, 3, 'Bombeiros de gueda', 27, '2017-09-10 20:02:23', '2017-09-10 20:05:06', '2017-09-10 20:02:23', 'Auditado.');
insert into audita values(74, 1, 'Bombeiros de gueda', 25, '2016-06-22 01:21:48', '2016-06-22 01:35:51', '2016-06-22 01:21:48', 'Auditado.');
insert into audita values(75, 1, 'Polcia de Viseu', 54, '2017-05-17 13:05:05', '2017-05-17 13:22:31', '2017-05-17 13:05:05', 'Auditado.');
insert into audita values(76, 1, 'Bombeiros de Alcobaa', 89, '2017-02-09 00:06:22', '2017-02-09 00:08:46', '2017-02-09 00:06:22', 'Auditado.');
insert into audita values(77, 0, 'Polcia de Ftima', 66, '2018-07-15 16:26:20', '2018-07-15 16:41:41', '2018-07-15 16:26:20', 'Auditado.');
insert into audita values(78, 0, 'Bombeiros de Beja', 56, '2017-04-22 02:35:18', '2017-04-22 02:53:07', '2017-04-22 02:35:18', 'Auditado.');
insert into audita values(79, 0, 'Bombeiros de Alcobaa', 87, '2016-08-15 21:27:37', '2016-08-15 21:35:18', '2016-08-15 21:27:37', 'Auditado.');
insert into audita values(80, 2, 'Polcia de Ftima', 68, '2017-07-28 19:10:16', '2017-07-28 19:17:28', '2017-07-28 19:10:16', 'Auditado.');
insert into audita values(81, 0, 'Bombeiros de gueda', 24, '2017-02-13 08:21:45', '2017-02-13 08:30:52', '2017-02-13 08:21:45', 'Auditado.');
insert into audita values(82, 1, 'Bombeiros de Praia da Vitria', 34, '2016-02-14 10:09:06', '2016-02-14 10:16:25', '2016-02-14 10:09:06', 'Auditado.');
insert into audita values(83, 2, 'Bombeiros de Marco de Canavezes', 1, '2018-07-24 21:34:15', '2018-07-24 21:42:19', '2018-07-24 21:34:15', 'Auditado.');
insert into audita values(84, 0, 'Bombeiros de Alcobaa', 88, '2016-02-06 04:04:52', '2016-02-06 04:11:50', '2016-02-06 04:04:52', 'Auditado.');
insert into audita values(85, 0, 'Junta de Freguesia de Fundo', 4, '2016-11-28 07:53:10', '2016-11-28 07:55:43', '2016-11-28 07:53:10', 'Auditado.');
insert into audita values(86, 3, 'Bombeiros de Viana do Castelo', 44, '2016-02-11 18:10:10', '2016-02-11 18:12:52', '2016-02-11 18:10:10', 'Auditado.');
insert into audita values(87, 1, 'Junta de Freguesia de Pinhel', 52, '2017-12-16 12:11:57', '2017-12-16 12:18:32', '2017-12-16 12:11:57', 'Auditado.');
insert into audita values(88, 1, 'Polcia de Mirandela', 93, '2018-03-15 08:41:03', '2018-03-15 08:43:52', '2018-03-15 08:41:03', 'Auditado.');
insert into audita values(89, 0, 'Bombeiros de Alcobaa', 88, '2016-02-04 15:36:22', '2016-02-04 15:46:43', '2016-02-04 15:36:22', 'Auditado.');
insert into audita values(90, 1, 'Polcia de Santo Andr', 47, '2018-11-19 13:13:10', '2018-11-19 13:26:18', '2018-11-19 13:13:10', 'Auditado.');
insert into audita values(91, 2, 'Bombeiros de Praia da Vitria', 34, '2017-08-07 09:45:12', '2017-08-07 10:04:04', '2017-08-07 09:45:12', 'Auditado.');
insert into audita values(92, 4, 'Bombeiros de Lourosa', 21, '2016-01-13 03:45:36', '2016-01-13 03:47:38', '2016-01-13 03:45:36', 'Auditado.');
insert into audita values(93, 0, 'Polcia de Trofa', 29, '2018-02-27 12:10:48', '2018-02-27 12:23:32', '2018-02-27 12:10:48', 'Auditado.');
insert into audita values(94, 2, 'Polcia de Trofa', 30, '2017-10-28 15:36:51', '2017-10-28 15:48:49', '2017-10-28 15:36:51', 'Auditado.');
insert into audita values(95, 0, 'Junta de Freguesia de Queluz', 60, '2016-06-23 11:14:48', '2016-06-23 11:29:43', '2016-06-23 11:14:48', 'Auditado.');
insert into audita values(96, 3, 'Polcia de Amadora', 80, '2016-12-09 17:27:04', '2016-12-09 17:35:18', '2016-12-09 17:27:04', 'Auditado.');
insert into audita values(97, 1, 'Polcia de Mirandela', 93, '2018-11-16 22:21:02', '2018-11-16 22:26:49', '2018-11-16 22:21:02', 'Auditado.');
insert into audita values(98, 1, 'Bombeiros de Praia da Vitria', 32, '2018-08-10 12:54:17', '2018-08-10 13:01:38', '2018-08-10 12:54:17', 'Auditado.');
insert into audita values(99, 0, 'Bombeiros de Marco de Canavezes', 0, '2018-08-26 11:15:55', '2018-08-26 11:32:17', '2018-08-26 11:15:55', 'Auditado.');
insert into audita values(100, 2, 'Junta de Freguesia de Sagres', 14, '2017-06-21 04:34:11', '2017-06-21 04:44:25', '2017-06-21 04:34:11', 'Auditado.');
insert into audita values(101, 1, 'Bombeiros de Praia da Vitria', 33, '2018-11-20 08:42:47', '2018-11-20 08:58:48', '2018-11-20 08:42:47', 'Auditado.');
