DROP TABLE IF EXISTS camara CASCADE;
DROP TABLE IF EXISTS video CASCADE;
DROP TABLE IF EXISTS segmentoVideo CASCADE;
DROP TABLE IF EXISTS vigia CASCADE;
DROP TABLE IF EXISTS eventoEmergencia CASCADE;
DROP TABLE IF EXISTS processoSocorro CASCADE;
DROP TABLE IF EXISTS entidadeMeio CASCADE;
DROP TABLE IF EXISTS meio CASCADE;
DROP TABLE IF EXISTS local CASCADE;
DROP TABLE IF EXISTS meioCombate CASCADE;
DROP TABLE IF EXISTS meioApoio CASCADE;
DROP TABLE IF EXISTS meioSocorro CASCADE;
DROP TABLE IF EXISTS transporta CASCADE;
DROP TABLE IF EXISTS alocado CASCADE;
DROP TABLE IF EXISTS acciona CASCADE;
DROP TABLE IF EXISTS coordenador CASCADE;
DROP TABLE IF EXISTS audita CASCADE;
DROP TABLE IF EXISTS solicita CASCADE;

----------------------------------------
-- Table Creation
----------------------------------------

CREATE TABLE camara(
    numCamara INT NOT NULL UNIQUE,
    PRIMARY KEY(numCamara)
);

CREATE TABLE video(
    dataHoraInicio TIMESTAMP NOT NULL,
    dataHoraFim TIMESTAMP NOT NULL,
    numCamara INT NOT NULL,
    PRIMARY KEY(dataHoraInicio, numCamara),
    FOREIGN KEY(numCamara) REFERENCES camara(numCamara) ON DELETE CASCADE
);

CREATE TABLE segmentoVideo (
    numSegmento INT NOT NULL,
    duracao INT NOT NULL,
    dataHoraInicio TIMESTAMP NOT NULL,
    numCamara INT NOT NULL,
    PRIMARY KEY(numSegmento, dataHoraInicio, numCamara),
    FOREIGN KEY(dataHoraInicio, numCamara) REFERENCES video(dataHoraInicio, numCamara) ON DELETE CASCADE
);

CREATE TABLE local(
    moradaLocal VARCHAR(255),
    PRIMARY KEY(moradaLocal)
);

CREATE TABLE vigia(
    moradaLocal VARCHAR(255),
    numCamara INT NOT NULL,
    PRIMARY KEY(moradaLocal, numCamara),
    FOREIGN KEY(moradaLocal) REFERENCES local(moradaLocal) ON DELETE CASCADE,
    FOREIGN KEY(numCamara) REFERENCES camara(numCamara) ON DELETE CASCADE
);

CREATE TABLE processoSocorro(
    numProcessoSocorro INT NOT NULL,
    PRIMARY KEY(numProcessoSocorro)
);

CREATE TABLE eventoEmergencia(
    numTelefone VARCHAR(13) NOT NULL,
    instanteChamada TIMESTAMP NOT NULL,
    nomePessoa VARCHAR(255),
    moradaLocal VARCHAR(255),
    numProcessoSocorro INT NOT NULL,
    PRIMARY KEY(numTelefone, instanteChamada),
    FOREIGN KEY(moradaLocal) REFERENCES local(moradaLocal) ON DELETE CASCADE,
    FOREIGN KEY(numProcessoSocorro) REFERENCES processoSocorro(numProcessoSocorro) ON DELETE CASCADE
);

CREATE TABLE entidadeMeio(
    nomeEntidade VARCHAR(255) NOT NULL,
    PRIMARY KEY(nomeEntidade)
);

CREATE TABLE meio(
    numMeio INT NOT NULL,
    nomeMeio VARCHAR(255) NOT NULL,
    nomeEntidade VARCHAR(255) NOT NULL,
    PRIMARY KEY(numMeio, nomeEntidade),
    FOREIGN KEY(nomeEntidade) REFERENCES entidadeMeio(nomeEntidade) ON DELETE CASCADE
);

CREATE TABLE meioCombate(
    numMeio INT NOT NULL,
    nomeEntidade VARCHAR(255) NOT NULL,
    PRIMARY KEY(numMeio, nomeEntidade),
    FOREIGN KEY(numMeio, nomeEntidade) REFERENCES meio(numMeio, nomeEntidade) ON DELETE CASCADE
);

CREATE TABLE meioApoio(
    numMeio INT NOT NULL,
    nomeEntidade VARCHAR(255) NOT NULL,
    PRIMARY KEY(numMeio, nomeEntidade),
    FOREIGN KEY(numMeio, nomeEntidade) REFERENCES meio(numMeio, nomeEntidade) ON DELETE CASCADE
);

CREATE TABLE meioSocorro(
    numMeio INT NOT NULL,
    nomeEntidade VARCHAR(255) NOT NULL,
    PRIMARY KEY(numMeio, nomeEntidade),
    FOREIGN KEY(numMeio, nomeEntidade) REFERENCES meio(numMeio, nomeEntidade) ON DELETE CASCADE
);

CREATE TABLE transporta(
    numMeio INT NOT NULL,
    nomeEntidade VARCHAR(255) NOT NULL,
    numVitimas INT,
    numProcessoSocorro INT NOT NULL ,
    PRIMARY KEY(numMeio, nomeEntidade, numProcessoSocorro),
    FOREIGN KEY(numMeio, nomeEntidade) REFERENCES meioSocorro(numMeio, nomeEntidade) ON DELETE CASCADE,
    FOREIGN KEY(numProcessoSocorro) REFERENCES processoSocorro(numProcessoSocorro) ON DELETE CASCADE
);

CREATE TABLE alocado(
    numMeio INT NOT NULL,
    nomeEntidade VARCHAR(255) NOT NULL,
    numHoras INT NOT NULL,
    numProcessoSocorro INT NOT NULL,
    FOREIGN KEY(numMeio, nomeEntidade) REFERENCES meioApoio(numMeio, nomeEntidade) ON DELETE CASCADE,
    FOREIGN KEY(numProcessoSocorro) REFERENCES processoSocorro(numProcessoSocorro) ON DELETE CASCADE
);

CREATE TABLE acciona(
    numMeio INT NOT NULL,
    nomeEntidade VARCHAR(255) NOT NULL,
    numProcessoSocorro INT NOT NULL,
    PRIMARY KEY(numMeio, nomeEntidade, numProcessoSocorro),
    FOREIGN KEY(numMeio, nomeEntidade) REFERENCES meio(numMeio, nomeEntidade) ON DELETE CASCADE,
    FOREIGN KEY(numProcessoSocorro) REFERENCES processoSocorro(numProcessoSocorro) ON DELETE CASCADE
);

CREATE TABLE coordenador(
    idCoordenador INT NOT NULL UNIQUE,
    PRIMARY KEY(idCoordenador)
);

CREATE TABLE audita(
    idCoordenador INT NOT NULL UNIQUE,
    numMeio INT NOT NULL,
    nomeEntidade VARCHAR(255) NOT NULL,
    numProcessoSocorro INT NOT NULL,
    dataHoraInicio TIMESTAMP NOT NULL,
    dataHoraFim TIMESTAMP NOT NULL,
    dataAuditoria TIMESTAMP NOT NULL,
    texto TEXT NOT NULL,
    PRIMARY KEY(idCoordenador, numMeio, nomeEntidade, numProcessoSocorro, dataHoraInicio, dataHoraFim, dataAuditoria, texto),
    FOREIGN KEY(numMeio, nomeEntidade, numProcessoSocorro) REFERENCES acciona(numMeio, nomeEntidade, numProcessoSocorro) ON DELETE CASCADE,
    FOREIGN KEY(idCoordenador) REFERENCES coordenador(idCoordenador) ON DELETE CASCADE
);

-- CREATE TABLE solicita(
--     idCoordenador INT NOT NULL UNIQUE,
--     dataHoraInicioVideo TIMESTAMP NOT NULL,
--     numCamara INT NOT NULL,
--     dataHoraInicio TIMESTAMP NOT NULL,
--     dataHoraFim TIMESTAMP NOT NULL,
--     PRIMARY KEY(idCoordenador, dataHoraInicioVideo, numCamara),
--     FOREIGN KEY(idCoordenador) REFERENCES coordenador(idCoordenador) ON DELETE CASCADE,
--     FOREIGN KEY(dataHoraInicioVideo, numCamara) REFERENCES video(dataHoraInicio, numCamara) ON DELETE CASCADE
-- );



----------------------------------------
-- Populate Relations 
----------------------------------------

insert into camara values(0);
insert into camara values(1);
insert into camara values(2);
insert into camara values(3);
insert into camara values(4);
insert into camara values(5);
insert into camara values(6);
insert into camara values(7);
insert into camara values(8);
insert into camara values(9);
insert into camara values(10);
insert into camara values(11);
insert into camara values(12);
insert into camara values(13);
insert into camara values(14);
insert into camara values(15);
insert into camara values(16);
insert into camara values(17);
insert into camara values(18);
insert into camara values(19);
insert into camara values(20);
insert into camara values(21);
insert into camara values(22);
insert into camara values(23);
insert into camara values(24);
insert into camara values(25);
insert into camara values(26);
insert into camara values(27);
insert into camara values(28);
insert into camara values(29);
insert into camara values(30);
insert into camara values(31);
insert into camara values(32);
insert into camara values(33);
insert into camara values(34);
insert into camara values(35);
insert into camara values(36);
insert into camara values(37);
insert into camara values(38);
insert into camara values(39);
insert into camara values(40);
insert into camara values(41);
insert into camara values(42);
insert into camara values(43);
insert into camara values(44);
insert into camara values(45);
insert into camara values(46);
insert into camara values(47);
insert into camara values(48);
insert into camara values(49);
insert into camara values(50);
insert into camara values(51);
insert into camara values(52);
insert into camara values(53);
insert into camara values(54);
insert into camara values(55);
insert into camara values(56);
insert into camara values(57);
insert into camara values(58);
insert into camara values(59);
insert into camara values(60);
insert into camara values(61);
insert into camara values(62);
insert into camara values(63);
insert into camara values(64);
insert into camara values(65);
insert into camara values(66);
insert into camara values(67);
insert into camara values(68);
insert into camara values(69);
insert into camara values(70);
insert into camara values(71);
insert into camara values(72);
insert into camara values(73);
insert into camara values(74);
insert into camara values(75);
insert into camara values(76);
insert into camara values(77);
insert into camara values(78);
insert into camara values(79);
insert into camara values(80);
insert into camara values(81);
insert into camara values(82);
insert into camara values(83);
insert into camara values(84);
insert into camara values(85);
insert into camara values(86);
insert into camara values(87);
insert into camara values(88);
insert into camara values(89);
insert into camara values(90);
insert into camara values(91);
insert into camara values(92);
insert into camara values(93);
insert into camara values(94);
insert into camara values(95);
insert into camara values(96);
insert into camara values(97);
insert into camara values(98);
insert into camara values(99);
insert into camara values(100);
insert into camara values(101);



insert into video values('2016-02-08 17:18:59', '2016-02-08 17:44:59', 0);
insert into video values('2017-03-21 03:14:45', '2017-03-21 03:27:45', 0);
insert into video values('2018-12-07 04:58:28', '2018-12-07 05:08:28', 0);
insert into video values('2018-08-01 23:42:42', '2018-08-01 23:57:42', 1);
insert into video values('2017-12-23 22:33:55', '2017-12-23 22:50:55', 1);
insert into video values('2018-12-23 13:41:17', '2018-12-23 14:08:17', 2);
insert into video values('2016-02-01 00:49:16', '2016-02-01 01:19:16', 2);
insert into video values('2016-10-22 21:18:36', '2016-10-22 21:40:36', 2);
insert into video values('2018-04-12 01:19:14', '2018-04-12 01:43:14', 2);
insert into video values('2018-06-26 23:09:30', '2018-06-26 23:28:30', 3);
insert into video values('2018-08-12 22:49:39', '2018-08-12 23:12:39', 3);
insert into video values('2018-07-27 07:05:48', '2018-07-27 07:24:48', 4);
insert into video values('2018-09-20 08:34:24', '2018-09-20 09:02:24', 4);
insert into video values('2017-12-22 13:52:32', '2017-12-22 14:08:32', 4);
insert into video values('2016-04-13 15:28:41', '2016-04-13 15:44:41', 5);
insert into video values('2017-10-02 08:42:28', '2017-10-02 09:03:28', 5);
insert into video values('2016-02-20 20:11:54', '2016-02-20 20:21:54', 5);
insert into video values('2016-06-14 14:06:13', '2016-06-14 14:20:13', 6);
insert into video values('2016-07-24 19:59:58', '2016-07-24 20:19:58', 6);
insert into video values('2017-06-22 17:11:16', '2017-06-22 17:37:16', 7);
insert into video values('2016-06-17 20:37:57', '2016-06-17 20:57:57', 7);
insert into video values('2018-01-26 12:24:30', '2018-01-26 12:53:30', 8);
insert into video values('2018-05-09 19:36:55', '2018-05-09 20:06:55', 8);
insert into video values('2018-01-27 04:27:15', '2018-01-27 04:45:15', 8);
insert into video values('2018-09-05 04:59:25', '2018-09-05 05:28:25', 8);
insert into video values('2016-10-28 06:03:21', '2016-10-28 06:17:21', 9);
insert into video values('2017-04-03 19:24:09', '2017-04-03 19:47:09', 9);
insert into video values('2017-10-05 09:21:40', '2017-10-05 09:49:40', 9);
insert into video values('2017-05-11 18:37:09', '2017-05-11 18:47:09', 10);
insert into video values('2017-02-13 14:18:30', '2017-02-13 14:44:30', 10);
insert into video values('2017-11-07 17:36:57', '2017-11-07 17:53:57', 10);
insert into video values('2018-08-10 09:34:12', '2018-08-10 09:52:12', 11);
insert into video values('2016-11-08 13:11:36', '2016-11-08 13:26:36', 11);
insert into video values('2018-12-22 06:48:10', '2018-12-22 06:59:10', 12);
insert into video values('2016-03-28 16:03:27', '2016-03-28 16:15:27', 12);
insert into video values('2016-03-27 00:59:39', '2016-03-27 02:17:39', 12);
insert into video values('2018-10-23 13:56:53', '2018-10-23 14:08:53', 12);
insert into video values('2018-12-19 23:22:30', '2018-12-19 23:41:30', 13);
insert into video values('2017-04-06 02:33:56', '2017-04-06 02:50:56', 13);
insert into video values('2017-12-03 22:56:10', '2017-12-03 23:19:10', 13);
insert into video values('2018-04-22 03:06:36', '2018-04-22 03:18:36', 14);
insert into video values('2017-09-07 02:43:41', '2017-09-07 02:58:41', 14);
insert into video values('2017-10-11 06:11:46', '2017-10-11 06:25:46', 14);
insert into video values('2018-10-02 07:35:11', '2018-10-02 08:02:11', 14);
insert into video values('2017-09-27 00:29:58', '2017-09-27 00:46:58', 15);
insert into video values('2017-06-18 22:20:58', '2017-06-18 22:46:58', 15);
insert into video values('2017-01-08 01:52:43', '2017-01-08 02:12:43', 16);
insert into video values('2018-11-18 14:49:57', '2018-11-18 15:15:57', 16);
insert into video values('2016-04-07 09:28:11', '2016-04-07 09:44:11', 17);
insert into video values('2017-09-04 07:03:09', '2017-09-04 07:17:09', 17);
insert into video values('2017-02-05 14:38:18', '2017-02-05 14:56:18', 18);
insert into video values('2018-02-17 09:37:51', '2018-02-17 09:54:51', 18);
insert into video values('2018-09-21 19:16:18', '2018-09-21 19:46:18', 18);
insert into video values('2018-06-07 13:46:19', '2018-06-07 13:59:19', 18);
insert into video values('2016-12-18 18:02:43', '2016-12-18 18:24:43', 19);
insert into video values('2017-12-11 19:25:11', '2017-12-11 19:51:11', 19);
insert into video values('2016-05-03 17:29:13', '2016-05-03 17:52:13', 20);
insert into video values('2017-02-11 16:51:35', '2017-02-11 17:03:35', 20);
insert into video values('2018-09-30 22:31:16', '2018-09-30 22:41:16', 20);
insert into video values('2017-04-11 20:57:32', '2017-04-11 21:15:32', 20);
insert into video values('2018-03-31 07:43:15', '2018-03-31 08:08:15', 21);
insert into video values('2018-10-03 12:53:50', '2018-10-03 13:20:50', 21);
insert into video values('2018-06-16 22:05:30', '2018-06-16 22:27:30', 21);
insert into video values('2016-08-31 20:04:28', '2016-08-31 20:20:28', 21);
insert into video values('2017-01-25 13:06:36', '2017-01-25 13:27:36', 22);
insert into video values('2018-01-03 08:24:07', '2018-01-03 08:44:07', 22);
insert into video values('2016-04-11 09:51:55', '2016-04-11 10:09:55', 23);
insert into video values('2018-09-19 12:46:25', '2018-09-19 13:06:25', 23);
insert into video values('2016-12-15 23:13:34', '2016-12-15 23:33:34', 23);
insert into video values('2016-01-13 02:36:22', '2016-01-13 03:05:22', 24);
insert into video values('2017-12-12 07:48:54', '2017-12-12 08:02:54', 24);
insert into video values('2018-11-12 23:03:10', '2018-11-12 23:29:10', 25);
insert into video values('2018-04-05 08:41:13', '2018-04-05 08:51:13', 25);
insert into video values('2017-12-10 05:07:13', '2017-12-10 05:33:13', 25);
insert into video values('2018-10-28 12:39:04', '2018-10-28 12:59:04', 26);
insert into video values('2018-08-14 08:26:32', '2018-08-14 08:45:32', 26);
insert into video values('2016-03-09 04:08:57', '2016-03-09 04:18:57', 26);
insert into video values('2017-01-13 00:45:34', '2017-01-13 00:59:34', 27);
insert into video values('2016-02-21 11:51:39', '2016-02-21 12:04:39', 27);
insert into video values('2017-02-01 00:29:19', '2017-02-01 00:41:19', 27);
insert into video values('2017-01-09 07:09:51', '2017-01-09 07:36:51', 28);
insert into video values('2017-12-30 14:18:29', '2017-12-30 14:45:29', 28);
insert into video values('2018-07-16 00:07:06', '2018-07-16 00:28:06', 28);
insert into video values('2018-08-11 00:52:35', '2018-08-11 01:10:35', 29);
insert into video values('2018-09-30 03:50:52', '2018-09-30 04:07:52', 29);
insert into video values('2018-11-03 18:44:09', '2018-11-03 19:14:09', 29);
insert into video values('2016-02-10 00:37:15', '2016-02-10 00:48:15', 30);
insert into video values('2018-05-03 23:31:59', '2018-05-03 23:53:59', 30);
insert into video values('2018-01-07 16:06:33', '2018-01-07 16:23:33', 30);
insert into video values('2016-10-27 07:45:23', '2016-10-27 08:00:23', 30);
insert into video values('2016-05-24 08:32:57', '2016-05-24 09:02:57', 31);
insert into video values('2017-12-23 23:24:37', '2017-12-23 23:37:37', 31);
insert into video values('2018-10-21 01:25:24', '2018-10-21 01:49:24', 31);
insert into video values('2016-05-26 09:06:33', '2016-05-26 09:22:33', 32);
insert into video values('2018-03-14 14:38:56', '2018-03-14 14:55:56', 32);
insert into video values('2018-09-01 08:41:39', '2018-09-01 08:57:39', 32);
insert into video values('2017-01-10 03:45:31', '2017-01-10 03:59:31', 33);
insert into video values('2018-12-27 20:33:23', '2018-12-27 21:03:23', 33);
insert into video values('2017-02-22 20:41:08', '2017-02-22 20:58:08', 33);
insert into video values('2017-04-29 06:16:23', '2017-04-29 06:39:23', 34);
insert into video values('2018-07-30 03:12:04', '2018-07-30 03:42:04', 34);
insert into video values('2017-09-07 05:21:36', '2017-09-07 05:40:36', 34);
insert into video values('2016-08-01 17:40:22', '2016-08-01 17:50:22', 34);
insert into video values('2018-12-10 05:08:05', '2018-12-10 05:18:05', 35);
insert into video values('2018-10-12 10:12:55', '2018-10-12 10:40:55', 35);
insert into video values('2018-06-19 01:22:33', '2018-06-19 01:50:33', 36);
insert into video values('2017-01-04 06:41:50', '2017-01-04 06:58:50', 36);
insert into video values('2018-10-08 03:38:11', '2018-10-08 04:01:11', 36);
insert into video values('2018-11-14 15:42:18', '2018-11-14 16:10:18', 37);
insert into video values('2016-01-03 08:02:35', '2016-01-03 08:26:35', 37);
insert into video values('2017-12-29 11:16:50', '2017-12-29 11:39:50', 37);
insert into video values('2017-07-11 12:22:31', '2017-07-11 12:48:31', 37);
insert into video values('2018-09-04 23:49:27', '2018-09-05 00:02:27', 38);
insert into video values('2016-06-18 20:10:59', '2016-06-18 20:20:59', 38);
insert into video values('2016-01-10 12:53:34', '2016-01-10 13:21:34', 38);
insert into video values('2016-07-02 21:34:08', '2016-07-02 21:56:08', 38);
insert into video values('2018-04-25 18:14:08', '2018-04-25 18:38:08', 39);
insert into video values('2016-11-17 05:58:34', '2016-11-17 06:21:34', 39);
insert into video values('2018-04-17 02:26:20', '2018-04-17 02:37:20', 40);
insert into video values('2017-12-08 00:23:14', '2017-12-08 00:51:14', 40);
insert into video values('2016-11-25 00:22:09', '2016-11-25 00:46:09', 40);
insert into video values('2018-09-21 02:25:37', '2018-09-21 02:44:37', 41);
insert into video values('2017-04-15 23:40:03', '2017-04-15 23:51:03', 41);
insert into video values('2017-07-15 12:03:34', '2017-07-15 12:22:34', 42);
insert into video values('2016-03-16 16:19:12', '2016-03-16 16:48:12', 42);
insert into video values('2017-07-19 14:02:09', '2017-07-19 14:28:09', 43);
insert into video values('2016-09-23 00:30:46', '2016-09-23 00:54:46', 43);
insert into video values('2016-05-22 03:01:34', '2016-05-22 03:13:34', 43);
insert into video values('2016-09-28 04:11:48', '2016-09-28 04:25:48', 44);
insert into video values('2016-08-06 11:00:11', '2016-08-06 11:12:11', 44);
insert into video values('2017-10-09 04:17:08', '2017-10-09 04:36:08', 44);
insert into video values('2017-02-23 03:14:04', '2017-02-23 03:29:04', 45);
insert into video values('2017-10-28 18:52:21', '2017-10-28 19:02:21', 45);
insert into video values('2018-10-31 12:48:00', '2018-10-31 13:07:00', 45);
insert into video values('2018-09-20 05:28:48', '2018-09-20 05:47:48', 45);
insert into video values('2018-12-08 16:10:24', '2018-12-08 16:22:24', 46);
insert into video values('2016-10-30 16:23:09', '2016-10-30 16:53:09', 46);
insert into video values('2017-12-30 14:57:15', '2017-12-30 15:15:15', 46);
insert into video values('2016-12-19 07:06:26', '2016-12-19 07:31:26', 47);
insert into video values('2018-03-28 23:04:09', '2018-03-28 23:23:09', 47);
insert into video values('2016-03-21 10:32:31', '2016-03-21 11:01:31', 47);
insert into video values('2018-06-05 02:56:39', '2018-06-05 03:21:39', 47);
insert into video values('2018-05-27 10:29:38', '2018-05-27 10:57:38', 48);
insert into video values('2016-03-23 10:51:53', '2016-03-23 11:11:53', 48);
insert into video values('2017-08-27 03:50:10', '2017-08-27 04:16:10', 49);
insert into video values('2016-04-18 01:42:12', '2016-04-18 01:55:12', 49);
insert into video values('2017-01-08 20:57:31', '2017-01-08 21:07:31', 50);
insert into video values('2018-07-06 17:14:38', '2018-07-06 17:37:38', 50);
insert into video values('2018-10-23 15:26:47', '2018-10-23 15:40:47', 50);
insert into video values('2018-09-20 17:08:55', '2018-09-20 17:19:55', 51);
insert into video values('2016-11-14 11:20:15', '2016-11-14 11:32:15', 51);
insert into video values('2017-07-20 16:10:05', '2017-07-20 16:34:05', 52);
insert into video values('2016-03-28 05:21:45', '2016-03-28 05:48:45', 52);
insert into video values('2018-03-29 19:17:42', '2018-03-29 19:38:42', 52);
insert into video values('2016-04-08 22:37:41', '2016-04-08 23:04:41', 52);
insert into video values('2017-01-22 16:08:46', '2017-01-22 16:18:46', 53);
insert into video values('2018-04-18 08:11:57', '2018-04-18 08:39:57', 53);
insert into video values('2016-03-21 08:29:57', '2016-03-21 08:50:57', 53);
insert into video values('2018-07-04 00:37:39', '2018-07-04 00:55:39', 53);
insert into video values('2017-06-22 05:12:41', '2017-06-22 05:35:41', 54);
insert into video values('2017-12-16 05:30:02', '2017-12-16 05:58:02', 54);
insert into video values('2017-05-03 17:35:55', '2017-05-03 17:50:55', 54);
insert into video values('2017-12-28 12:40:17', '2017-12-28 13:04:17', 55);
insert into video values('2017-06-10 15:11:15', '2017-06-10 15:32:15', 55);
insert into video values('2016-08-20 23:22:28', '2016-08-20 23:38:28', 55);
insert into video values('2018-07-08 16:26:54', '2018-07-08 16:53:54', 56);
insert into video values('2018-11-22 19:58:40', '2018-11-22 20:21:40', 56);
insert into video values('2018-07-31 02:35:42', '2018-07-31 02:58:42', 57);
insert into video values('2016-09-11 00:52:53', '2016-09-11 01:07:53', 57);
insert into video values('2017-09-10 10:16:47', '2017-09-10 10:35:47', 57);
insert into video values('2017-10-29 13:39:12', '2017-10-29 14:04:12', 57);
insert into video values('2017-11-01 20:15:09', '2017-11-01 20:33:09', 58);
insert into video values('2017-08-20 14:14:12', '2017-08-20 14:44:12', 58);
insert into video values('2016-12-23 21:34:20', '2016-12-23 21:51:20', 59);
insert into video values('2018-06-15 07:51:40', '2018-06-15 08:06:40', 59);
insert into video values('2016-01-25 09:37:59', '2016-01-25 09:55:59', 59);
insert into video values('2018-05-04 05:45:01', '2018-05-04 06:03:01', 59);
insert into video values('2018-05-30 10:08:20', '2018-05-30 10:21:20', 60);
insert into video values('2018-07-21 19:21:43', '2018-07-21 19:39:43', 60);
insert into video values('2016-08-05 17:25:53', '2016-08-05 17:49:53', 60);
insert into video values('2016-12-02 16:22:38', '2016-12-02 16:46:38', 61);
insert into video values('2018-03-17 23:39:53', '2018-03-17 23:53:53', 61);
insert into video values('2017-07-08 07:37:13', '2017-07-08 07:59:13', 62);
insert into video values('2017-10-23 23:19:47', '2017-10-23 23:42:47', 62);
insert into video values('2017-11-11 00:30:43', '2017-11-11 00:47:43', 62);
insert into video values('2016-05-31 07:51:41', '2016-05-31 08:08:41', 63);
insert into video values('2016-06-22 03:43:35', '2016-06-22 03:56:35', 63);
insert into video values('2017-10-07 04:08:13', '2017-10-07 04:22:13', 64);
insert into video values('2016-10-24 05:36:55', '2016-10-24 05:49:55', 64);
insert into video values('2016-09-06 13:36:03', '2016-09-06 13:55:03', 64);
insert into video values('2017-02-06 04:31:15', '2017-02-06 04:45:15', 64);
insert into video values('2017-09-29 20:01:01', '2017-09-29 20:17:01', 65);
insert into video values('2017-04-24 01:23:18', '2017-04-24 01:49:18', 65);
insert into video values('2016-12-28 22:20:45', '2016-12-28 22:47:45', 65);
insert into video values('2016-10-23 14:17:57', '2016-10-23 14:42:57', 65);
insert into video values('2018-08-07 12:27:29', '2018-08-07 12:43:29', 66);
insert into video values('2018-07-26 02:16:19', '2018-07-26 02:45:19', 66);
insert into video values('2017-03-15 09:24:16', '2017-03-15 09:54:16', 66);
insert into video values('2018-05-14 22:55:07', '2018-05-14 23:23:07', 66);
insert into video values('2016-11-08 22:32:58', '2016-11-08 22:43:58', 67);
insert into video values('2017-09-15 06:31:26', '2017-09-15 06:57:26', 67);
insert into video values('2018-01-02 11:15:59', '2018-01-02 11:34:59', 67);
insert into video values('2017-09-25 12:49:34', '2017-09-25 12:59:34', 68);
insert into video values('2016-05-18 22:07:52', '2016-05-18 22:35:52', 68);
insert into video values('2016-03-10 20:17:20', '2016-03-10 20:29:20', 68);
insert into video values('2018-09-11 20:32:51', '2018-09-11 20:43:51', 69);
insert into video values('2018-08-21 22:43:49', '2018-08-21 23:10:49', 69);
insert into video values('2017-06-21 13:52:40', '2017-06-21 14:12:40', 69);
insert into video values('2018-09-28 10:54:33', '2018-09-28 11:13:33', 69);
insert into video values('2017-08-31 22:20:11', '2017-08-31 22:47:11', 70);
insert into video values('2016-04-03 14:58:31', '2016-04-03 15:20:31', 70);
insert into video values('2018-05-13 12:12:17', '2018-05-13 12:34:17', 71);
insert into video values('2016-01-15 22:47:51', '2016-01-15 23:11:51', 71);
insert into video values('2018-03-27 03:41:57', '2018-03-27 04:05:57', 71);
insert into video values('2016-04-18 06:50:25', '2016-04-18 07:07:25', 71);
insert into video values('2016-06-25 00:59:46', '2016-06-25 01:25:46', 72);
insert into video values('2018-05-01 20:50:47', '2018-05-01 21:06:47', 72);
insert into video values('2016-07-05 10:22:47', '2016-07-05 10:44:47', 72);
insert into video values('2017-07-28 12:44:48', '2017-07-28 12:55:48', 72);
insert into video values('2018-01-14 07:30:27', '2018-01-14 07:42:27', 73);
insert into video values('2017-10-29 04:45:02', '2017-10-29 05:02:02', 73);
insert into video values('2018-01-20 13:01:58', '2018-01-20 13:18:58', 74);
insert into video values('2018-11-10 09:45:37', '2018-11-10 10:08:37', 74);
insert into video values('2018-06-05 22:15:21', '2018-06-05 22:43:21', 74);
insert into video values('2018-11-22 00:54:52', '2018-11-22 01:24:52', 74);
insert into video values('2016-03-21 06:49:41', '2016-03-21 07:00:41', 75);
insert into video values('2018-05-14 01:16:11', '2018-05-14 01:46:11', 75);
insert into video values('2018-04-22 12:29:13', '2018-04-22 12:57:13', 75);
insert into video values('2017-08-03 05:48:28', '2017-08-03 06:17:28', 76);
insert into video values('2018-09-04 10:22:47', '2018-09-04 10:45:47', 76);
insert into video values('2017-09-03 05:37:52', '2017-09-03 05:59:52', 77);
insert into video values('2018-11-05 07:17:06', '2018-11-05 07:38:06', 77);
insert into video values('2016-04-12 08:31:39', '2016-04-12 08:44:39', 77);
insert into video values('2018-07-18 08:26:21', '2018-07-18 08:42:21', 78);
insert into video values('2016-03-18 13:23:13', '2016-03-18 13:41:13', 78);
insert into video values('2016-06-05 15:40:08', '2016-06-05 16:07:08', 79);
insert into video values('2016-05-16 09:27:09', '2016-05-16 09:49:09', 79);
insert into video values('2018-12-24 11:44:33', '2018-12-24 11:55:33', 79);
insert into video values('2018-10-19 19:55:59', '2018-10-19 20:18:59', 80);
insert into video values('2017-08-12 14:23:10', '2017-08-12 14:43:10', 80);
insert into video values('2016-02-15 18:03:12', '2016-02-15 18:15:12', 80);
insert into video values('2017-06-20 12:59:22', '2017-06-20 13:17:22', 80);
insert into video values('2017-10-14 18:19:44', '2017-10-14 18:32:44', 81);
insert into video values('2016-05-16 23:11:44', '2016-05-16 23:31:44', 81);
insert into video values('2017-07-27 09:54:11', '2017-07-27 10:18:11', 81);
insert into video values('2017-05-03 17:23:03', '2017-05-03 17:35:03', 82);
insert into video values('2018-08-24 13:04:49', '2018-08-24 13:27:49', 82);
insert into video values('2017-06-03 13:49:05', '2017-06-03 14:10:05', 82);
insert into video values('2017-09-11 13:04:26', '2017-09-11 13:17:26', 82);
insert into video values('2017-07-25 16:43:54', '2017-07-25 16:55:54', 83);
insert into video values('2018-04-24 06:32:20', '2018-04-24 07:01:20', 83);
insert into video values('2016-02-28 00:26:46', '2016-02-28 00:37:46', 83);
insert into video values('2016-04-05 14:15:50', '2016-04-05 14:31:50', 84);
insert into video values('2016-05-18 21:03:16', '2016-05-18 21:22:16', 84);
insert into video values('2017-03-16 07:55:12', '2017-03-16 08:11:12', 85);
insert into video values('2016-07-25 09:08:00', '2016-07-25 09:28:00', 85);
insert into video values('2016-08-15 13:25:57', '2016-08-15 13:51:57', 86);
insert into video values('2017-04-18 09:23:52', '2017-04-18 09:51:52', 86);
insert into video values('2017-11-10 16:45:04', '2017-11-10 16:58:04', 86);
insert into video values('2018-11-09 17:08:06', '2018-11-09 17:28:06', 86);
insert into video values('2016-07-27 17:27:00', '2016-07-27 17:46:00', 87);
insert into video values('2016-04-10 09:38:52', '2016-04-10 10:04:52', 87);
insert into video values('2017-12-20 00:07:32', '2017-12-20 00:32:32', 87);
insert into video values('2017-11-26 10:39:45', '2017-11-26 11:03:45', 88);
insert into video values('2017-12-26 02:07:52', '2017-12-26 02:18:52', 88);
insert into video values('2016-05-11 21:38:39', '2016-05-11 21:54:39', 88);
insert into video values('2016-10-29 20:25:58', '2016-10-29 20:48:58', 88);
insert into video values('2018-08-15 03:11:53', '2018-08-15 03:25:53', 89);
insert into video values('2016-11-13 07:00:33', '2016-11-13 07:22:33', 89);
insert into video values('2018-06-18 17:23:46', '2018-06-18 17:39:46', 90);
insert into video values('2016-12-18 13:12:49', '2016-12-18 13:34:49', 90);
insert into video values('2017-10-24 19:20:36', '2017-10-24 19:48:36', 90);
insert into video values('2018-03-24 21:46:41', '2018-03-24 22:16:41', 90);
insert into video values('2018-11-12 21:07:46', '2018-11-12 21:36:46', 91);
insert into video values('2016-12-03 10:48:54', '2016-12-03 11:14:54', 91);
insert into video values('2016-02-04 12:00:33', '2016-02-04 12:13:33', 91);
insert into video values('2017-08-15 06:30:16', '2017-08-15 06:45:16', 92);
insert into video values('2018-04-26 15:08:29', '2018-04-26 15:23:29', 92);
insert into video values('2017-01-14 04:05:01', '2017-01-14 04:18:01', 93);
insert into video values('2016-08-09 03:18:32', '2016-08-09 03:38:32', 93);
insert into video values('2016-11-01 12:42:40', '2016-11-01 13:00:40', 93);
insert into video values('2016-08-03 22:17:49', '2016-08-03 22:47:49', 94);
insert into video values('2016-05-10 12:05:02', '2016-05-10 12:25:02', 94);
insert into video values('2018-01-24 00:32:47', '2018-01-24 00:43:47', 94);
insert into video values('2017-01-05 05:55:24', '2017-01-05 06:21:24', 94);
insert into video values('2018-06-10 02:49:59', '2018-06-10 03:02:59', 95);
insert into video values('2017-09-12 01:54:04', '2017-09-12 02:22:04', 95);
insert into video values('2016-04-17 09:03:27', '2016-04-17 09:30:27', 95);
insert into video values('2018-12-11 09:10:55', '2018-12-11 09:28:55', 95);
insert into video values('2017-09-07 01:30:13', '2017-09-07 01:50:13', 96);
insert into video values('2018-03-20 23:21:33', '2018-03-20 23:33:33', 96);
insert into video values('2018-09-28 05:56:28', '2018-09-28 06:12:28', 96);
insert into video values('2017-09-10 10:35:15', '2017-09-10 10:58:15', 96);
insert into video values('2017-08-01 07:32:20', '2017-08-01 08:02:20', 97);
insert into video values('2016-06-08 18:26:24', '2016-06-08 18:46:24', 97);
insert into video values('2017-02-14 22:02:40', '2017-02-14 22:27:40', 97);
insert into video values('2018-05-11 15:54:23', '2018-05-11 16:13:23', 98);
insert into video values('2018-08-15 18:16:58', '2018-08-15 18:41:58', 98);
insert into video values('2018-11-26 20:25:39', '2018-11-26 20:35:39', 99);
insert into video values('2016-10-05 14:45:16', '2016-10-05 15:15:16', 99);
insert into video values('2018-09-07 20:37:35', '2018-09-07 20:58:35', 99);
insert into video values('2016-07-08 01:52:56', '2016-07-08 02:07:56', 99);
insert into video values('2018-08-08 19:23:41', '2018-08-08 19:46:41', 100);
insert into video values('2016-08-27 00:18:58', '2016-08-27 00:41:58', 100);
insert into video values('2017-04-20 19:06:27', '2017-04-20 19:31:27', 100);
insert into video values('2018-10-30 06:52:05', '2018-10-30 07:06:05', 101);
insert into video values('2018-04-13 02:03:00', '2018-04-13 02:15:00', 101);
insert into video values('2016-07-25 19:03:33', '2016-07-25 19:14:33', 101);
insert into video values('2018-05-01 18:19:42', '2018-05-01 18:43:42', 101);



insert into segmentoVideo values(0, 2, '2016-02-08 17:18:59', 0);
insert into segmentoVideo values(1, 24, '2016-02-08 17:18:59', 0);
insert into segmentoVideo values(0, 13, '2017-03-21 03:14:45', 0);
insert into segmentoVideo values(0, 10, '2018-12-07 04:58:28', 0);
insert into segmentoVideo values(0, 2, '2018-08-01 23:42:42', 1);
insert into segmentoVideo values(1, 13, '2018-08-01 23:42:42', 1);
insert into segmentoVideo values(0, 17, '2017-12-23 22:33:55', 1);
insert into segmentoVideo values(0, 27, '2018-12-23 13:41:17', 2);
insert into segmentoVideo values(0, 30, '2016-02-01 00:49:16', 2);
insert into segmentoVideo values(0, 2, '2016-10-22 21:18:36', 2);
insert into segmentoVideo values(1, 20, '2016-10-22 21:18:36', 2);
insert into segmentoVideo values(0, 24, '2018-04-12 01:19:14', 2);
insert into segmentoVideo values(0, 19, '2018-06-26 23:09:30', 3);
insert into segmentoVideo values(0, 23, '2018-08-12 22:49:39', 3);
insert into segmentoVideo values(0, 19, '2018-07-27 07:05:48', 4);
insert into segmentoVideo values(0, 28, '2018-09-20 08:34:24', 4);
insert into segmentoVideo values(0, 2, '2017-12-22 13:52:32', 4);
insert into segmentoVideo values(1, 14, '2017-12-22 13:52:32', 4);
insert into segmentoVideo values(0, 2, '2016-04-13 15:28:41', 5);
insert into segmentoVideo values(1, 14, '2016-04-13 15:28:41', 5);
insert into segmentoVideo values(0, 2, '2017-10-02 08:42:28', 5);
insert into segmentoVideo values(1, 19, '2017-10-02 08:42:28', 5);
insert into segmentoVideo values(0, 10, '2016-02-20 20:11:54', 5);
insert into segmentoVideo values(0, 14, '2016-06-14 14:06:13', 6);
insert into segmentoVideo values(0, 20, '2016-07-24 19:59:58', 6);
insert into segmentoVideo values(0, 2, '2017-06-22 17:11:16', 7);
insert into segmentoVideo values(1, 24, '2017-06-22 17:11:16', 7);
insert into segmentoVideo values(0, 20, '2016-06-17 20:37:57', 7);
insert into segmentoVideo values(0, 2, '2018-01-26 12:24:30', 8);
insert into segmentoVideo values(1, 27, '2018-01-26 12:24:30', 8);
insert into segmentoVideo values(0, 2, '2018-05-09 19:36:55', 8);
insert into segmentoVideo values(1, 28, '2018-05-09 19:36:55', 8);
insert into segmentoVideo values(0, 2, '2018-01-27 04:27:15', 8);
insert into segmentoVideo values(1, 16, '2018-01-27 04:27:15', 8);
insert into segmentoVideo values(0, 2, '2018-09-05 04:59:25', 8);
insert into segmentoVideo values(1, 27, '2018-09-05 04:59:25', 8);
insert into segmentoVideo values(0, 2, '2016-10-28 06:03:21', 9);
insert into segmentoVideo values(1, 12, '2016-10-28 06:03:21', 9);
insert into segmentoVideo values(0, 2, '2017-04-03 19:24:09', 9);
insert into segmentoVideo values(1, 21, '2017-04-03 19:24:09', 9);
insert into segmentoVideo values(0, 2, '2017-10-05 09:21:40', 9);
insert into segmentoVideo values(1, 26, '2017-10-05 09:21:40', 9);
insert into segmentoVideo values(0, 2, '2017-05-11 18:37:09', 10);
insert into segmentoVideo values(1, 8, '2017-05-11 18:37:09', 10);
insert into segmentoVideo values(0, 26, '2017-02-13 14:18:30', 10);
insert into segmentoVideo values(0, 17, '2017-11-07 17:36:57', 10);
insert into segmentoVideo values(0, 18, '2018-08-10 09:34:12', 11);
insert into segmentoVideo values(0, 15, '2016-11-08 13:11:36', 11);
insert into segmentoVideo values(0, 11, '2018-12-22 06:48:10', 12);
insert into segmentoVideo values(0, 12, '2016-03-28 16:03:27', 12);
insert into segmentoVideo values(0, 2, '2016-03-27 00:59:39', 12);
insert into segmentoVideo values(1, 16, '2016-03-27 00:59:39', 12);
insert into segmentoVideo values(0, 2, '2018-10-23 13:56:53', 12);
insert into segmentoVideo values(1, 10, '2018-10-23 13:56:53', 12);
insert into segmentoVideo values(0, 19, '2018-12-19 23:22:30', 13);
insert into segmentoVideo values(0, 17, '2017-04-06 02:33:56', 13);
insert into segmentoVideo values(0, 2, '2017-12-03 22:56:10', 13);
insert into segmentoVideo values(1, 21, '2017-12-03 22:56:10', 13);
insert into segmentoVideo values(0, 12, '2018-04-22 03:06:36', 14);
insert into segmentoVideo values(0, 15, '2017-09-07 02:43:41', 14);
insert into segmentoVideo values(0, 14, '2017-10-11 06:11:46', 14);
insert into segmentoVideo values(0, 2, '2018-10-02 07:35:11', 14);
insert into segmentoVideo values(1, 25, '2018-10-02 07:35:11', 14);
insert into segmentoVideo values(0, 2, '2017-09-27 00:29:58', 15);
insert into segmentoVideo values(1, 15, '2017-09-27 00:29:58', 15);
insert into segmentoVideo values(0, 26, '2017-06-18 22:20:58', 15);
insert into segmentoVideo values(0, 20, '2017-01-08 01:52:43', 16);
insert into segmentoVideo values(0, 26, '2018-11-18 14:49:57', 16);
insert into segmentoVideo values(0, 2, '2016-04-07 09:28:11', 17);
insert into segmentoVideo values(1, 14, '2016-04-07 09:28:11', 17);
insert into segmentoVideo values(0, 14, '2017-09-04 07:03:09', 17);
insert into segmentoVideo values(0, 2, '2017-02-05 14:38:18', 18);
insert into segmentoVideo values(1, 16, '2017-02-05 14:38:18', 18);
insert into segmentoVideo values(0, 2, '2018-02-17 09:37:51', 18);
insert into segmentoVideo values(1, 15, '2018-02-17 09:37:51', 18);
insert into segmentoVideo values(0, 30, '2018-09-21 19:16:18', 18);
insert into segmentoVideo values(0, 2, '2018-06-07 13:46:19', 18);
insert into segmentoVideo values(1, 11, '2018-06-07 13:46:19', 18);
insert into segmentoVideo values(0, 22, '2016-12-18 18:02:43', 19);
insert into segmentoVideo values(0, 2, '2017-12-11 19:25:11', 19);
insert into segmentoVideo values(1, 24, '2017-12-11 19:25:11', 19);
insert into segmentoVideo values(0, 2, '2016-05-03 17:29:13', 20);
insert into segmentoVideo values(1, 21, '2016-05-03 17:29:13', 20);
insert into segmentoVideo values(0, 2, '2017-02-11 16:51:35', 20);
insert into segmentoVideo values(1, 10, '2017-02-11 16:51:35', 20);
insert into segmentoVideo values(0, 2, '2018-09-30 22:31:16', 20);
insert into segmentoVideo values(1, 8, '2018-09-30 22:31:16', 20);
insert into segmentoVideo values(0, 2, '2017-04-11 20:57:32', 20);
insert into segmentoVideo values(1, 16, '2017-04-11 20:57:32', 20);
insert into segmentoVideo values(0, 2, '2018-03-31 07:43:15', 21);
insert into segmentoVideo values(1, 23, '2018-03-31 07:43:15', 21);
insert into segmentoVideo values(0, 2, '2018-10-03 12:53:50', 21);
insert into segmentoVideo values(1, 25, '2018-10-03 12:53:50', 21);
insert into segmentoVideo values(0, 22, '2018-06-16 22:05:30', 21);
insert into segmentoVideo values(0, 2, '2016-08-31 20:04:28', 21);
insert into segmentoVideo values(1, 14, '2016-08-31 20:04:28', 21);
insert into segmentoVideo values(0, 21, '2017-01-25 13:06:36', 22);
insert into segmentoVideo values(0, 2, '2018-01-03 08:24:07', 22);
insert into segmentoVideo values(1, 18, '2018-01-03 08:24:07', 22);
insert into segmentoVideo values(0, 2, '2016-04-11 09:51:55', 23);
insert into segmentoVideo values(1, 16, '2016-04-11 09:51:55', 23);
insert into segmentoVideo values(0, 2, '2018-09-19 12:46:25', 23);
insert into segmentoVideo values(1, 18, '2018-09-19 12:46:25', 23);
insert into segmentoVideo values(0, 20, '2016-12-15 23:13:34', 23);
insert into segmentoVideo values(0, 29, '2016-01-13 02:36:22', 24);
insert into segmentoVideo values(0, 14, '2017-12-12 07:48:54', 24);
insert into segmentoVideo values(0, 26, '2018-11-12 23:03:10', 25);
insert into segmentoVideo values(0, 10, '2018-04-05 08:41:13', 25);
insert into segmentoVideo values(0, 2, '2017-12-10 05:07:13', 25);
insert into segmentoVideo values(1, 24, '2017-12-10 05:07:13', 25);
insert into segmentoVideo values(0, 2, '2018-10-28 12:39:04', 26);
insert into segmentoVideo values(1, 18, '2018-10-28 12:39:04', 26);
insert into segmentoVideo values(0, 19, '2018-08-14 08:26:32', 26);
insert into segmentoVideo values(0, 10, '2016-03-09 04:08:57', 26);
insert into segmentoVideo values(0, 14, '2017-01-13 00:45:34', 27);
insert into segmentoVideo values(0, 2, '2016-02-21 11:51:39', 27);
insert into segmentoVideo values(1, 11, '2016-02-21 11:51:39', 27);
insert into segmentoVideo values(0, 2, '2017-02-01 00:29:19', 27);
insert into segmentoVideo values(1, 10, '2017-02-01 00:29:19', 27);
insert into segmentoVideo values(0, 2, '2017-01-09 07:09:51', 28);
insert into segmentoVideo values(1, 25, '2017-01-09 07:09:51', 28);
insert into segmentoVideo values(0, 27, '2017-12-30 14:18:29', 28);
insert into segmentoVideo values(0, 21, '2018-07-16 00:07:06', 28);
insert into segmentoVideo values(0, 18, '2018-08-11 00:52:35', 29);
insert into segmentoVideo values(0, 2, '2018-09-30 03:50:52', 29);
insert into segmentoVideo values(1, 15, '2018-09-30 03:50:52', 29);
insert into segmentoVideo values(0, 30, '2018-11-03 18:44:09', 29);
insert into segmentoVideo values(0, 2, '2016-02-10 00:37:15', 30);
insert into segmentoVideo values(1, 9, '2016-02-10 00:37:15', 30);
insert into segmentoVideo values(0, 2, '2018-05-03 23:31:59', 30);
insert into segmentoVideo values(1, 20, '2018-05-03 23:31:59', 30);
insert into segmentoVideo values(0, 2, '2018-01-07 16:06:33', 30);
insert into segmentoVideo values(1, 15, '2018-01-07 16:06:33', 30);
insert into segmentoVideo values(0, 2, '2016-10-27 07:45:23', 30);
insert into segmentoVideo values(1, 13, '2016-10-27 07:45:23', 30);
insert into segmentoVideo values(0, 2, '2016-05-24 08:32:57', 31);
insert into segmentoVideo values(1, 28, '2016-05-24 08:32:57', 31);
insert into segmentoVideo values(0, 2, '2017-12-23 23:24:37', 31);
insert into segmentoVideo values(1, 11, '2017-12-23 23:24:37', 31);
insert into segmentoVideo values(0, 2, '2018-10-21 01:25:24', 31);
insert into segmentoVideo values(1, 22, '2018-10-21 01:25:24', 31);
insert into segmentoVideo values(0, 16, '2016-05-26 09:06:33', 32);
insert into segmentoVideo values(0, 17, '2018-03-14 14:38:56', 32);
insert into segmentoVideo values(0, 2, '2018-09-01 08:41:39', 32);
insert into segmentoVideo values(1, 14, '2018-09-01 08:41:39', 32);
insert into segmentoVideo values(0, 14, '2017-01-10 03:45:31', 33);
insert into segmentoVideo values(0, 30, '2018-12-27 20:33:23', 33);
insert into segmentoVideo values(0, 17, '2017-02-22 20:41:08', 33);
insert into segmentoVideo values(0, 23, '2017-04-29 06:16:23', 34);
insert into segmentoVideo values(0, 30, '2018-07-30 03:12:04', 34);
insert into segmentoVideo values(0, 2, '2017-09-07 05:21:36', 34);
insert into segmentoVideo values(1, 17, '2017-09-07 05:21:36', 34);
insert into segmentoVideo values(0, 10, '2016-08-01 17:40:22', 34);
insert into segmentoVideo values(0, 2, '2018-12-10 05:08:05', 35);
insert into segmentoVideo values(1, 8, '2018-12-10 05:08:05', 35);
insert into segmentoVideo values(0, 28, '2018-10-12 10:12:55', 35);
insert into segmentoVideo values(0, 2, '2018-06-19 01:22:33', 36);
insert into segmentoVideo values(1, 26, '2018-06-19 01:22:33', 36);
insert into segmentoVideo values(0, 2, '2017-01-04 06:41:50', 36);
insert into segmentoVideo values(1, 15, '2017-01-04 06:41:50', 36);
insert into segmentoVideo values(0, 23, '2018-10-08 03:38:11', 36);
insert into segmentoVideo values(0, 28, '2018-11-14 15:42:18', 37);
insert into segmentoVideo values(0, 2, '2016-01-03 08:02:35', 37);
insert into segmentoVideo values(1, 22, '2016-01-03 08:02:35', 37);
insert into segmentoVideo values(0, 23, '2017-12-29 11:16:50', 37);
insert into segmentoVideo values(0, 2, '2017-07-11 12:22:31', 37);
insert into segmentoVideo values(1, 24, '2017-07-11 12:22:31', 37);
insert into segmentoVideo values(0, 2, '2018-09-04 23:49:27', 38);
insert into segmentoVideo values(1, 11, '2018-09-04 23:49:27', 38);
insert into segmentoVideo values(0, 10, '2016-06-18 20:10:59', 38);
insert into segmentoVideo values(0, 28, '2016-01-10 12:53:34', 38);
insert into segmentoVideo values(0, 2, '2016-07-02 21:34:08', 38);
insert into segmentoVideo values(1, 20, '2016-07-02 21:34:08', 38);
insert into segmentoVideo values(0, 24, '2018-04-25 18:14:08', 39);
insert into segmentoVideo values(0, 2, '2016-11-17 05:58:34', 39);
insert into segmentoVideo values(1, 21, '2016-11-17 05:58:34', 39);
insert into segmentoVideo values(0, 11, '2018-04-17 02:26:20', 40);
insert into segmentoVideo values(0, 28, '2017-12-08 00:23:14', 40);
insert into segmentoVideo values(0, 24, '2016-11-25 00:22:09', 40);
insert into segmentoVideo values(0, 19, '2018-09-21 02:25:37', 41);
insert into segmentoVideo values(0, 11, '2017-04-15 23:40:03', 41);
insert into segmentoVideo values(0, 19, '2017-07-15 12:03:34', 42);
insert into segmentoVideo values(0, 29, '2016-03-16 16:19:12', 42);
insert into segmentoVideo values(0, 26, '2017-07-19 14:02:09', 43);
insert into segmentoVideo values(0, 24, '2016-09-23 00:30:46', 43);
insert into segmentoVideo values(0, 12, '2016-05-22 03:01:34', 43);
insert into segmentoVideo values(0, 14, '2016-09-28 04:11:48', 44);
insert into segmentoVideo values(0, 12, '2016-08-06 11:00:11', 44);
insert into segmentoVideo values(0, 2, '2017-10-09 04:17:08', 44);
insert into segmentoVideo values(1, 17, '2017-10-09 04:17:08', 44);
insert into segmentoVideo values(0, 15, '2017-02-23 03:14:04', 45);
insert into segmentoVideo values(0, 2, '2017-10-28 18:52:21', 45);
insert into segmentoVideo values(1, 8, '2017-10-28 18:52:21', 45);
insert into segmentoVideo values(0, 19, '2018-10-31 12:48:00', 45);
insert into segmentoVideo values(0, 19, '2018-09-20 05:28:48', 45);
insert into segmentoVideo values(0, 2, '2018-12-08 16:10:24', 46);
insert into segmentoVideo values(1, 10, '2018-12-08 16:10:24', 46);
insert into segmentoVideo values(0, 30, '2016-10-30 16:23:09', 46);
insert into segmentoVideo values(0, 2, '2017-12-30 14:57:15', 46);
insert into segmentoVideo values(1, 16, '2017-12-30 14:57:15', 46);
insert into segmentoVideo values(0, 2, '2016-12-19 07:06:26', 47);
insert into segmentoVideo values(1, 23, '2016-12-19 07:06:26', 47);
insert into segmentoVideo values(0, 2, '2018-03-28 23:04:09', 47);
insert into segmentoVideo values(1, 17, '2018-03-28 23:04:09', 47);
insert into segmentoVideo values(0, 29, '2016-03-21 10:32:31', 47);
insert into segmentoVideo values(0, 2, '2018-06-05 02:56:39', 47);
insert into segmentoVideo values(1, 23, '2018-06-05 02:56:39', 47);
insert into segmentoVideo values(0, 2, '2018-05-27 10:29:38', 48);
insert into segmentoVideo values(1, 26, '2018-05-27 10:29:38', 48);
insert into segmentoVideo values(0, 20, '2016-03-23 10:51:53', 48);
insert into segmentoVideo values(0, 26, '2017-08-27 03:50:10', 49);
insert into segmentoVideo values(0, 13, '2016-04-18 01:42:12', 49);
insert into segmentoVideo values(0, 2, '2017-01-08 20:57:31', 50);
insert into segmentoVideo values(1, 8, '2017-01-08 20:57:31', 50);
insert into segmentoVideo values(0, 23, '2018-07-06 17:14:38', 50);
insert into segmentoVideo values(0, 14, '2018-10-23 15:26:47', 50);
insert into segmentoVideo values(0, 11, '2018-09-20 17:08:55', 51);
insert into segmentoVideo values(0, 12, '2016-11-14 11:20:15', 51);
insert into segmentoVideo values(0, 2, '2017-07-20 16:10:05', 52);
insert into segmentoVideo values(1, 22, '2017-07-20 16:10:05', 52);
insert into segmentoVideo values(0, 2, '2016-03-28 05:21:45', 52);
insert into segmentoVideo values(1, 25, '2016-03-28 05:21:45', 52);
insert into segmentoVideo values(0, 21, '2018-03-29 19:17:42', 52);
insert into segmentoVideo values(0, 27, '2016-04-08 22:37:41', 52);
insert into segmentoVideo values(0, 2, '2017-01-22 16:08:46', 53);
insert into segmentoVideo values(1, 8, '2017-01-22 16:08:46', 53);
insert into segmentoVideo values(0, 2, '2018-04-18 08:11:57', 53);
insert into segmentoVideo values(1, 26, '2018-04-18 08:11:57', 53);
insert into segmentoVideo values(0, 21, '2016-03-21 08:29:57', 53);
insert into segmentoVideo values(0, 18, '2018-07-04 00:37:39', 53);
insert into segmentoVideo values(0, 23, '2017-06-22 05:12:41', 54);
insert into segmentoVideo values(0, 28, '2017-12-16 05:30:02', 54);
insert into segmentoVideo values(0, 2, '2017-05-03 17:35:55', 54);
insert into segmentoVideo values(1, 13, '2017-05-03 17:35:55', 54);
insert into segmentoVideo values(0, 24, '2017-12-28 12:40:17', 55);
insert into segmentoVideo values(0, 21, '2017-06-10 15:11:15', 55);
insert into segmentoVideo values(0, 16, '2016-08-20 23:22:28', 55);
insert into segmentoVideo values(0, 2, '2018-07-08 16:26:54', 56);
insert into segmentoVideo values(1, 25, '2018-07-08 16:26:54', 56);
insert into segmentoVideo values(0, 23, '2018-11-22 19:58:40', 56);
insert into segmentoVideo values(0, 2, '2018-07-31 02:35:42', 57);
insert into segmentoVideo values(1, 21, '2018-07-31 02:35:42', 57);
insert into segmentoVideo values(0, 2, '2016-09-11 00:52:53', 57);
insert into segmentoVideo values(1, 13, '2016-09-11 00:52:53', 57);
insert into segmentoVideo values(0, 19, '2017-09-10 10:16:47', 57);
insert into segmentoVideo values(0, 2, '2017-10-29 13:39:12', 57);
insert into segmentoVideo values(1, 23, '2017-10-29 13:39:12', 57);
insert into segmentoVideo values(0, 18, '2017-11-01 20:15:09', 58);
insert into segmentoVideo values(0, 2, '2017-08-20 14:14:12', 58);
insert into segmentoVideo values(1, 28, '2017-08-20 14:14:12', 58);
insert into segmentoVideo values(0, 2, '2016-12-23 21:34:20', 59);
insert into segmentoVideo values(1, 15, '2016-12-23 21:34:20', 59);
insert into segmentoVideo values(0, 15, '2018-06-15 07:51:40', 59);
insert into segmentoVideo values(0, 2, '2016-01-25 09:37:59', 59);
insert into segmentoVideo values(1, 16, '2016-01-25 09:37:59', 59);
insert into segmentoVideo values(0, 2, '2018-05-04 05:45:01', 59);
insert into segmentoVideo values(1, 16, '2018-05-04 05:45:01', 59);
insert into segmentoVideo values(0, 2, '2018-05-30 10:08:20', 60);
insert into segmentoVideo values(1, 11, '2018-05-30 10:08:20', 60);
insert into segmentoVideo values(0, 18, '2018-07-21 19:21:43', 60);
insert into segmentoVideo values(0, 24, '2016-08-05 17:25:53', 60);
insert into segmentoVideo values(0, 2, '2016-12-02 16:22:38', 61);
insert into segmentoVideo values(1, 22, '2016-12-02 16:22:38', 61);
insert into segmentoVideo values(0, 2, '2018-03-17 23:39:53', 61);
insert into segmentoVideo values(1, 12, '2018-03-17 23:39:53', 61);
insert into segmentoVideo values(0, 2, '2017-07-08 07:37:13', 62);
insert into segmentoVideo values(1, 20, '2017-07-08 07:37:13', 62);
insert into segmentoVideo values(0, 23, '2017-10-23 23:19:47', 62);
insert into segmentoVideo values(0, 17, '2017-11-11 00:30:43', 62);
insert into segmentoVideo values(0, 17, '2016-05-31 07:51:41', 63);
insert into segmentoVideo values(0, 13, '2016-06-22 03:43:35', 63);
insert into segmentoVideo values(0, 14, '2017-10-07 04:08:13', 64);
insert into segmentoVideo values(0, 13, '2016-10-24 05:36:55', 64);
insert into segmentoVideo values(0, 2, '2016-09-06 13:36:03', 64);
insert into segmentoVideo values(1, 17, '2016-09-06 13:36:03', 64);
insert into segmentoVideo values(0, 14, '2017-02-06 04:31:15', 64);
insert into segmentoVideo values(0, 16, '2017-09-29 20:01:01', 65);
insert into segmentoVideo values(0, 26, '2017-04-24 01:23:18', 65);
insert into segmentoVideo values(0, 2, '2016-12-28 22:20:45', 65);
insert into segmentoVideo values(1, 25, '2016-12-28 22:20:45', 65);
insert into segmentoVideo values(0, 25, '2016-10-23 14:17:57', 65);
insert into segmentoVideo values(0, 2, '2018-08-07 12:27:29', 66);
insert into segmentoVideo values(1, 14, '2018-08-07 12:27:29', 66);
insert into segmentoVideo values(0, 2, '2018-07-26 02:16:19', 66);
insert into segmentoVideo values(1, 27, '2018-07-26 02:16:19', 66);
insert into segmentoVideo values(0, 30, '2017-03-15 09:24:16', 66);
insert into segmentoVideo values(0, 2, '2018-05-14 22:55:07', 66);
insert into segmentoVideo values(1, 26, '2018-05-14 22:55:07', 66);
insert into segmentoVideo values(0, 2, '2016-11-08 22:32:58', 67);
insert into segmentoVideo values(1, 9, '2016-11-08 22:32:58', 67);
insert into segmentoVideo values(0, 2, '2017-09-15 06:31:26', 67);
insert into segmentoVideo values(1, 24, '2017-09-15 06:31:26', 67);
insert into segmentoVideo values(0, 19, '2018-01-02 11:15:59', 67);
insert into segmentoVideo values(0, 10, '2017-09-25 12:49:34', 68);
insert into segmentoVideo values(0, 2, '2016-05-18 22:07:52', 68);
insert into segmentoVideo values(1, 26, '2016-05-18 22:07:52', 68);
insert into segmentoVideo values(0, 12, '2016-03-10 20:17:20', 68);
insert into segmentoVideo values(0, 2, '2018-09-11 20:32:51', 69);
insert into segmentoVideo values(1, 9, '2018-09-11 20:32:51', 69);
insert into segmentoVideo values(0, 2, '2018-08-21 22:43:49', 69);
insert into segmentoVideo values(1, 25, '2018-08-21 22:43:49', 69);
insert into segmentoVideo values(0, 2, '2017-06-21 13:52:40', 69);
insert into segmentoVideo values(1, 18, '2017-06-21 13:52:40', 69);
insert into segmentoVideo values(0, 2, '2018-09-28 10:54:33', 69);
insert into segmentoVideo values(1, 17, '2018-09-28 10:54:33', 69);
insert into segmentoVideo values(0, 27, '2017-08-31 22:20:11', 70);
insert into segmentoVideo values(0, 22, '2016-04-03 14:58:31', 70);
insert into segmentoVideo values(0, 22, '2018-05-13 12:12:17', 71);
insert into segmentoVideo values(0, 2, '2016-01-15 22:47:51', 71);
insert into segmentoVideo values(1, 22, '2016-01-15 22:47:51', 71);
insert into segmentoVideo values(0, 2, '2018-03-27 03:41:57', 71);
insert into segmentoVideo values(1, 22, '2018-03-27 03:41:57', 71);
insert into segmentoVideo values(0, 2, '2016-04-18 06:50:25', 71);
insert into segmentoVideo values(1, 15, '2016-04-18 06:50:25', 71);
insert into segmentoVideo values(0, 26, '2016-06-25 00:59:46', 72);
insert into segmentoVideo values(0, 2, '2018-05-01 20:50:47', 72);
insert into segmentoVideo values(1, 14, '2018-05-01 20:50:47', 72);
insert into segmentoVideo values(0, 2, '2016-07-05 10:22:47', 72);
insert into segmentoVideo values(1, 20, '2016-07-05 10:22:47', 72);
insert into segmentoVideo values(0, 11, '2017-07-28 12:44:48', 72);
insert into segmentoVideo values(0, 2, '2018-01-14 07:30:27', 73);
insert into segmentoVideo values(1, 10, '2018-01-14 07:30:27', 73);
insert into segmentoVideo values(0, 2, '2017-10-29 04:45:02', 73);
insert into segmentoVideo values(1, 15, '2017-10-29 04:45:02', 73);
insert into segmentoVideo values(0, 17, '2018-01-20 13:01:58', 74);
insert into segmentoVideo values(0, 23, '2018-11-10 09:45:37', 74);
insert into segmentoVideo values(0, 2, '2018-06-05 22:15:21', 74);
insert into segmentoVideo values(1, 26, '2018-06-05 22:15:21', 74);
insert into segmentoVideo values(0, 2, '2018-11-22 00:54:52', 74);
insert into segmentoVideo values(1, 28, '2018-11-22 00:54:52', 74);
insert into segmentoVideo values(0, 2, '2016-03-21 06:49:41', 75);
insert into segmentoVideo values(1, 9, '2016-03-21 06:49:41', 75);
insert into segmentoVideo values(0, 2, '2018-05-14 01:16:11', 75);
insert into segmentoVideo values(1, 28, '2018-05-14 01:16:11', 75);
insert into segmentoVideo values(0, 28, '2018-04-22 12:29:13', 75);
insert into segmentoVideo values(0, 2, '2017-08-03 05:48:28', 76);
insert into segmentoVideo values(1, 27, '2017-08-03 05:48:28', 76);
insert into segmentoVideo values(0, 23, '2018-09-04 10:22:47', 76);
insert into segmentoVideo values(0, 2, '2017-09-03 05:37:52', 77);
insert into segmentoVideo values(1, 20, '2017-09-03 05:37:52', 77);
insert into segmentoVideo values(0, 21, '2018-11-05 07:17:06', 77);
insert into segmentoVideo values(0, 2, '2016-04-12 08:31:39', 77);
insert into segmentoVideo values(1, 11, '2016-04-12 08:31:39', 77);
insert into segmentoVideo values(0, 2, '2018-07-18 08:26:21', 78);
insert into segmentoVideo values(1, 14, '2018-07-18 08:26:21', 78);
insert into segmentoVideo values(0, 18, '2016-03-18 13:23:13', 78);
insert into segmentoVideo values(0, 2, '2016-06-05 15:40:08', 79);
insert into segmentoVideo values(1, 25, '2016-06-05 15:40:08', 79);
insert into segmentoVideo values(0, 2, '2016-05-16 09:27:09', 79);
insert into segmentoVideo values(1, 20, '2016-05-16 09:27:09', 79);
insert into segmentoVideo values(0, 11, '2018-12-24 11:44:33', 79);
insert into segmentoVideo values(0, 2, '2018-10-19 19:55:59', 80);
insert into segmentoVideo values(1, 21, '2018-10-19 19:55:59', 80);
insert into segmentoVideo values(0, 20, '2017-08-12 14:23:10', 80);
insert into segmentoVideo values(0, 2, '2016-02-15 18:03:12', 80);
insert into segmentoVideo values(1, 10, '2016-02-15 18:03:12', 80);
insert into segmentoVideo values(0, 18, '2017-06-20 12:59:22', 80);
insert into segmentoVideo values(0, 2, '2017-10-14 18:19:44', 81);
insert into segmentoVideo values(1, 11, '2017-10-14 18:19:44', 81);
insert into segmentoVideo values(0, 2, '2016-05-16 23:11:44', 81);
insert into segmentoVideo values(1, 18, '2016-05-16 23:11:44', 81);
insert into segmentoVideo values(0, 2, '2017-07-27 09:54:11', 81);
insert into segmentoVideo values(1, 22, '2017-07-27 09:54:11', 81);
insert into segmentoVideo values(0, 2, '2017-05-03 17:23:03', 82);
insert into segmentoVideo values(1, 10, '2017-05-03 17:23:03', 82);
insert into segmentoVideo values(0, 23, '2018-08-24 13:04:49', 82);
insert into segmentoVideo values(0, 21, '2017-06-03 13:49:05', 82);
insert into segmentoVideo values(0, 2, '2017-09-11 13:04:26', 82);
insert into segmentoVideo values(1, 11, '2017-09-11 13:04:26', 82);
insert into segmentoVideo values(0, 12, '2017-07-25 16:43:54', 83);
insert into segmentoVideo values(0, 2, '2018-04-24 06:32:20', 83);
insert into segmentoVideo values(1, 27, '2018-04-24 06:32:20', 83);
insert into segmentoVideo values(0, 11, '2016-02-28 00:26:46', 83);
insert into segmentoVideo values(0, 16, '2016-04-05 14:15:50', 84);
insert into segmentoVideo values(0, 19, '2016-05-18 21:03:16', 84);
insert into segmentoVideo values(0, 2, '2017-03-16 07:55:12', 85);
insert into segmentoVideo values(1, 14, '2017-03-16 07:55:12', 85);
insert into segmentoVideo values(0, 20, '2016-07-25 09:08:00', 85);
insert into segmentoVideo values(0, 2, '2016-08-15 13:25:57', 86);
insert into segmentoVideo values(1, 24, '2016-08-15 13:25:57', 86);
insert into segmentoVideo values(0, 28, '2017-04-18 09:23:52', 86);
insert into segmentoVideo values(0, 13, '2017-11-10 16:45:04', 86);
insert into segmentoVideo values(0, 20, '2018-11-09 17:08:06', 86);
insert into segmentoVideo values(0, 19, '2016-07-27 17:27:00', 87);
insert into segmentoVideo values(0, 2, '2016-04-10 09:38:52', 87);
insert into segmentoVideo values(1, 24, '2016-04-10 09:38:52', 87);
insert into segmentoVideo values(0, 2, '2017-12-20 00:07:32', 87);
insert into segmentoVideo values(1, 23, '2017-12-20 00:07:32', 87);
insert into segmentoVideo values(0, 24, '2017-11-26 10:39:45', 88);
insert into segmentoVideo values(0, 11, '2017-12-26 02:07:52', 88);
insert into segmentoVideo values(0, 2, '2016-05-11 21:38:39', 88);
insert into segmentoVideo values(1, 14, '2016-05-11 21:38:39', 88);
insert into segmentoVideo values(0, 23, '2016-10-29 20:25:58', 88);
insert into segmentoVideo values(0, 2, '2018-08-15 03:11:53', 89);
insert into segmentoVideo values(1, 12, '2018-08-15 03:11:53', 89);
insert into segmentoVideo values(0, 2, '2016-11-13 07:00:33', 89);
insert into segmentoVideo values(1, 20, '2016-11-13 07:00:33', 89);
insert into segmentoVideo values(0, 16, '2018-06-18 17:23:46', 90);
insert into segmentoVideo values(0, 22, '2016-12-18 13:12:49', 90);
insert into segmentoVideo values(0, 28, '2017-10-24 19:20:36', 90);
insert into segmentoVideo values(0, 2, '2018-03-24 21:46:41', 90);
insert into segmentoVideo values(1, 28, '2018-03-24 21:46:41', 90);
insert into segmentoVideo values(0, 29, '2018-11-12 21:07:46', 91);
insert into segmentoVideo values(0, 26, '2016-12-03 10:48:54', 91);
insert into segmentoVideo values(0, 13, '2016-02-04 12:00:33', 91);
insert into segmentoVideo values(0, 15, '2017-08-15 06:30:16', 92);
insert into segmentoVideo values(0, 15, '2018-04-26 15:08:29', 92);
insert into segmentoVideo values(0, 13, '2017-01-14 04:05:01', 93);
insert into segmentoVideo values(0, 2, '2016-08-09 03:18:32', 93);
insert into segmentoVideo values(1, 18, '2016-08-09 03:18:32', 93);
insert into segmentoVideo values(0, 18, '2016-11-01 12:42:40', 93);
insert into segmentoVideo values(0, 2, '2016-08-03 22:17:49', 94);
insert into segmentoVideo values(1, 28, '2016-08-03 22:17:49', 94);
insert into segmentoVideo values(0, 2, '2016-05-10 12:05:02', 94);
insert into segmentoVideo values(1, 18, '2016-05-10 12:05:02', 94);
insert into segmentoVideo values(0, 2, '2018-01-24 00:32:47', 94);
insert into segmentoVideo values(1, 9, '2018-01-24 00:32:47', 94);
insert into segmentoVideo values(0, 2, '2017-01-05 05:55:24', 94);
insert into segmentoVideo values(1, 24, '2017-01-05 05:55:24', 94);
insert into segmentoVideo values(0, 2, '2018-06-10 02:49:59', 95);
insert into segmentoVideo values(1, 11, '2018-06-10 02:49:59', 95);
insert into segmentoVideo values(0, 2, '2017-09-12 01:54:04', 95);
insert into segmentoVideo values(1, 26, '2017-09-12 01:54:04', 95);
insert into segmentoVideo values(0, 27, '2016-04-17 09:03:27', 95);
insert into segmentoVideo values(0, 18, '2018-12-11 09:10:55', 95);
insert into segmentoVideo values(0, 20, '2017-09-07 01:30:13', 96);
insert into segmentoVideo values(0, 12, '2018-03-20 23:21:33', 96);
insert into segmentoVideo values(0, 16, '2018-09-28 05:56:28', 96);
insert into segmentoVideo values(0, 2, '2017-09-10 10:35:15', 96);
insert into segmentoVideo values(1, 21, '2017-09-10 10:35:15', 96);
insert into segmentoVideo values(0, 30, '2017-08-01 07:32:20', 97);
insert into segmentoVideo values(0, 2, '2016-06-08 18:26:24', 97);
insert into segmentoVideo values(1, 18, '2016-06-08 18:26:24', 97);
insert into segmentoVideo values(0, 2, '2017-02-14 22:02:40', 97);
insert into segmentoVideo values(1, 23, '2017-02-14 22:02:40', 97);
insert into segmentoVideo values(0, 19, '2018-05-11 15:54:23', 98);
insert into segmentoVideo values(0, 25, '2018-08-15 18:16:58', 98);
insert into segmentoVideo values(0, 2, '2018-11-26 20:25:39', 99);
insert into segmentoVideo values(1, 8, '2018-11-26 20:25:39', 99);
insert into segmentoVideo values(0, 2, '2016-10-05 14:45:16', 99);
insert into segmentoVideo values(1, 28, '2016-10-05 14:45:16', 99);
insert into segmentoVideo values(0, 21, '2018-09-07 20:37:35', 99);
insert into segmentoVideo values(0, 2, '2016-07-08 01:52:56', 99);
insert into segmentoVideo values(1, 13, '2016-07-08 01:52:56', 99);
insert into segmentoVideo values(0, 23, '2018-08-08 19:23:41', 100);
insert into segmentoVideo values(0, 23, '2016-08-27 00:18:58', 100);
insert into segmentoVideo values(0, 2, '2017-04-20 19:06:27', 100);
insert into segmentoVideo values(1, 23, '2017-04-20 19:06:27', 100);
insert into segmentoVideo values(0, 14, '2018-10-30 06:52:05', 101);
insert into segmentoVideo values(0, 12, '2018-04-13 02:03:00', 101);
insert into segmentoVideo values(0, 2, '2016-07-25 19:03:33', 101);
insert into segmentoVideo values(1, 9, '2016-07-25 19:03:33', 101);
insert into segmentoVideo values(0, 24, '2018-05-01 18:19:42', 101);



insert into local values('Portimo');
insert into local values('Vila Real');
insert into local values('Bragana');
insert into local values('Viana do Castelo');
insert into local values('Alcobaa');
insert into local values('Sintra');
insert into local values('Funchal');
insert into local values('Portalegre');
insert into local values('Aveiro');
insert into local values('Almada');
insert into local values('Barreiro');
insert into local values('Cartaxo');
insert into local values('Elvas');
insert into local values('Chaves');
insert into local values('Ftima');
insert into local values('Espinho');
insert into local values('Guarda');
insert into local values('Gouveia');
insert into local values('Fundo');
insert into local values('Leiria');
insert into local values('Maia');
insert into local values('Loures');
insert into local values('Moura');
insert into local values('Mirandela');
insert into local values('Penafiel');
insert into local values('Pinhel');
insert into local values('Praia da Vitria');
insert into local values('Queluz');
insert into local values('Ribeira Grande');
insert into local values('Santana');
insert into local values('Santa Cruz');
insert into local values('Seia');
insert into local values('So Pedro do Sul');
insert into local values('Tomar');
insert into local values('Tavira');
insert into local values('Trancoso');
insert into local values('Trofa');
insert into local values('Lisboa');
insert into local values('Porto');
insert into local values('Braga');
insert into local values('Coimbra');
insert into local values('Amadora');
insert into local values('Vila Nova de Gaia');
insert into local values('Setbal');
insert into local values('Beja');
insert into local values('vora');
insert into local values('Faro');
insert into local values('Sines');
insert into local values('Monchique');
insert into local values('Viseu');
insert into local values('Montijo');
insert into local values('Alcochete');
insert into local values('Oliveira do Hospital');
insert into local values('Albufeira');
insert into local values('Olho');
insert into local values('Redondo');
insert into local values('Vila das Aves');
insert into local values('Abrantes');
insert into local values('gueda');
insert into local values('Alccer do Sal');
insert into local values('Alfena');
insert into local values('Costa da Caparica');
insert into local values('Esmoriz');
insert into local values('Estarreja');
insert into local values('Fafe');
insert into local values('Santo Andr');
insert into local values('Felgueiras');
insert into local values('Gondomar');
insert into local values('Nazar');
insert into local values('Horta');
insert into local values('Lagoa');
insert into local values('Lagos');
insert into local values('Sagres');
insert into local values('Loul');
insert into local values('Castro Daire');
insert into local values('Marco de Canavezes');
insert into local values('Montemor-o-Novo');
insert into local values('Ovar');
insert into local values('Peniche');
insert into local values('Ericeira');
insert into local values('Pombal');
insert into local values('Cascais');
insert into local values('Rio Maior');
insert into local values('Sabugal');
insert into local values('Santo Tirso');
insert into local values('Seixal');
insert into local values('Silves');
insert into local values('Tondela');
insert into local values('Valongo');
insert into local values('Vizela');
insert into local values('lhavo');
insert into local values('Lamego');
insert into local values('Lixa');
insert into local values('Lourosa');
insert into local values('Macedo de Cavaleiros');
insert into local values('Machico');
insert into local values('Mes');
insert into local values('Alvor');
insert into local values('Arcozelo');
insert into local values('Coina');
insert into local values('Marzovelos');
insert into local values('Pvoa de Varzim');



insert into vigia values('Viseu', 0);
insert into vigia values('Fundo', 1);
insert into vigia values('Arcozelo', 2);
insert into vigia values('Santa Cruz', 3);
insert into vigia values('lhavo', 4);
insert into vigia values('Lagos', 5);
insert into vigia values('Lisboa', 6);
insert into vigia values('Gouveia', 7);
insert into vigia values('Santo Andr', 8);
insert into vigia values('Ovar', 9);
insert into vigia values('Penafiel', 10);
insert into vigia values('Seixal', 11);
insert into vigia values('Portalegre', 12);
insert into vigia values('Chaves', 13);
insert into vigia values('Pvoa de Varzim', 14);
insert into vigia values('Albufeira', 15);
insert into vigia values('Alfena', 16);
insert into vigia values('Horta', 17);
insert into vigia values('Esmoriz', 18);
insert into vigia values('Chaves', 19);
insert into vigia values('Marzovelos', 20);
insert into vigia values('Vila das Aves', 21);
insert into vigia values('Loures', 22);
insert into vigia values('Portimo', 23);
insert into vigia values('Mes', 24);
insert into vigia values('Viseu', 25);
insert into vigia values('Maia', 26);
insert into vigia values('Vila das Aves', 27);
insert into vigia values('Coina', 28);
insert into vigia values('Funchal', 29);
insert into vigia values('Portimo', 30);
insert into vigia values('Alccer do Sal', 31);
insert into vigia values('Olho', 32);
insert into vigia values('Beja', 33);
insert into vigia values('Redondo', 34);
insert into vigia values('Fundo', 35);
insert into vigia values('Marzovelos', 36);
insert into vigia values('Oliveira do Hospital', 37);
insert into vigia values('Gouveia', 38);
insert into vigia values('Trancoso', 39);
insert into vigia values('Amadora', 40);
insert into vigia values('Guarda', 41);
insert into vigia values('lhavo', 42);
insert into vigia values('Abrantes', 43);
insert into vigia values('Coimbra', 44);
insert into vigia values('Vizela', 45);
insert into vigia values('Nazar', 46);
insert into vigia values('Penafiel', 47);
insert into vigia values('Vila Nova de Gaia', 48);
insert into vigia values('Abrantes', 49);
insert into vigia values('Trofa', 50);
insert into vigia values('Tomar', 51);
insert into vigia values('Macedo de Cavaleiros', 52);
insert into vigia values('Esmoriz', 53);
insert into vigia values('Montijo', 54);
insert into vigia values('Ovar', 55);
insert into vigia values('Silves', 56);
insert into vigia values('Lamego', 57);
insert into vigia values('Montemor-o-Novo', 58);
insert into vigia values('Trancoso', 59);
insert into vigia values('So Pedro do Sul', 60);
insert into vigia values('Cascais', 61);
insert into vigia values('Funchal', 62);
insert into vigia values('Amadora', 63);
insert into vigia values('Tavira', 64);
insert into vigia values('Olho', 65);
insert into vigia values('Vila das Aves', 66);
insert into vigia values('Cartaxo', 67);
insert into vigia values('Sabugal', 68);
insert into vigia values('Setbal', 69);
insert into vigia values('Lamego', 70);
insert into vigia values('Alfena', 71);
insert into vigia values('Ftima', 72);
insert into vigia values('Costa da Caparica', 73);
insert into vigia values('Loul', 74);
insert into vigia values('Costa da Caparica', 75);
insert into vigia values('Olho', 76);
insert into vigia values('Nazar', 77);
insert into vigia values('Arcozelo', 78);
insert into vigia values('Ribeira Grande', 79);
insert into vigia values('Macedo de Cavaleiros', 80);
insert into vigia values('Penafiel', 81);
insert into vigia values('Albufeira', 82);
insert into vigia values('Portalegre', 83);
insert into vigia values('Arcozelo', 84);
insert into vigia values('Castro Daire', 85);
insert into vigia values('gueda', 86);
insert into vigia values('Porto', 87);
insert into vigia values('Lamego', 88);
insert into vigia values('gueda', 89);
insert into vigia values('Mes', 90);
insert into vigia values('Maia', 91);
insert into vigia values('Vila Nova de Gaia', 92);
insert into vigia values('Penafiel', 93);
insert into vigia values('Sines', 94);
insert into vigia values('Tavira', 95);
insert into vigia values('Santana', 96);
insert into vigia values('Bragana', 97);
insert into vigia values('Horta', 98);
insert into vigia values('Montijo', 99);
insert into vigia values('Elvas', 100);
insert into vigia values('Coimbra', 101);



insert into processoSocorro values(0);
insert into processoSocorro values(1);
insert into processoSocorro values(2);
insert into processoSocorro values(3);
insert into processoSocorro values(4);
insert into processoSocorro values(5);
insert into processoSocorro values(6);
insert into processoSocorro values(7);
insert into processoSocorro values(8);
insert into processoSocorro values(9);
insert into processoSocorro values(10);
insert into processoSocorro values(11);
insert into processoSocorro values(12);
insert into processoSocorro values(13);
insert into processoSocorro values(14);
insert into processoSocorro values(15);
insert into processoSocorro values(16);
insert into processoSocorro values(17);
insert into processoSocorro values(18);
insert into processoSocorro values(19);
insert into processoSocorro values(20);
insert into processoSocorro values(21);
insert into processoSocorro values(22);
insert into processoSocorro values(23);
insert into processoSocorro values(24);
insert into processoSocorro values(25);
insert into processoSocorro values(26);
insert into processoSocorro values(27);
insert into processoSocorro values(28);
insert into processoSocorro values(29);
insert into processoSocorro values(30);
insert into processoSocorro values(31);
insert into processoSocorro values(32);
insert into processoSocorro values(33);
insert into processoSocorro values(34);
insert into processoSocorro values(35);
insert into processoSocorro values(36);
insert into processoSocorro values(37);
insert into processoSocorro values(38);
insert into processoSocorro values(39);
insert into processoSocorro values(40);
insert into processoSocorro values(41);
insert into processoSocorro values(42);
insert into processoSocorro values(43);
insert into processoSocorro values(44);
insert into processoSocorro values(45);
insert into processoSocorro values(46);
insert into processoSocorro values(47);
insert into processoSocorro values(48);
insert into processoSocorro values(49);
insert into processoSocorro values(50);
insert into processoSocorro values(51);
insert into processoSocorro values(52);
insert into processoSocorro values(53);
insert into processoSocorro values(54);
insert into processoSocorro values(55);
insert into processoSocorro values(56);
insert into processoSocorro values(57);
insert into processoSocorro values(58);
insert into processoSocorro values(59);
insert into processoSocorro values(60);
insert into processoSocorro values(61);
insert into processoSocorro values(62);
insert into processoSocorro values(63);
insert into processoSocorro values(64);
insert into processoSocorro values(65);
insert into processoSocorro values(66);
insert into processoSocorro values(67);
insert into processoSocorro values(68);
insert into processoSocorro values(69);
insert into processoSocorro values(70);
insert into processoSocorro values(71);
insert into processoSocorro values(72);
insert into processoSocorro values(73);
insert into processoSocorro values(74);
insert into processoSocorro values(75);
insert into processoSocorro values(76);
insert into processoSocorro values(77);
insert into processoSocorro values(78);
insert into processoSocorro values(79);
insert into processoSocorro values(80);
insert into processoSocorro values(81);
insert into processoSocorro values(82);
insert into processoSocorro values(83);
insert into processoSocorro values(84);
insert into processoSocorro values(85);
insert into processoSocorro values(86);
insert into processoSocorro values(87);
insert into processoSocorro values(88);
insert into processoSocorro values(89);
insert into processoSocorro values(90);
insert into processoSocorro values(91);
insert into processoSocorro values(92);
insert into processoSocorro values(93);
insert into processoSocorro values(94);
insert into processoSocorro values(95);
insert into processoSocorro values(96);
insert into processoSocorro values(97);
insert into processoSocorro values(98);
insert into processoSocorro values(99);
insert into processoSocorro values(100);
insert into processoSocorro values(101);



insert into eventoEmergencia values(960000000, '2017-08-01 20:28:35', 'Ricardo', 'Queluz', 0);
insert into eventoEmergencia values(960000001, '2016-12-13 08:54:15', 'Catarina', 'Queluz', 1);
insert into eventoEmergencia values(960000002, '2017-06-22 11:18:39', 'Carolina', 'Braga', 2);
insert into eventoEmergencia values(960000003, '2016-02-21 12:34:54', 'Joo', 'Machico', 3);
insert into eventoEmergencia values(960000004, '2017-12-22 22:13:22', 'Marega', 'Tondela', 4);
insert into eventoEmergencia values(960000005, '2018-07-13 17:45:52', 'Miguel', 'Leiria', 5);
insert into eventoEmergencia values(960000006, '2016-07-14 20:51:28', 'Pedro', 'Ribeira Grande', 6);
insert into eventoEmergencia values(960000007, '2016-03-04 11:38:01', 'Carolina', 'Santa Cruz', 7);
insert into eventoEmergencia values(960000008, '2018-06-20 14:33:48', 'Ana', 'Lagos', 8);
insert into eventoEmergencia values(960000009, '2018-05-24 00:58:44', 'Joana', 'Loures', 9);
insert into eventoEmergencia values(960000010, '2016-04-19 16:20:41', 'Carolina', 'Gondomar', 10);
insert into eventoEmergencia values(960000011, '2016-10-31 17:24:13', 'Jonas', 'Santo Tirso', 11);
insert into eventoEmergencia values(960000012, '2016-11-07 02:42:33', 'Cristiano Ronaldo', 'Trancoso', 12);
insert into eventoEmergencia values(960000013, '2018-01-18 06:34:14', 'Bruno Fernandes', 'Valongo', 13);
insert into eventoEmergencia values(960000014, '2018-07-28 14:51:48', 'Joo', 'Seixal', 14);
insert into eventoEmergencia values(960000015, '2018-10-02 22:52:09', 'Cristiano Ronaldo', 'Seixal', 15);
insert into eventoEmergencia values(960000016, '2017-08-15 03:23:55', 'Rita', 'Montemor-o-Novo', 16);
insert into eventoEmergencia values(960000017, '2017-07-20 14:39:02', 'der', 'Mirandela', 17);
insert into eventoEmergencia values(960000018, '2017-09-14 03:59:02', 'Madalena', 'Coina', 18);
insert into eventoEmergencia values(960000019, '2018-12-04 02:32:54', 'Cristiano Ronaldo', 'Fundo', 19);
insert into eventoEmergencia values(960000020, '2017-12-05 04:48:54', 'Pedro', 'Lamego', 20);
insert into eventoEmergencia values(960000021, '2017-12-13 11:05:46', 'Catarina', 'Alcobaa', 21);
insert into eventoEmergencia values(960000022, '2016-03-19 17:17:16', 'Cames', 'Penafiel', 22);
insert into eventoEmergencia values(960000023, '2017-04-25 01:02:52', 'Catarina', 'Santo Tirso', 23);
insert into eventoEmergencia values(960000024, '2017-10-09 09:44:24', 'Bruno Fernandes', 'Chaves', 24);
insert into eventoEmergencia values(960000025, '2016-03-03 21:30:44', 'Marega', 'Marco de Canavezes', 25);
insert into eventoEmergencia values(960000026, '2016-11-02 09:19:08', 'Marega', 'Nazar', 26);
insert into eventoEmergencia values(960000027, '2016-11-02 03:53:47', 'Miguel', 'Braga', 27);
insert into eventoEmergencia values(960000028, '2018-03-20 19:57:27', 'Rita', 'Seia', 28);
insert into eventoEmergencia values(960000029, '2017-10-10 14:06:14', 'Cames', 'Horta', 29);
insert into eventoEmergencia values(960000030, '2016-12-30 19:38:14', 'Sancidino', 'Valongo', 30);
insert into eventoEmergencia values(960000031, '2017-06-08 15:56:18', 'Sancidino', 'Arcozelo', 31);
insert into eventoEmergencia values(960000032, '2016-05-22 08:42:59', 'Cames', 'Alcobaa', 32);
insert into eventoEmergencia values(960000033, '2016-04-24 09:01:08', 'Joo', 'Sabugal', 33);
insert into eventoEmergencia values(960000034, '2017-06-10 06:30:19', 'Toms', 'Loul', 34);
insert into eventoEmergencia values(960000035, '2016-09-10 15:26:49', 'Joo', 'Montijo', 35);
insert into eventoEmergencia values(960000036, '2016-11-22 17:27:22', 'Madalena', 'Vila Real', 36);
insert into eventoEmergencia values(960000037, '2016-01-21 06:36:55', 'Bruno Fernandes', 'Lourosa', 37);
insert into eventoEmergencia values(960000038, '2016-11-23 19:02:16', 'Joana', 'Praia da Vitria', 38);
insert into eventoEmergencia values(960000039, '2016-03-22 03:55:05', 'der', 'Espinho', 39);
insert into eventoEmergencia values(960000040, '2016-02-27 12:18:52', 'Joana', 'Mirandela', 40);
insert into eventoEmergencia values(960000041, '2016-02-06 07:20:43', 'Miguel', 'Beja', 41);
insert into eventoEmergencia values(960000042, '2018-07-04 08:52:06', 'Madalena', 'Nazar', 42);
insert into eventoEmergencia values(960000043, '2016-06-14 13:04:27', 'Cames', 'Ftima', 43);
insert into eventoEmergencia values(960000044, '2018-03-29 12:38:08', 'Simo', 'Praia da Vitria', 44);
insert into eventoEmergencia values(960000045, '2017-07-24 20:07:10', 'Maria', 'Setbal', 45);
insert into eventoEmergencia values(960000046, '2017-04-03 00:15:07', 'der', 'Beja', 46);
insert into eventoEmergencia values(960000047, '2017-08-21 02:40:12', 'Marega', 'Braga', 47);
insert into eventoEmergencia values(960000048, '2017-03-15 05:06:07', 'der', 'Sines', 48);
insert into eventoEmergencia values(960000049, '2016-06-11 16:12:31', 'Sancidino', 'Beja', 49);
insert into eventoEmergencia values(960000050, '2016-04-02 22:51:02', 'Ana', 'Montijo', 50);
insert into eventoEmergencia values(960000051, '2018-08-14 19:33:47', 'Margarida', 'Horta', 51);
insert into eventoEmergencia values(960000052, '2016-11-29 18:24:33', 'Miguel', 'Marzovelos', 52);
insert into eventoEmergencia values(960000053, '2018-04-07 20:03:30', 'Ana', 'vora', 53);
insert into eventoEmergencia values(960000054, '2017-11-20 12:23:42', 'Jonas', 'Aveiro', 54);
insert into eventoEmergencia values(960000055, '2018-08-04 08:32:21', 'Joo', 'Leiria', 55);
insert into eventoEmergencia values(960000056, '2016-03-22 02:19:18', 'Marega', 'Beja', 56);
insert into eventoEmergencia values(960000057, '2018-02-03 01:35:15', 'Carolina', 'Fafe', 57);
insert into eventoEmergencia values(960000058, '2016-10-12 15:23:42', 'Miguel', 'Tondela', 58);
insert into eventoEmergencia values(960000059, '2016-12-21 13:09:45', 'Ricardo', 'Montijo', 59);
insert into eventoEmergencia values(960000060, '2018-02-26 11:53:38', 'Carolina', 'Portimo', 60);
insert into eventoEmergencia values(960000061, '2017-12-31 18:52:18', 'Joana', 'Loul', 61);
insert into eventoEmergencia values(960000062, '2018-12-25 00:02:52', 'Carolina', 'Loures', 62);
insert into eventoEmergencia values(960000063, '2016-05-21 16:04:01', 'Margarida', 'Moura', 63);
insert into eventoEmergencia values(960000064, '2016-01-09 05:28:37', 'Joo', 'Machico', 64);
insert into eventoEmergencia values(960000065, '2017-07-13 23:26:01', 'Sancidino', 'Machico', 65);
insert into eventoEmergencia values(960000066, '2016-01-10 16:35:41', 'Lus', 'Monchique', 66);
insert into eventoEmergencia values(960000067, '2016-07-11 03:30:52', 'Simo', 'Coina', 67);
insert into eventoEmergencia values(960000068, '2018-07-20 01:37:28', 'Cames', 'Tondela', 68);
insert into eventoEmergencia values(960000069, '2016-02-25 02:25:15', 'Cames', 'Pinhel', 69);
insert into eventoEmergencia values(960000070, '2017-05-05 00:24:04', 'Joo', 'Marzovelos', 70);
insert into eventoEmergencia values(960000071, '2016-05-23 14:41:32', 'Marega', 'gueda', 71);
insert into eventoEmergencia values(960000072, '2018-11-18 14:18:16', 'Cames', 'Alcobaa', 72);
insert into eventoEmergencia values(960000073, '2018-03-08 04:17:48', 'Marega', 'Olho', 73);
insert into eventoEmergencia values(960000074, '2018-12-16 14:35:56', 'der', 'Mirandela', 74);
insert into eventoEmergencia values(960000075, '2016-06-14 13:57:39', 'Rita', 'Guarda', 75);
insert into eventoEmergencia values(960000076, '2018-04-04 03:07:00', 'Joo', 'Vila das Aves', 76);
insert into eventoEmergencia values(960000077, '2016-07-27 07:53:15', 'Lus', 'Alcobaa', 77);
insert into eventoEmergencia values(960000078, '2016-10-22 13:03:04', 'Ricardo', 'Mirandela', 78);
insert into eventoEmergencia values(960000079, '2016-11-05 23:17:24', 'Sancidino', 'vora', 79);
insert into eventoEmergencia values(960000080, '2016-07-07 03:53:10', 'Ricardo', 'Leiria', 80);
insert into eventoEmergencia values(960000081, '2016-04-26 02:05:35', 'Sancidino', 'Tavira', 81);
insert into eventoEmergencia values(960000082, '2017-09-12 04:14:57', 'Rita', 'Barreiro', 82);
insert into eventoEmergencia values(960000083, '2018-03-10 20:40:46', 'Simo', 'Moura', 83);
insert into eventoEmergencia values(960000084, '2016-01-20 14:38:14', 'Lus', 'Leiria', 84);
insert into eventoEmergencia values(960000085, '2016-07-24 23:53:38', 'Simo', 'Sines', 85);
insert into eventoEmergencia values(960000086, '2018-03-20 23:19:36', 'Rita', 'So Pedro do Sul', 86);
insert into eventoEmergencia values(960000087, '2017-12-13 04:41:01', 'der', 'Machico', 87);
insert into eventoEmergencia values(960000088, '2017-11-05 11:37:26', 'Cames', 'Cartaxo', 88);
insert into eventoEmergencia values(960000089, '2016-07-19 18:57:02', 'Joo', 'Chaves', 89);
insert into eventoEmergencia values(960000090, '2016-06-24 21:59:36', 'Miguel', 'Alcochete', 90);
insert into eventoEmergencia values(960000091, '2017-04-29 18:57:49', 'Cames', 'Marco de Canavezes', 91);
insert into eventoEmergencia values(960000092, '2018-12-18 05:31:32', 'Joo', 'lhavo', 92);
insert into eventoEmergencia values(960000093, '2016-04-07 19:53:59', 'Jonas', 'Funchal', 93);
insert into eventoEmergencia values(960000094, '2018-07-18 10:20:05', 'Joo', 'Alvor', 94);
insert into eventoEmergencia values(960000095, '2018-03-26 17:10:29', 'Cames', 'vora', 95);
insert into eventoEmergencia values(960000096, '2017-08-03 17:17:23', 'Jonas', 'Mirandela', 96);
insert into eventoEmergencia values(960000097, '2017-07-31 08:23:10', 'Carolina', 'Lagos', 97);
insert into eventoEmergencia values(960000098, '2016-03-22 11:12:42', 'Joana', 'Machico', 98);
insert into eventoEmergencia values(960000099, '2016-08-05 01:34:57', 'der', 'Sabugal', 99);
insert into eventoEmergencia values(960000100, '2017-03-22 14:15:21', 'Jonas', 'Marco de Canavezes', 100);
insert into eventoEmergencia values(960000101, '2017-09-11 19:07:47', 'Lus', 'Monchique', 101);
insert into eventoEmergencia values(960000102, '2017-04-24 21:52:12', 'Bruno Fernandes', 'Porto', 0);
insert into eventoEmergencia values(960000103, '2016-09-14 12:42:04', 'Maria', 'Monchique', 1);
insert into eventoEmergencia values(960000104, '2018-06-19 02:15:35', 'Madalena', 'Queluz', 2);
insert into eventoEmergencia values(960000105, '2016-06-20 04:10:47', 'Pedro', 'Sagres', 3);
insert into eventoEmergencia values(960000106, '2017-07-17 21:27:31', 'Ana', 'Peniche', 4);
insert into eventoEmergencia values(960000107, '2017-01-11 07:27:12', 'Cristiano Ronaldo', 'Faro', 5);
insert into eventoEmergencia values(960000108, '2016-10-29 02:01:18', 'Joo', 'Portimo', 6);
insert into eventoEmergencia values(960000109, '2016-09-24 22:41:12', 'der', 'Vila Nova de Gaia', 7);
insert into eventoEmergencia values(960000110, '2017-06-13 00:15:12', 'Jonas', 'Mirandela', 8);
insert into eventoEmergencia values(960000111, '2016-07-03 07:55:28', 'Madalena', 'Olho', 9);
insert into eventoEmergencia values(960000112, '2016-06-23 20:39:05', 'Madalena', 'Vila Real', 10);
insert into eventoEmergencia values(960000113, '2017-09-14 18:41:24', 'Rita', 'Montemor-o-Novo', 11);
insert into eventoEmergencia values(960000114, '2018-10-17 22:23:25', 'Rita', 'Chaves', 12);
insert into eventoEmergencia values(960000115, '2017-02-18 09:09:02', 'Miguel', 'Gouveia', 13);
insert into eventoEmergencia values(960000116, '2018-05-26 20:15:26', 'Joana', 'Mirandela', 14);
insert into eventoEmergencia values(960000117, '2018-09-03 16:45:46', 'Madalena', 'Marco de Canavezes', 15);
insert into eventoEmergencia values(960000118, '2018-11-02 14:39:07', 'Catarina', 'Montijo', 16);
insert into eventoEmergencia values(960000119, '2018-12-09 09:37:40', 'Madalena', 'Montijo', 17);
insert into eventoEmergencia values(960000120, '2017-10-21 16:39:27', 'Simo', 'Marzovelos', 18);
insert into eventoEmergencia values(960000121, '2018-06-27 19:26:26', 'Ana', 'Marco de Canavezes', 19);
insert into eventoEmergencia values(960000122, '2017-08-19 10:15:30', 'Joo', 'Ericeira', 20);
insert into eventoEmergencia values(960000123, '2017-12-09 22:26:53', 'der', 'Estarreja', 21);
insert into eventoEmergencia values(960000124, '2016-09-08 15:21:13', 'Rita', 'Sintra', 22);
insert into eventoEmergencia values(960000125, '2016-10-29 11:50:13', 'Margarida', 'Vila Nova de Gaia', 23);
insert into eventoEmergencia values(960000126, '2018-12-16 21:26:06', 'Lus', 'Trancoso', 24);
insert into eventoEmergencia values(960000127, '2016-04-24 12:14:24', 'Ana', 'Vila das Aves', 25);
insert into eventoEmergencia values(960000128, '2018-08-21 02:37:14', 'Cristiano Ronaldo', 'Barreiro', 26);
insert into eventoEmergencia values(960000129, '2018-11-11 10:13:53', 'Miguel', 'Pombal', 27);
insert into eventoEmergencia values(960000130, '2018-12-30 21:59:01', 'Cames', 'Vila Real', 28);
insert into eventoEmergencia values(960000131, '2016-01-01 10:30:55', 'Cames', 'Alvor', 29);
insert into eventoEmergencia values(960000132, '2016-10-09 11:58:48', 'Joana', 'Lisboa', 30);
insert into eventoEmergencia values(960000133, '2016-09-25 18:16:51', 'Miguel', 'Machico', 31);
insert into eventoEmergencia values(960000134, '2017-08-07 11:02:07', 'Cames', 'Marco de Canavezes', 32);
insert into eventoEmergencia values(960000135, '2016-02-15 21:30:37', 'Catarina', 'Costa da Caparica', 33);
insert into eventoEmergencia values(960000136, '2016-06-03 01:37:04', 'Carolina', 'Fafe', 34);
insert into eventoEmergencia values(960000137, '2018-10-12 12:23:32', 'Bruno Fernandes', 'Viseu', 35);
insert into eventoEmergencia values(960000138, '2016-07-10 13:32:42', 'Cristiano Ronaldo', 'Montemor-o-Novo', 36);
insert into eventoEmergencia values(960000139, '2016-04-23 12:22:27', 'Simo', 'Nazar', 37);
insert into eventoEmergencia values(960000140, '2018-12-14 22:06:24', 'Sancidino', 'Pinhel', 38);
insert into eventoEmergencia values(960000141, '2017-12-17 08:19:11', 'Rita', 'Ericeira', 39);
insert into eventoEmergencia values(960000142, '2018-05-28 23:57:18', 'Madalena', 'lhavo', 40);
insert into eventoEmergencia values(960000143, '2018-02-13 13:18:25', 'Catarina', 'So Pedro do Sul', 41);
insert into eventoEmergencia values(960000144, '2018-05-03 03:27:59', 'Marega', 'Marzovelos', 42);
insert into eventoEmergencia values(960000145, '2018-03-11 13:40:55', 'Jonas', 'Sabugal', 43);
insert into eventoEmergencia values(960000146, '2018-01-23 23:22:39', 'Madalena', 'Abrantes', 44);
insert into eventoEmergencia values(960000147, '2017-04-02 02:14:21', 'Maria', 'Redondo', 45);
insert into eventoEmergencia values(960000148, '2018-03-23 21:20:57', 'Margarida', 'Lagoa', 46);
insert into eventoEmergencia values(960000149, '2016-12-11 03:30:25', 'Bruno Fernandes', 'Lisboa', 47);



insert into entidadeMeio values('Polcia de Espinho');
insert into entidadeMeio values('Bombeiros de Santo Tirso');
insert into entidadeMeio values('Junta de Freguesia de Almada');
insert into entidadeMeio values('Junta de Freguesia de Vizela');
insert into entidadeMeio values('Junta de Freguesia de Queluz');
insert into entidadeMeio values('Polcia de Guarda');
insert into entidadeMeio values('Bombeiros de Fundo');
insert into entidadeMeio values('Polcia de Bragana');
insert into entidadeMeio values('Polcia de gueda');
insert into entidadeMeio values('Junta de Freguesia de Bragana');
insert into entidadeMeio values('Junta de Freguesia de Costa da Caparica');
insert into entidadeMeio values('Bombeiros de Mirandela');
insert into entidadeMeio values('Junta de Freguesia de Setbal');
insert into entidadeMeio values('Polcia de Castro Daire');
insert into entidadeMeio values('Bombeiros de Cascais');
insert into entidadeMeio values('Polcia de Loul');
insert into entidadeMeio values('Junta de Freguesia de Coina');
insert into entidadeMeio values('Bombeiros de Pinhel');
insert into entidadeMeio values('Polcia de Pombal');
insert into entidadeMeio values('Polcia de Tavira');
insert into entidadeMeio values('Junta de Freguesia de Valongo');
insert into entidadeMeio values('Bombeiros de Castro Daire');
insert into entidadeMeio values('Bombeiros de Beja');
insert into entidadeMeio values('Junta de Freguesia de Lisboa');
insert into entidadeMeio values('Bombeiros de Alcobaa');
insert into entidadeMeio values('Bombeiros de Peniche');
insert into entidadeMeio values('Bombeiros de Esmoriz');
insert into entidadeMeio values('Polcia de Vila Nova de Gaia');
insert into entidadeMeio values('Junta de Freguesia de So Pedro do Sul');
insert into entidadeMeio values('Bombeiros de Portalegre');
insert into entidadeMeio values('Polcia de Maia');
insert into entidadeMeio values('Bombeiros de Santo Andr');
insert into entidadeMeio values('Polcia de Santo Tirso');
insert into entidadeMeio values('Polcia de Cartaxo');
insert into entidadeMeio values('Polcia de Oliveira do Hospital');
insert into entidadeMeio values('Junta de Freguesia de Maia');
insert into entidadeMeio values('Polcia de Queluz');
insert into entidadeMeio values('Polcia de Alvor');
insert into entidadeMeio values('Polcia de Olho');
insert into entidadeMeio values('Polcia de Albufeira');
insert into entidadeMeio values('Bombeiros de Braga');
insert into entidadeMeio values('Bombeiros de Praia da Vitria');
insert into entidadeMeio values('Polcia de Esmoriz');
insert into entidadeMeio values('Junta de Freguesia de Vila Nova de Gaia');
insert into entidadeMeio values('Junta de Freguesia de Cartaxo');
insert into entidadeMeio values('Polcia de Gouveia');
insert into entidadeMeio values('Bombeiros de Chaves');
insert into entidadeMeio values('Bombeiros de Moura');
insert into entidadeMeio values('Bombeiros de Viana do Castelo');
insert into entidadeMeio values('Junta de Freguesia de Guarda');
insert into entidadeMeio values('Bombeiros de Ericeira');
insert into entidadeMeio values('Junta de Freguesia de Macedo de Cavaleiros');
insert into entidadeMeio values('Junta de Freguesia de Peniche');
insert into entidadeMeio values('Junta de Freguesia de Loures');
insert into entidadeMeio values('Polcia de So Pedro do Sul');
insert into entidadeMeio values('Bombeiros de Macedo de Cavaleiros');
insert into entidadeMeio values('Bombeiros de vora');
insert into entidadeMeio values('Bombeiros de Rio Maior');
insert into entidadeMeio values('Junta de Freguesia de Santo Andr');
insert into entidadeMeio values('Polcia de Moura');
insert into entidadeMeio values('Junta de Freguesia de Pvoa de Varzim');
insert into entidadeMeio values('Junta de Freguesia de Santa Cruz');
insert into entidadeMeio values('Polcia de Pinhel');
insert into entidadeMeio values('Bombeiros de Nazar');
insert into entidadeMeio values('Junta de Freguesia de Sines');
insert into entidadeMeio values('Junta de Freguesia de Olho');
insert into entidadeMeio values('Bombeiros de Almada');
insert into entidadeMeio values('Junta de Freguesia de Abrantes');
insert into entidadeMeio values('Junta de Freguesia de vora');
insert into entidadeMeio values('Bombeiros de Tavira');
insert into entidadeMeio values('Bombeiros de Sabugal');
insert into entidadeMeio values('Bombeiros de Portimo');
insert into entidadeMeio values('Bombeiros de Coimbra');
insert into entidadeMeio values('Polcia de lhavo');
insert into entidadeMeio values('Polcia de Cascais');
insert into entidadeMeio values('Bombeiros de Ftima');
insert into entidadeMeio values('Junta de Freguesia de Lamego');
insert into entidadeMeio values('Junta de Freguesia de Viana do Castelo');
insert into entidadeMeio values('Polcia de Costa da Caparica');
insert into entidadeMeio values('Polcia de Ericeira');
insert into entidadeMeio values('Bombeiros de Montemor-o-Novo');
insert into entidadeMeio values('Junta de Freguesia de Chaves');
insert into entidadeMeio values('Junta de Freguesia de Viseu');
insert into entidadeMeio values('Bombeiros de Arcozelo');
insert into entidadeMeio values('Junta de Freguesia de Leiria');
insert into entidadeMeio values('Polcia de Nazar');
insert into entidadeMeio values('Bombeiros de Alcochete');
insert into entidadeMeio values('Junta de Freguesia de Espinho');
insert into entidadeMeio values('Polcia de Lourosa');
insert into entidadeMeio values('Junta de Freguesia de Marzovelos');
insert into entidadeMeio values('Junta de Freguesia de Pinhel');
insert into entidadeMeio values('Bombeiros de Vila Nova de Gaia');
insert into entidadeMeio values('Junta de Freguesia de Funchal');
insert into entidadeMeio values('Bombeiros de Seixal');
insert into entidadeMeio values('Bombeiros de Loul');
insert into entidadeMeio values('Polcia de Santana');
insert into entidadeMeio values('Polcia de Sintra');
insert into entidadeMeio values('Bombeiros de Faro');
insert into entidadeMeio values('Bombeiros de Valongo');
insert into entidadeMeio values('Bombeiros de Felgueiras');
insert into entidadeMeio values('Bombeiros de Redondo');
insert into entidadeMeio values('Polcia de Beja');



insert into meio values(0, 'Carrinha', 'Polcia de Espinho');
insert into meio values(1, 'Ambulncia', 'Polcia de Espinho');
insert into meio values(2, 'Carrinha', 'Polcia de Espinho');
insert into meio values(3, 'Helicptero', 'Polcia de Espinho');
insert into meio values(4, 'Carrinha', 'Polcia de Espinho');
insert into meio values(0, 'Helicptero', 'Bombeiros de Santo Tirso');
insert into meio values(1, 'Helicptero', 'Bombeiros de Santo Tirso');
insert into meio values(2, 'Camio', 'Bombeiros de Santo Tirso');
insert into meio values(0, 'Ambulncia', 'Junta de Freguesia de Almada');
insert into meio values(1, 'Helicptero', 'Junta de Freguesia de Almada');
insert into meio values(2, 'Ambulncia', 'Junta de Freguesia de Almada');
insert into meio values(3, 'Carrinha', 'Junta de Freguesia de Almada');
insert into meio values(0, 'Ambulncia', 'Junta de Freguesia de Vizela');
insert into meio values(1, 'Camio', 'Junta de Freguesia de Vizela');
insert into meio values(2, 'Ambulncia', 'Junta de Freguesia de Vizela');
insert into meio values(0, 'Carrinha', 'Junta de Freguesia de Queluz');
insert into meio values(1, 'Ambulncia', 'Junta de Freguesia de Queluz');
insert into meio values(2, 'Carrinha', 'Junta de Freguesia de Queluz');
insert into meio values(3, 'Carrinha', 'Junta de Freguesia de Queluz');
insert into meio values(4, 'Helicptero', 'Junta de Freguesia de Queluz');
insert into meio values(0, 'Carrinha', 'Polcia de Guarda');
insert into meio values(1, 'Ambulncia', 'Polcia de Guarda');
insert into meio values(2, 'Camio', 'Polcia de Guarda');
insert into meio values(3, 'Carrinha', 'Polcia de Guarda');
insert into meio values(4, 'Camio', 'Polcia de Guarda');
insert into meio values(0, 'Camio', 'Bombeiros de Fundo');
insert into meio values(1, 'Helicptero', 'Bombeiros de Fundo');
insert into meio values(2, 'Ambulncia', 'Bombeiros de Fundo');
insert into meio values(0, 'Carrinha', 'Polcia de Bragana');
insert into meio values(1, 'Carrinha', 'Polcia de Bragana');
insert into meio values(2, 'Helicptero', 'Polcia de Bragana');
insert into meio values(0, 'Camio', 'Polcia de gueda');
insert into meio values(1, 'Ambulncia', 'Polcia de gueda');
insert into meio values(2, 'Helicptero', 'Polcia de gueda');
insert into meio values(3, 'Carrinha', 'Polcia de gueda');
insert into meio values(4, 'Helicptero', 'Polcia de gueda');
insert into meio values(0, 'Helicptero', 'Junta de Freguesia de Bragana');
insert into meio values(1, 'Ambulncia', 'Junta de Freguesia de Bragana');
insert into meio values(2, 'Ambulncia', 'Junta de Freguesia de Bragana');
insert into meio values(0, 'Camio', 'Junta de Freguesia de Costa da Caparica');
insert into meio values(1, 'Carrinha', 'Junta de Freguesia de Costa da Caparica');
insert into meio values(2, 'Carrinha', 'Junta de Freguesia de Costa da Caparica');
insert into meio values(3, 'Carrinha', 'Junta de Freguesia de Costa da Caparica');
insert into meio values(4, 'Helicptero', 'Junta de Freguesia de Costa da Caparica');
insert into meio values(0, 'Helicptero', 'Bombeiros de Mirandela');
insert into meio values(1, 'Ambulncia', 'Bombeiros de Mirandela');
insert into meio values(2, 'Ambulncia', 'Bombeiros de Mirandela');
insert into meio values(3, 'Helicptero', 'Bombeiros de Mirandela');
insert into meio values(4, 'Camio', 'Bombeiros de Mirandela');
insert into meio values(0, 'Ambulncia', 'Junta de Freguesia de Setbal');
insert into meio values(1, 'Camio', 'Junta de Freguesia de Setbal');
insert into meio values(2, 'Helicptero', 'Junta de Freguesia de Setbal');
insert into meio values(0, 'Helicptero', 'Polcia de Castro Daire');
insert into meio values(1, 'Helicptero', 'Polcia de Castro Daire');
insert into meio values(2, 'Camio', 'Polcia de Castro Daire');
insert into meio values(0, 'Carrinha', 'Bombeiros de Cascais');
insert into meio values(1, 'Camio', 'Bombeiros de Cascais');
insert into meio values(2, 'Helicptero', 'Bombeiros de Cascais');
insert into meio values(0, 'Camio', 'Polcia de Loul');
insert into meio values(1, 'Helicptero', 'Polcia de Loul');
insert into meio values(2, 'Helicptero', 'Polcia de Loul');
insert into meio values(3, 'Camio', 'Polcia de Loul');
insert into meio values(0, 'Helicptero', 'Junta de Freguesia de Coina');
insert into meio values(1, 'Ambulncia', 'Junta de Freguesia de Coina');
insert into meio values(2, 'Ambulncia', 'Junta de Freguesia de Coina');
insert into meio values(3, 'Helicptero', 'Junta de Freguesia de Coina');
insert into meio values(0, 'Carrinha', 'Bombeiros de Pinhel');
insert into meio values(1, 'Ambulncia', 'Bombeiros de Pinhel');
insert into meio values(2, 'Helicptero', 'Bombeiros de Pinhel');
insert into meio values(3, 'Ambulncia', 'Bombeiros de Pinhel');
insert into meio values(0, 'Camio', 'Polcia de Pombal');
insert into meio values(1, 'Camio', 'Polcia de Pombal');
insert into meio values(2, 'Helicptero', 'Polcia de Pombal');
insert into meio values(3, 'Camio', 'Polcia de Pombal');
insert into meio values(4, 'Camio', 'Polcia de Pombal');
insert into meio values(0, 'Camio', 'Polcia de Tavira');
insert into meio values(1, 'Carrinha', 'Polcia de Tavira');
insert into meio values(2, 'Ambulncia', 'Polcia de Tavira');
insert into meio values(3, 'Ambulncia', 'Polcia de Tavira');
insert into meio values(0, 'Camio', 'Junta de Freguesia de Valongo');
insert into meio values(1, 'Camio', 'Junta de Freguesia de Valongo');
insert into meio values(2, 'Carrinha', 'Junta de Freguesia de Valongo');
insert into meio values(0, 'Carrinha', 'Bombeiros de Castro Daire');
insert into meio values(1, 'Ambulncia', 'Bombeiros de Castro Daire');
insert into meio values(2, 'Helicptero', 'Bombeiros de Castro Daire');
insert into meio values(3, 'Ambulncia', 'Bombeiros de Castro Daire');
insert into meio values(0, 'Helicptero', 'Bombeiros de Beja');
insert into meio values(1, 'Camio', 'Bombeiros de Beja');
insert into meio values(2, 'Camio', 'Bombeiros de Beja');
insert into meio values(0, 'Carrinha', 'Junta de Freguesia de Lisboa');
insert into meio values(1, 'Carrinha', 'Junta de Freguesia de Lisboa');
insert into meio values(2, 'Helicptero', 'Junta de Freguesia de Lisboa');
insert into meio values(3, 'Carrinha', 'Junta de Freguesia de Lisboa');
insert into meio values(0, 'Camio', 'Bombeiros de Alcobaa');
insert into meio values(1, 'Carrinha', 'Bombeiros de Alcobaa');
insert into meio values(2, 'Camio', 'Bombeiros de Alcobaa');
insert into meio values(3, 'Ambulncia', 'Bombeiros de Alcobaa');
insert into meio values(0, 'Helicptero', 'Bombeiros de Peniche');
insert into meio values(1, 'Camio', 'Bombeiros de Peniche');
insert into meio values(2, 'Carrinha', 'Bombeiros de Peniche');
insert into meio values(0, 'Carrinha', 'Bombeiros de Esmoriz');
insert into meio values(1, 'Camio', 'Bombeiros de Esmoriz');
insert into meio values(2, 'Carrinha', 'Bombeiros de Esmoriz');
insert into meio values(3, 'Ambulncia', 'Bombeiros de Esmoriz');
insert into meio values(4, 'Helicptero', 'Bombeiros de Esmoriz');
insert into meio values(0, 'Carrinha', 'Polcia de Vila Nova de Gaia');
insert into meio values(1, 'Ambulncia', 'Polcia de Vila Nova de Gaia');
insert into meio values(2, 'Helicptero', 'Polcia de Vila Nova de Gaia');
insert into meio values(0, 'Ambulncia', 'Junta de Freguesia de So Pedro do Sul');
insert into meio values(1, 'Ambulncia', 'Junta de Freguesia de So Pedro do Sul');
insert into meio values(2, 'Camio', 'Junta de Freguesia de So Pedro do Sul');
insert into meio values(3, 'Helicptero', 'Junta de Freguesia de So Pedro do Sul');
insert into meio values(0, 'Camio', 'Bombeiros de Portalegre');
insert into meio values(1, 'Helicptero', 'Bombeiros de Portalegre');
insert into meio values(2, 'Helicptero', 'Bombeiros de Portalegre');
insert into meio values(3, 'Carrinha', 'Bombeiros de Portalegre');
insert into meio values(0, 'Carrinha', 'Polcia de Maia');
insert into meio values(1, 'Camio', 'Polcia de Maia');
insert into meio values(2, 'Ambulncia', 'Polcia de Maia');
insert into meio values(3, 'Helicptero', 'Polcia de Maia');
insert into meio values(4, 'Carrinha', 'Polcia de Maia');
insert into meio values(0, 'Carrinha', 'Bombeiros de Santo Andr');
insert into meio values(1, 'Helicptero', 'Bombeiros de Santo Andr');
insert into meio values(2, 'Ambulncia', 'Bombeiros de Santo Andr');
insert into meio values(3, 'Camio', 'Bombeiros de Santo Andr');
insert into meio values(4, 'Camio', 'Bombeiros de Santo Andr');
insert into meio values(0, 'Carrinha', 'Polcia de Santo Tirso');
insert into meio values(1, 'Carrinha', 'Polcia de Santo Tirso');
insert into meio values(2, 'Helicptero', 'Polcia de Santo Tirso');
insert into meio values(3, 'Camio', 'Polcia de Santo Tirso');
insert into meio values(0, 'Helicptero', 'Polcia de Cartaxo');
insert into meio values(1, 'Camio', 'Polcia de Cartaxo');
insert into meio values(2, 'Carrinha', 'Polcia de Cartaxo');
insert into meio values(0, 'Carrinha', 'Polcia de Oliveira do Hospital');
insert into meio values(1, 'Camio', 'Polcia de Oliveira do Hospital');
insert into meio values(2, 'Carrinha', 'Polcia de Oliveira do Hospital');
insert into meio values(0, 'Helicptero', 'Junta de Freguesia de Maia');
insert into meio values(1, 'Helicptero', 'Junta de Freguesia de Maia');
insert into meio values(2, 'Carrinha', 'Junta de Freguesia de Maia');
insert into meio values(3, 'Ambulncia', 'Junta de Freguesia de Maia');
insert into meio values(4, 'Carrinha', 'Junta de Freguesia de Maia');
insert into meio values(0, 'Camio', 'Polcia de Queluz');
insert into meio values(1, 'Carrinha', 'Polcia de Queluz');
insert into meio values(2, 'Ambulncia', 'Polcia de Queluz');
insert into meio values(3, 'Carrinha', 'Polcia de Queluz');
insert into meio values(4, 'Ambulncia', 'Polcia de Queluz');
insert into meio values(0, 'Helicptero', 'Polcia de Alvor');
insert into meio values(1, 'Camio', 'Polcia de Alvor');
insert into meio values(2, 'Camio', 'Polcia de Alvor');
insert into meio values(3, 'Ambulncia', 'Polcia de Alvor');
insert into meio values(0, 'Helicptero', 'Polcia de Olho');
insert into meio values(1, 'Camio', 'Polcia de Olho');
insert into meio values(2, 'Camio', 'Polcia de Olho');
insert into meio values(3, 'Helicptero', 'Polcia de Olho');
insert into meio values(0, 'Ambulncia', 'Polcia de Albufeira');
insert into meio values(1, 'Camio', 'Polcia de Albufeira');
insert into meio values(2, 'Ambulncia', 'Polcia de Albufeira');
insert into meio values(3, 'Helicptero', 'Polcia de Albufeira');
insert into meio values(4, 'Carrinha', 'Polcia de Albufeira');
insert into meio values(0, 'Ambulncia', 'Bombeiros de Braga');
insert into meio values(1, 'Ambulncia', 'Bombeiros de Braga');
insert into meio values(2, 'Ambulncia', 'Bombeiros de Braga');
insert into meio values(0, 'Carrinha', 'Bombeiros de Praia da Vitria');
insert into meio values(1, 'Helicptero', 'Bombeiros de Praia da Vitria');
insert into meio values(2, 'Helicptero', 'Bombeiros de Praia da Vitria');
insert into meio values(0, 'Carrinha', 'Polcia de Esmoriz');
insert into meio values(1, 'Carrinha', 'Polcia de Esmoriz');
insert into meio values(2, 'Ambulncia', 'Polcia de Esmoriz');
insert into meio values(3, 'Camio', 'Polcia de Esmoriz');
insert into meio values(0, 'Camio', 'Junta de Freguesia de Vila Nova de Gaia');
insert into meio values(1, 'Ambulncia', 'Junta de Freguesia de Vila Nova de Gaia');
insert into meio values(2, 'Camio', 'Junta de Freguesia de Vila Nova de Gaia');
insert into meio values(0, 'Ambulncia', 'Junta de Freguesia de Cartaxo');
insert into meio values(1, 'Camio', 'Junta de Freguesia de Cartaxo');
insert into meio values(2, 'Carrinha', 'Junta de Freguesia de Cartaxo');
insert into meio values(3, 'Camio', 'Junta de Freguesia de Cartaxo');
insert into meio values(4, 'Carrinha', 'Junta de Freguesia de Cartaxo');
insert into meio values(0, 'Camio', 'Polcia de Gouveia');
insert into meio values(1, 'Camio', 'Polcia de Gouveia');
insert into meio values(2, 'Carrinha', 'Polcia de Gouveia');
insert into meio values(0, 'Carrinha', 'Bombeiros de Chaves');
insert into meio values(1, 'Helicptero', 'Bombeiros de Chaves');
insert into meio values(2, 'Camio', 'Bombeiros de Chaves');
insert into meio values(3, 'Helicptero', 'Bombeiros de Chaves');
insert into meio values(0, 'Camio', 'Bombeiros de Moura');
insert into meio values(1, 'Camio', 'Bombeiros de Moura');
insert into meio values(2, 'Carrinha', 'Bombeiros de Moura');
insert into meio values(3, 'Camio', 'Bombeiros de Moura');
insert into meio values(4, 'Ambulncia', 'Bombeiros de Moura');
insert into meio values(0, 'Helicptero', 'Bombeiros de Viana do Castelo');
insert into meio values(1, 'Camio', 'Bombeiros de Viana do Castelo');
insert into meio values(2, 'Carrinha', 'Bombeiros de Viana do Castelo');
insert into meio values(3, 'Camio', 'Bombeiros de Viana do Castelo');
insert into meio values(0, 'Camio', 'Junta de Freguesia de Guarda');
insert into meio values(1, 'Helicptero', 'Junta de Freguesia de Guarda');
insert into meio values(2, 'Ambulncia', 'Junta de Freguesia de Guarda');
insert into meio values(0, 'Helicptero', 'Bombeiros de Ericeira');
insert into meio values(1, 'Camio', 'Bombeiros de Ericeira');
insert into meio values(2, 'Camio', 'Bombeiros de Ericeira');
insert into meio values(3, 'Ambulncia', 'Bombeiros de Ericeira');
insert into meio values(0, 'Helicptero', 'Junta de Freguesia de Macedo de Cavaleiros');
insert into meio values(1, 'Helicptero', 'Junta de Freguesia de Macedo de Cavaleiros');
insert into meio values(2, 'Helicptero', 'Junta de Freguesia de Macedo de Cavaleiros');
insert into meio values(3, 'Carrinha', 'Junta de Freguesia de Macedo de Cavaleiros');
insert into meio values(0, 'Helicptero', 'Junta de Freguesia de Peniche');
insert into meio values(1, 'Helicptero', 'Junta de Freguesia de Peniche');
insert into meio values(2, 'Ambulncia', 'Junta de Freguesia de Peniche');
insert into meio values(0, 'Ambulncia', 'Junta de Freguesia de Loures');
insert into meio values(1, 'Camio', 'Junta de Freguesia de Loures');
insert into meio values(2, 'Helicptero', 'Junta de Freguesia de Loures');
insert into meio values(0, 'Carrinha', 'Polcia de So Pedro do Sul');
insert into meio values(1, 'Camio', 'Polcia de So Pedro do Sul');
insert into meio values(2, 'Camio', 'Polcia de So Pedro do Sul');
insert into meio values(3, 'Helicptero', 'Polcia de So Pedro do Sul');
insert into meio values(4, 'Camio', 'Polcia de So Pedro do Sul');
insert into meio values(0, 'Helicptero', 'Bombeiros de Macedo de Cavaleiros');
insert into meio values(1, 'Helicptero', 'Bombeiros de Macedo de Cavaleiros');
insert into meio values(2, 'Camio', 'Bombeiros de Macedo de Cavaleiros');
insert into meio values(3, 'Ambulncia', 'Bombeiros de Macedo de Cavaleiros');
insert into meio values(4, 'Camio', 'Bombeiros de Macedo de Cavaleiros');
insert into meio values(0, 'Camio', 'Bombeiros de vora');
insert into meio values(1, 'Ambulncia', 'Bombeiros de vora');
insert into meio values(2, 'Carrinha', 'Bombeiros de vora');
insert into meio values(3, 'Ambulncia', 'Bombeiros de vora');
insert into meio values(0, 'Ambulncia', 'Bombeiros de Rio Maior');
insert into meio values(1, 'Carrinha', 'Bombeiros de Rio Maior');
insert into meio values(2, 'Helicptero', 'Bombeiros de Rio Maior');
insert into meio values(3, 'Ambulncia', 'Bombeiros de Rio Maior');
insert into meio values(4, 'Helicptero', 'Bombeiros de Rio Maior');
insert into meio values(0, 'Carrinha', 'Junta de Freguesia de Santo Andr');
insert into meio values(1, 'Camio', 'Junta de Freguesia de Santo Andr');
insert into meio values(2, 'Carrinha', 'Junta de Freguesia de Santo Andr');
insert into meio values(3, 'Carrinha', 'Junta de Freguesia de Santo Andr');
insert into meio values(4, 'Camio', 'Junta de Freguesia de Santo Andr');
insert into meio values(0, 'Camio', 'Polcia de Moura');
insert into meio values(1, 'Ambulncia', 'Polcia de Moura');
insert into meio values(2, 'Helicptero', 'Polcia de Moura');
insert into meio values(3, 'Helicptero', 'Polcia de Moura');
insert into meio values(0, 'Camio', 'Junta de Freguesia de Pvoa de Varzim');
insert into meio values(1, 'Camio', 'Junta de Freguesia de Pvoa de Varzim');
insert into meio values(2, 'Camio', 'Junta de Freguesia de Pvoa de Varzim');
insert into meio values(0, 'Ambulncia', 'Junta de Freguesia de Santa Cruz');
insert into meio values(1, 'Ambulncia', 'Junta de Freguesia de Santa Cruz');
insert into meio values(2, 'Ambulncia', 'Junta de Freguesia de Santa Cruz');
insert into meio values(3, 'Helicptero', 'Junta de Freguesia de Santa Cruz');
insert into meio values(0, 'Carrinha', 'Polcia de Pinhel');
insert into meio values(1, 'Helicptero', 'Polcia de Pinhel');
insert into meio values(2, 'Camio', 'Polcia de Pinhel');
insert into meio values(3, 'Ambulncia', 'Polcia de Pinhel');
insert into meio values(0, 'Camio', 'Bombeiros de Nazar');
insert into meio values(1, 'Ambulncia', 'Bombeiros de Nazar');
insert into meio values(2, 'Camio', 'Bombeiros de Nazar');
insert into meio values(3, 'Helicptero', 'Bombeiros de Nazar');
insert into meio values(0, 'Camio', 'Junta de Freguesia de Sines');
insert into meio values(1, 'Camio', 'Junta de Freguesia de Sines');
insert into meio values(2, 'Camio', 'Junta de Freguesia de Sines');
insert into meio values(3, 'Ambulncia', 'Junta de Freguesia de Sines');
insert into meio values(4, 'Helicptero', 'Junta de Freguesia de Sines');
insert into meio values(0, 'Carrinha', 'Junta de Freguesia de Olho');
insert into meio values(1, 'Helicptero', 'Junta de Freguesia de Olho');
insert into meio values(2, 'Helicptero', 'Junta de Freguesia de Olho');
insert into meio values(3, 'Carrinha', 'Junta de Freguesia de Olho');
insert into meio values(0, 'Ambulncia', 'Bombeiros de Almada');
insert into meio values(1, 'Helicptero', 'Bombeiros de Almada');
insert into meio values(2, 'Ambulncia', 'Bombeiros de Almada');
insert into meio values(3, 'Camio', 'Bombeiros de Almada');
insert into meio values(0, 'Helicptero', 'Junta de Freguesia de Abrantes');
insert into meio values(1, 'Carrinha', 'Junta de Freguesia de Abrantes');
insert into meio values(2, 'Carrinha', 'Junta de Freguesia de Abrantes');
insert into meio values(0, 'Ambulncia', 'Junta de Freguesia de vora');
insert into meio values(1, 'Carrinha', 'Junta de Freguesia de vora');
insert into meio values(2, 'Camio', 'Junta de Freguesia de vora');
insert into meio values(3, 'Camio', 'Junta de Freguesia de vora');
insert into meio values(4, 'Camio', 'Junta de Freguesia de vora');
insert into meio values(0, 'Helicptero', 'Bombeiros de Tavira');
insert into meio values(1, 'Ambulncia', 'Bombeiros de Tavira');
insert into meio values(2, 'Carrinha', 'Bombeiros de Tavira');
insert into meio values(3, 'Helicptero', 'Bombeiros de Tavira');
insert into meio values(4, 'Camio', 'Bombeiros de Tavira');
insert into meio values(0, 'Camio', 'Bombeiros de Sabugal');
insert into meio values(1, 'Camio', 'Bombeiros de Sabugal');
insert into meio values(2, 'Camio', 'Bombeiros de Sabugal');
insert into meio values(3, 'Camio', 'Bombeiros de Sabugal');
insert into meio values(0, 'Carrinha', 'Bombeiros de Portimo');
insert into meio values(1, 'Carrinha', 'Bombeiros de Portimo');
insert into meio values(2, 'Helicptero', 'Bombeiros de Portimo');
insert into meio values(0, 'Camio', 'Bombeiros de Coimbra');
insert into meio values(1, 'Carrinha', 'Bombeiros de Coimbra');
insert into meio values(2, 'Camio', 'Bombeiros de Coimbra');
insert into meio values(3, 'Ambulncia', 'Bombeiros de Coimbra');
insert into meio values(4, 'Camio', 'Bombeiros de Coimbra');
insert into meio values(0, 'Carrinha', 'Polcia de lhavo');
insert into meio values(1, 'Ambulncia', 'Polcia de lhavo');
insert into meio values(2, 'Helicptero', 'Polcia de lhavo');
insert into meio values(3, 'Helicptero', 'Polcia de lhavo');
insert into meio values(4, 'Helicptero', 'Polcia de lhavo');
insert into meio values(0, 'Camio', 'Polcia de Cascais');
insert into meio values(1, 'Camio', 'Polcia de Cascais');
insert into meio values(2, 'Ambulncia', 'Polcia de Cascais');
insert into meio values(3, 'Helicptero', 'Polcia de Cascais');
insert into meio values(0, 'Ambulncia', 'Bombeiros de Ftima');
insert into meio values(1, 'Camio', 'Bombeiros de Ftima');
insert into meio values(2, 'Helicptero', 'Bombeiros de Ftima');
insert into meio values(3, 'Ambulncia', 'Bombeiros de Ftima');
insert into meio values(0, 'Ambulncia', 'Junta de Freguesia de Lamego');
insert into meio values(1, 'Helicptero', 'Junta de Freguesia de Lamego');
insert into meio values(2, 'Camio', 'Junta de Freguesia de Lamego');
insert into meio values(0, 'Camio', 'Junta de Freguesia de Viana do Castelo');
insert into meio values(1, 'Helicptero', 'Junta de Freguesia de Viana do Castelo');
insert into meio values(2, 'Camio', 'Junta de Freguesia de Viana do Castelo');
insert into meio values(3, 'Ambulncia', 'Junta de Freguesia de Viana do Castelo');
insert into meio values(0, 'Carrinha', 'Polcia de Costa da Caparica');
insert into meio values(1, 'Carrinha', 'Polcia de Costa da Caparica');
insert into meio values(2, 'Ambulncia', 'Polcia de Costa da Caparica');
insert into meio values(3, 'Camio', 'Polcia de Costa da Caparica');
insert into meio values(4, 'Camio', 'Polcia de Costa da Caparica');
insert into meio values(0, 'Ambulncia', 'Polcia de Ericeira');
insert into meio values(1, 'Ambulncia', 'Polcia de Ericeira');
insert into meio values(2, 'Carrinha', 'Polcia de Ericeira');
insert into meio values(3, 'Ambulncia', 'Polcia de Ericeira');
insert into meio values(4, 'Camio', 'Polcia de Ericeira');
insert into meio values(0, 'Camio', 'Bombeiros de Montemor-o-Novo');
insert into meio values(1, 'Ambulncia', 'Bombeiros de Montemor-o-Novo');
insert into meio values(2, 'Camio', 'Bombeiros de Montemor-o-Novo');
insert into meio values(3, 'Carrinha', 'Bombeiros de Montemor-o-Novo');
insert into meio values(4, 'Helicptero', 'Bombeiros de Montemor-o-Novo');
insert into meio values(0, 'Camio', 'Junta de Freguesia de Chaves');
insert into meio values(1, 'Ambulncia', 'Junta de Freguesia de Chaves');
insert into meio values(2, 'Camio', 'Junta de Freguesia de Chaves');
insert into meio values(3, 'Helicptero', 'Junta de Freguesia de Chaves');
insert into meio values(4, 'Camio', 'Junta de Freguesia de Chaves');
insert into meio values(0, 'Ambulncia', 'Junta de Freguesia de Viseu');
insert into meio values(1, 'Carrinha', 'Junta de Freguesia de Viseu');
insert into meio values(2, 'Carrinha', 'Junta de Freguesia de Viseu');
insert into meio values(3, 'Camio', 'Junta de Freguesia de Viseu');
insert into meio values(4, 'Carrinha', 'Junta de Freguesia de Viseu');
insert into meio values(0, 'Carrinha', 'Bombeiros de Arcozelo');
insert into meio values(1, 'Camio', 'Bombeiros de Arcozelo');
insert into meio values(2, 'Ambulncia', 'Bombeiros de Arcozelo');
insert into meio values(3, 'Camio', 'Bombeiros de Arcozelo');
insert into meio values(0, 'Camio', 'Junta de Freguesia de Leiria');
insert into meio values(1, 'Camio', 'Junta de Freguesia de Leiria');
insert into meio values(2, 'Carrinha', 'Junta de Freguesia de Leiria');
insert into meio values(0, 'Carrinha', 'Polcia de Nazar');
insert into meio values(1, 'Carrinha', 'Polcia de Nazar');
insert into meio values(2, 'Ambulncia', 'Polcia de Nazar');
insert into meio values(3, 'Ambulncia', 'Polcia de Nazar');
insert into meio values(0, 'Helicptero', 'Bombeiros de Alcochete');
insert into meio values(1, 'Carrinha', 'Bombeiros de Alcochete');
insert into meio values(2, 'Ambulncia', 'Bombeiros de Alcochete');
insert into meio values(3, 'Ambulncia', 'Bombeiros de Alcochete');
insert into meio values(4, 'Camio', 'Bombeiros de Alcochete');
insert into meio values(0, 'Camio', 'Junta de Freguesia de Espinho');
insert into meio values(1, 'Helicptero', 'Junta de Freguesia de Espinho');
insert into meio values(2, 'Camio', 'Junta de Freguesia de Espinho');
insert into meio values(3, 'Carrinha', 'Junta de Freguesia de Espinho');
insert into meio values(0, 'Ambulncia', 'Polcia de Lourosa');
insert into meio values(1, 'Helicptero', 'Polcia de Lourosa');
insert into meio values(2, 'Carrinha', 'Polcia de Lourosa');
insert into meio values(3, 'Ambulncia', 'Polcia de Lourosa');
insert into meio values(4, 'Ambulncia', 'Polcia de Lourosa');
insert into meio values(0, 'Camio', 'Junta de Freguesia de Marzovelos');
insert into meio values(1, 'Ambulncia', 'Junta de Freguesia de Marzovelos');
insert into meio values(2, 'Ambulncia', 'Junta de Freguesia de Marzovelos');
insert into meio values(3, 'Ambulncia', 'Junta de Freguesia de Marzovelos');
insert into meio values(4, 'Helicptero', 'Junta de Freguesia de Marzovelos');
insert into meio values(0, 'Carrinha', 'Junta de Freguesia de Pinhel');
insert into meio values(1, 'Ambulncia', 'Junta de Freguesia de Pinhel');
insert into meio values(2, 'Carrinha', 'Junta de Freguesia de Pinhel');
insert into meio values(3, 'Camio', 'Junta de Freguesia de Pinhel');
insert into meio values(0, 'Carrinha', 'Bombeiros de Vila Nova de Gaia');
insert into meio values(1, 'Camio', 'Bombeiros de Vila Nova de Gaia');
insert into meio values(2, 'Camio', 'Bombeiros de Vila Nova de Gaia');
insert into meio values(3, 'Helicptero', 'Bombeiros de Vila Nova de Gaia');
insert into meio values(4, 'Helicptero', 'Bombeiros de Vila Nova de Gaia');
insert into meio values(0, 'Ambulncia', 'Junta de Freguesia de Funchal');
insert into meio values(1, 'Helicptero', 'Junta de Freguesia de Funchal');
insert into meio values(2, 'Helicptero', 'Junta de Freguesia de Funchal');
insert into meio values(3, 'Ambulncia', 'Junta de Freguesia de Funchal');
insert into meio values(4, 'Carrinha', 'Junta de Freguesia de Funchal');
insert into meio values(0, 'Camio', 'Bombeiros de Seixal');
insert into meio values(1, 'Helicptero', 'Bombeiros de Seixal');
insert into meio values(2, 'Carrinha', 'Bombeiros de Seixal');
insert into meio values(3, 'Carrinha', 'Bombeiros de Seixal');
insert into meio values(0, 'Helicptero', 'Bombeiros de Loul');
insert into meio values(1, 'Ambulncia', 'Bombeiros de Loul');
insert into meio values(2, 'Camio', 'Bombeiros de Loul');
insert into meio values(0, 'Ambulncia', 'Polcia de Santana');
insert into meio values(1, 'Ambulncia', 'Polcia de Santana');
insert into meio values(2, 'Helicptero', 'Polcia de Santana');
insert into meio values(3, 'Camio', 'Polcia de Santana');
insert into meio values(4, 'Helicptero', 'Polcia de Santana');
insert into meio values(0, 'Carrinha', 'Polcia de Sintra');
insert into meio values(1, 'Ambulncia', 'Polcia de Sintra');
insert into meio values(2, 'Carrinha', 'Polcia de Sintra');
insert into meio values(3, 'Camio', 'Polcia de Sintra');
insert into meio values(0, 'Camio', 'Bombeiros de Faro');
insert into meio values(1, 'Ambulncia', 'Bombeiros de Faro');
insert into meio values(2, 'Ambulncia', 'Bombeiros de Faro');
insert into meio values(3, 'Camio', 'Bombeiros de Faro');
insert into meio values(4, 'Helicptero', 'Bombeiros de Faro');
insert into meio values(0, 'Helicptero', 'Bombeiros de Valongo');
insert into meio values(1, 'Camio', 'Bombeiros de Valongo');
insert into meio values(2, 'Carrinha', 'Bombeiros de Valongo');
insert into meio values(3, 'Carrinha', 'Bombeiros de Valongo');
insert into meio values(4, 'Ambulncia', 'Bombeiros de Valongo');
insert into meio values(0, 'Ambulncia', 'Bombeiros de Felgueiras');
insert into meio values(1, 'Helicptero', 'Bombeiros de Felgueiras');
insert into meio values(2, 'Camio', 'Bombeiros de Felgueiras');
insert into meio values(0, 'Helicptero', 'Bombeiros de Redondo');
insert into meio values(1, 'Helicptero', 'Bombeiros de Redondo');
insert into meio values(2, 'Helicptero', 'Bombeiros de Redondo');
insert into meio values(0, 'Carrinha', 'Polcia de Beja');
insert into meio values(1, 'Camio', 'Polcia de Beja');
insert into meio values(2, 'Ambulncia', 'Polcia de Beja');
insert into meio values(3, 'Ambulncia', 'Polcia de Beja');
insert into meio values(4, 'Ambulncia', 'Polcia de Beja');



insert into meioCombate values(0, 'Polcia de Espinho');
insert into meioCombate values(3, 'Polcia de Espinho');
insert into meioCombate values(0, 'Bombeiros de Santo Tirso');
insert into meioCombate values(0, 'Junta de Freguesia de Almada');
insert into meioCombate values(3, 'Junta de Freguesia de Almada');
insert into meioCombate values(0, 'Junta de Freguesia de Vizela');
insert into meioCombate values(0, 'Junta de Freguesia de Queluz');
insert into meioCombate values(3, 'Junta de Freguesia de Queluz');
insert into meioCombate values(0, 'Polcia de Guarda');
insert into meioCombate values(3, 'Polcia de Guarda');
insert into meioCombate values(0, 'Bombeiros de Fundo');
insert into meioCombate values(0, 'Polcia de Bragana');
insert into meioCombate values(0, 'Polcia de gueda');
insert into meioCombate values(3, 'Polcia de gueda');
insert into meioCombate values(0, 'Junta de Freguesia de Bragana');
insert into meioCombate values(0, 'Junta de Freguesia de Costa da Caparica');
insert into meioCombate values(3, 'Junta de Freguesia de Costa da Caparica');
insert into meioCombate values(0, 'Bombeiros de Mirandela');
insert into meioCombate values(3, 'Bombeiros de Mirandela');
insert into meioCombate values(0, 'Junta de Freguesia de Setbal');
insert into meioCombate values(0, 'Polcia de Castro Daire');
insert into meioCombate values(0, 'Bombeiros de Cascais');
insert into meioCombate values(0, 'Polcia de Loul');
insert into meioCombate values(3, 'Polcia de Loul');
insert into meioCombate values(0, 'Junta de Freguesia de Coina');
insert into meioCombate values(3, 'Junta de Freguesia de Coina');
insert into meioCombate values(0, 'Bombeiros de Pinhel');
insert into meioCombate values(3, 'Bombeiros de Pinhel');
insert into meioCombate values(0, 'Polcia de Pombal');
insert into meioCombate values(3, 'Polcia de Pombal');
insert into meioCombate values(0, 'Polcia de Tavira');
insert into meioCombate values(3, 'Polcia de Tavira');
insert into meioCombate values(0, 'Junta de Freguesia de Valongo');
insert into meioCombate values(0, 'Bombeiros de Castro Daire');
insert into meioCombate values(3, 'Bombeiros de Castro Daire');
insert into meioCombate values(0, 'Bombeiros de Beja');
insert into meioCombate values(0, 'Junta de Freguesia de Lisboa');
insert into meioCombate values(3, 'Junta de Freguesia de Lisboa');
insert into meioCombate values(0, 'Bombeiros de Alcobaa');
insert into meioCombate values(3, 'Bombeiros de Alcobaa');
insert into meioCombate values(0, 'Bombeiros de Peniche');
insert into meioCombate values(0, 'Bombeiros de Esmoriz');
insert into meioCombate values(3, 'Bombeiros de Esmoriz');
insert into meioCombate values(0, 'Polcia de Vila Nova de Gaia');
insert into meioCombate values(0, 'Junta de Freguesia de So Pedro do Sul');
insert into meioCombate values(3, 'Junta de Freguesia de So Pedro do Sul');
insert into meioCombate values(0, 'Bombeiros de Portalegre');
insert into meioCombate values(3, 'Bombeiros de Portalegre');
insert into meioCombate values(0, 'Polcia de Maia');
insert into meioCombate values(3, 'Polcia de Maia');
insert into meioCombate values(0, 'Bombeiros de Santo Andr');
insert into meioCombate values(3, 'Bombeiros de Santo Andr');
insert into meioCombate values(0, 'Polcia de Santo Tirso');
insert into meioCombate values(3, 'Polcia de Santo Tirso');
insert into meioCombate values(0, 'Polcia de Cartaxo');
insert into meioCombate values(0, 'Polcia de Oliveira do Hospital');
insert into meioCombate values(0, 'Junta de Freguesia de Maia');
insert into meioCombate values(3, 'Junta de Freguesia de Maia');
insert into meioCombate values(0, 'Polcia de Queluz');
insert into meioCombate values(3, 'Polcia de Queluz');
insert into meioCombate values(0, 'Polcia de Alvor');
insert into meioCombate values(3, 'Polcia de Alvor');
insert into meioCombate values(0, 'Polcia de Olho');
insert into meioCombate values(3, 'Polcia de Olho');
insert into meioCombate values(0, 'Polcia de Albufeira');
insert into meioCombate values(3, 'Polcia de Albufeira');
insert into meioCombate values(0, 'Bombeiros de Braga');
insert into meioCombate values(0, 'Bombeiros de Praia da Vitria');
insert into meioCombate values(0, 'Polcia de Esmoriz');
insert into meioCombate values(3, 'Polcia de Esmoriz');
insert into meioCombate values(0, 'Junta de Freguesia de Vila Nova de Gaia');
insert into meioCombate values(0, 'Junta de Freguesia de Cartaxo');
insert into meioCombate values(3, 'Junta de Freguesia de Cartaxo');
insert into meioCombate values(0, 'Polcia de Gouveia');
insert into meioCombate values(0, 'Bombeiros de Chaves');
insert into meioCombate values(3, 'Bombeiros de Chaves');
insert into meioCombate values(0, 'Bombeiros de Moura');
insert into meioCombate values(3, 'Bombeiros de Moura');
insert into meioCombate values(0, 'Bombeiros de Viana do Castelo');
insert into meioCombate values(3, 'Bombeiros de Viana do Castelo');
insert into meioCombate values(0, 'Junta de Freguesia de Guarda');
insert into meioCombate values(0, 'Bombeiros de Ericeira');
insert into meioCombate values(3, 'Bombeiros de Ericeira');
insert into meioCombate values(0, 'Junta de Freguesia de Macedo de Cavaleiros');
insert into meioCombate values(3, 'Junta de Freguesia de Macedo de Cavaleiros');
insert into meioCombate values(0, 'Junta de Freguesia de Peniche');
insert into meioCombate values(0, 'Junta de Freguesia de Loures');
insert into meioCombate values(0, 'Polcia de So Pedro do Sul');
insert into meioCombate values(3, 'Polcia de So Pedro do Sul');
insert into meioCombate values(0, 'Bombeiros de Macedo de Cavaleiros');
insert into meioCombate values(3, 'Bombeiros de Macedo de Cavaleiros');
insert into meioCombate values(0, 'Bombeiros de vora');
insert into meioCombate values(3, 'Bombeiros de vora');
insert into meioCombate values(0, 'Bombeiros de Rio Maior');
insert into meioCombate values(3, 'Bombeiros de Rio Maior');
insert into meioCombate values(0, 'Junta de Freguesia de Santo Andr');
insert into meioCombate values(3, 'Junta de Freguesia de Santo Andr');
insert into meioCombate values(0, 'Polcia de Moura');
insert into meioCombate values(3, 'Polcia de Moura');
insert into meioCombate values(0, 'Junta de Freguesia de Pvoa de Varzim');
insert into meioCombate values(0, 'Junta de Freguesia de Santa Cruz');
insert into meioCombate values(3, 'Junta de Freguesia de Santa Cruz');
insert into meioCombate values(0, 'Polcia de Pinhel');
insert into meioCombate values(3, 'Polcia de Pinhel');
insert into meioCombate values(0, 'Bombeiros de Nazar');
insert into meioCombate values(3, 'Bombeiros de Nazar');
insert into meioCombate values(0, 'Junta de Freguesia de Sines');
insert into meioCombate values(3, 'Junta de Freguesia de Sines');
insert into meioCombate values(0, 'Junta de Freguesia de Olho');
insert into meioCombate values(3, 'Junta de Freguesia de Olho');
insert into meioCombate values(0, 'Bombeiros de Almada');
insert into meioCombate values(3, 'Bombeiros de Almada');
insert into meioCombate values(0, 'Junta de Freguesia de Abrantes');
insert into meioCombate values(0, 'Junta de Freguesia de vora');
insert into meioCombate values(3, 'Junta de Freguesia de vora');
insert into meioCombate values(0, 'Bombeiros de Tavira');
insert into meioCombate values(3, 'Bombeiros de Tavira');
insert into meioCombate values(0, 'Bombeiros de Sabugal');
insert into meioCombate values(3, 'Bombeiros de Sabugal');
insert into meioCombate values(0, 'Bombeiros de Portimo');
insert into meioCombate values(0, 'Bombeiros de Coimbra');
insert into meioCombate values(3, 'Bombeiros de Coimbra');
insert into meioCombate values(0, 'Polcia de lhavo');
insert into meioCombate values(3, 'Polcia de lhavo');
insert into meioCombate values(0, 'Polcia de Cascais');
insert into meioCombate values(3, 'Polcia de Cascais');
insert into meioCombate values(0, 'Bombeiros de Ftima');
insert into meioCombate values(3, 'Bombeiros de Ftima');
insert into meioCombate values(0, 'Junta de Freguesia de Lamego');
insert into meioCombate values(0, 'Junta de Freguesia de Viana do Castelo');
insert into meioCombate values(3, 'Junta de Freguesia de Viana do Castelo');
insert into meioCombate values(0, 'Polcia de Costa da Caparica');
insert into meioCombate values(3, 'Polcia de Costa da Caparica');
insert into meioCombate values(0, 'Polcia de Ericeira');
insert into meioCombate values(3, 'Polcia de Ericeira');
insert into meioCombate values(0, 'Bombeiros de Montemor-o-Novo');
insert into meioCombate values(3, 'Bombeiros de Montemor-o-Novo');
insert into meioCombate values(0, 'Junta de Freguesia de Chaves');
insert into meioCombate values(3, 'Junta de Freguesia de Chaves');
insert into meioCombate values(0, 'Junta de Freguesia de Viseu');
insert into meioCombate values(3, 'Junta de Freguesia de Viseu');
insert into meioCombate values(0, 'Bombeiros de Arcozelo');
insert into meioCombate values(3, 'Bombeiros de Arcozelo');
insert into meioCombate values(0, 'Junta de Freguesia de Leiria');
insert into meioCombate values(0, 'Polcia de Nazar');
insert into meioCombate values(3, 'Polcia de Nazar');
insert into meioCombate values(0, 'Bombeiros de Alcochete');
insert into meioCombate values(3, 'Bombeiros de Alcochete');
insert into meioCombate values(0, 'Junta de Freguesia de Espinho');
insert into meioCombate values(3, 'Junta de Freguesia de Espinho');
insert into meioCombate values(0, 'Polcia de Lourosa');
insert into meioCombate values(3, 'Polcia de Lourosa');
insert into meioCombate values(0, 'Junta de Freguesia de Marzovelos');
insert into meioCombate values(3, 'Junta de Freguesia de Marzovelos');
insert into meioCombate values(0, 'Junta de Freguesia de Pinhel');
insert into meioCombate values(3, 'Junta de Freguesia de Pinhel');
insert into meioCombate values(0, 'Bombeiros de Vila Nova de Gaia');
insert into meioCombate values(3, 'Bombeiros de Vila Nova de Gaia');
insert into meioCombate values(0, 'Junta de Freguesia de Funchal');
insert into meioCombate values(3, 'Junta de Freguesia de Funchal');
insert into meioCombate values(0, 'Bombeiros de Seixal');
insert into meioCombate values(3, 'Bombeiros de Seixal');
insert into meioCombate values(0, 'Bombeiros de Loul');
insert into meioCombate values(0, 'Polcia de Santana');
insert into meioCombate values(3, 'Polcia de Santana');
insert into meioCombate values(0, 'Polcia de Sintra');
insert into meioCombate values(3, 'Polcia de Sintra');
insert into meioCombate values(0, 'Bombeiros de Faro');
insert into meioCombate values(3, 'Bombeiros de Faro');
insert into meioCombate values(0, 'Bombeiros de Valongo');
insert into meioCombate values(3, 'Bombeiros de Valongo');
insert into meioCombate values(0, 'Bombeiros de Felgueiras');
insert into meioCombate values(0, 'Bombeiros de Redondo');
insert into meioCombate values(0, 'Polcia de Beja');
insert into meioCombate values(3, 'Polcia de Beja');



insert into meioApoio values(1, 'Polcia de Espinho');
insert into meioApoio values(4, 'Polcia de Espinho');
insert into meioApoio values(1, 'Bombeiros de Santo Tirso');
insert into meioApoio values(1, 'Junta de Freguesia de Almada');
insert into meioApoio values(1, 'Junta de Freguesia de Vizela');
insert into meioApoio values(1, 'Junta de Freguesia de Queluz');
insert into meioApoio values(4, 'Junta de Freguesia de Queluz');
insert into meioApoio values(1, 'Polcia de Guarda');
insert into meioApoio values(4, 'Polcia de Guarda');
insert into meioApoio values(1, 'Bombeiros de Fundo');
insert into meioApoio values(1, 'Polcia de Bragana');
insert into meioApoio values(1, 'Polcia de gueda');
insert into meioApoio values(4, 'Polcia de gueda');
insert into meioApoio values(1, 'Junta de Freguesia de Bragana');
insert into meioApoio values(1, 'Junta de Freguesia de Costa da Caparica');
insert into meioApoio values(4, 'Junta de Freguesia de Costa da Caparica');
insert into meioApoio values(1, 'Bombeiros de Mirandela');
insert into meioApoio values(4, 'Bombeiros de Mirandela');
insert into meioApoio values(1, 'Junta de Freguesia de Setbal');
insert into meioApoio values(1, 'Polcia de Castro Daire');
insert into meioApoio values(1, 'Bombeiros de Cascais');
insert into meioApoio values(1, 'Polcia de Loul');
insert into meioApoio values(1, 'Junta de Freguesia de Coina');
insert into meioApoio values(1, 'Bombeiros de Pinhel');
insert into meioApoio values(1, 'Polcia de Pombal');
insert into meioApoio values(4, 'Polcia de Pombal');
insert into meioApoio values(1, 'Polcia de Tavira');
insert into meioApoio values(1, 'Junta de Freguesia de Valongo');
insert into meioApoio values(1, 'Bombeiros de Castro Daire');
insert into meioApoio values(1, 'Bombeiros de Beja');
insert into meioApoio values(1, 'Junta de Freguesia de Lisboa');
insert into meioApoio values(1, 'Bombeiros de Alcobaa');
insert into meioApoio values(1, 'Bombeiros de Peniche');
insert into meioApoio values(1, 'Bombeiros de Esmoriz');
insert into meioApoio values(4, 'Bombeiros de Esmoriz');
insert into meioApoio values(1, 'Polcia de Vila Nova de Gaia');
insert into meioApoio values(1, 'Junta de Freguesia de So Pedro do Sul');
insert into meioApoio values(1, 'Bombeiros de Portalegre');
insert into meioApoio values(1, 'Polcia de Maia');
insert into meioApoio values(4, 'Polcia de Maia');
insert into meioApoio values(1, 'Bombeiros de Santo Andr');
insert into meioApoio values(4, 'Bombeiros de Santo Andr');
insert into meioApoio values(1, 'Polcia de Santo Tirso');
insert into meioApoio values(1, 'Polcia de Cartaxo');
insert into meioApoio values(1, 'Polcia de Oliveira do Hospital');
insert into meioApoio values(1, 'Junta de Freguesia de Maia');
insert into meioApoio values(4, 'Junta de Freguesia de Maia');
insert into meioApoio values(1, 'Polcia de Queluz');
insert into meioApoio values(4, 'Polcia de Queluz');
insert into meioApoio values(1, 'Polcia de Alvor');
insert into meioApoio values(1, 'Polcia de Olho');
insert into meioApoio values(1, 'Polcia de Albufeira');
insert into meioApoio values(4, 'Polcia de Albufeira');
insert into meioApoio values(1, 'Bombeiros de Braga');
insert into meioApoio values(1, 'Bombeiros de Praia da Vitria');
insert into meioApoio values(1, 'Polcia de Esmoriz');
insert into meioApoio values(1, 'Junta de Freguesia de Vila Nova de Gaia');
insert into meioApoio values(1, 'Junta de Freguesia de Cartaxo');
insert into meioApoio values(4, 'Junta de Freguesia de Cartaxo');
insert into meioApoio values(1, 'Polcia de Gouveia');
insert into meioApoio values(1, 'Bombeiros de Chaves');
insert into meioApoio values(1, 'Bombeiros de Moura');
insert into meioApoio values(4, 'Bombeiros de Moura');
insert into meioApoio values(1, 'Bombeiros de Viana do Castelo');
insert into meioApoio values(1, 'Junta de Freguesia de Guarda');
insert into meioApoio values(1, 'Bombeiros de Ericeira');
insert into meioApoio values(1, 'Junta de Freguesia de Macedo de Cavaleiros');
insert into meioApoio values(1, 'Junta de Freguesia de Peniche');
insert into meioApoio values(1, 'Junta de Freguesia de Loures');
insert into meioApoio values(1, 'Polcia de So Pedro do Sul');
insert into meioApoio values(4, 'Polcia de So Pedro do Sul');
insert into meioApoio values(1, 'Bombeiros de Macedo de Cavaleiros');
insert into meioApoio values(4, 'Bombeiros de Macedo de Cavaleiros');
insert into meioApoio values(1, 'Bombeiros de vora');
insert into meioApoio values(1, 'Bombeiros de Rio Maior');
insert into meioApoio values(4, 'Bombeiros de Rio Maior');
insert into meioApoio values(1, 'Junta de Freguesia de Santo Andr');
insert into meioApoio values(4, 'Junta de Freguesia de Santo Andr');
insert into meioApoio values(1, 'Polcia de Moura');
insert into meioApoio values(1, 'Junta de Freguesia de Pvoa de Varzim');
insert into meioApoio values(1, 'Junta de Freguesia de Santa Cruz');
insert into meioApoio values(1, 'Polcia de Pinhel');
insert into meioApoio values(1, 'Bombeiros de Nazar');
insert into meioApoio values(1, 'Junta de Freguesia de Sines');
insert into meioApoio values(4, 'Junta de Freguesia de Sines');
insert into meioApoio values(1, 'Junta de Freguesia de Olho');
insert into meioApoio values(1, 'Bombeiros de Almada');
insert into meioApoio values(1, 'Junta de Freguesia de Abrantes');
insert into meioApoio values(1, 'Junta de Freguesia de vora');
insert into meioApoio values(4, 'Junta de Freguesia de vora');
insert into meioApoio values(1, 'Bombeiros de Tavira');
insert into meioApoio values(4, 'Bombeiros de Tavira');
insert into meioApoio values(1, 'Bombeiros de Sabugal');
insert into meioApoio values(1, 'Bombeiros de Portimo');
insert into meioApoio values(1, 'Bombeiros de Coimbra');
insert into meioApoio values(4, 'Bombeiros de Coimbra');
insert into meioApoio values(1, 'Polcia de lhavo');
insert into meioApoio values(4, 'Polcia de lhavo');
insert into meioApoio values(1, 'Polcia de Cascais');
insert into meioApoio values(1, 'Bombeiros de Ftima');
insert into meioApoio values(1, 'Junta de Freguesia de Lamego');
insert into meioApoio values(1, 'Junta de Freguesia de Viana do Castelo');
insert into meioApoio values(1, 'Polcia de Costa da Caparica');
insert into meioApoio values(4, 'Polcia de Costa da Caparica');
insert into meioApoio values(1, 'Polcia de Ericeira');
insert into meioApoio values(4, 'Polcia de Ericeira');
insert into meioApoio values(1, 'Bombeiros de Montemor-o-Novo');
insert into meioApoio values(4, 'Bombeiros de Montemor-o-Novo');
insert into meioApoio values(1, 'Junta de Freguesia de Chaves');
insert into meioApoio values(4, 'Junta de Freguesia de Chaves');
insert into meioApoio values(1, 'Junta de Freguesia de Viseu');
insert into meioApoio values(4, 'Junta de Freguesia de Viseu');
insert into meioApoio values(1, 'Bombeiros de Arcozelo');
insert into meioApoio values(1, 'Junta de Freguesia de Leiria');
insert into meioApoio values(1, 'Polcia de Nazar');
insert into meioApoio values(1, 'Bombeiros de Alcochete');
insert into meioApoio values(4, 'Bombeiros de Alcochete');
insert into meioApoio values(1, 'Junta de Freguesia de Espinho');
insert into meioApoio values(1, 'Polcia de Lourosa');
insert into meioApoio values(4, 'Polcia de Lourosa');
insert into meioApoio values(1, 'Junta de Freguesia de Marzovelos');
insert into meioApoio values(4, 'Junta de Freguesia de Marzovelos');
insert into meioApoio values(1, 'Junta de Freguesia de Pinhel');
insert into meioApoio values(1, 'Bombeiros de Vila Nova de Gaia');
insert into meioApoio values(4, 'Bombeiros de Vila Nova de Gaia');
insert into meioApoio values(1, 'Junta de Freguesia de Funchal');
insert into meioApoio values(4, 'Junta de Freguesia de Funchal');
insert into meioApoio values(1, 'Bombeiros de Seixal');
insert into meioApoio values(1, 'Bombeiros de Loul');
insert into meioApoio values(1, 'Polcia de Santana');
insert into meioApoio values(4, 'Polcia de Santana');
insert into meioApoio values(1, 'Polcia de Sintra');
insert into meioApoio values(1, 'Bombeiros de Faro');
insert into meioApoio values(4, 'Bombeiros de Faro');
insert into meioApoio values(1, 'Bombeiros de Valongo');
insert into meioApoio values(4, 'Bombeiros de Valongo');
insert into meioApoio values(1, 'Bombeiros de Felgueiras');
insert into meioApoio values(1, 'Bombeiros de Redondo');
insert into meioApoio values(1, 'Polcia de Beja');
insert into meioApoio values(4, 'Polcia de Beja');



insert into meioSocorro values(2, 'Polcia de Espinho');
insert into meioSocorro values(2, 'Bombeiros de Santo Tirso');
insert into meioSocorro values(2, 'Junta de Freguesia de Almada');
insert into meioSocorro values(2, 'Junta de Freguesia de Vizela');
insert into meioSocorro values(2, 'Junta de Freguesia de Queluz');
insert into meioSocorro values(2, 'Polcia de Guarda');
insert into meioSocorro values(2, 'Bombeiros de Fundo');
insert into meioSocorro values(2, 'Polcia de Bragana');
insert into meioSocorro values(2, 'Polcia de gueda');
insert into meioSocorro values(2, 'Junta de Freguesia de Bragana');
insert into meioSocorro values(2, 'Junta de Freguesia de Costa da Caparica');
insert into meioSocorro values(2, 'Bombeiros de Mirandela');
insert into meioSocorro values(2, 'Junta de Freguesia de Setbal');
insert into meioSocorro values(2, 'Polcia de Castro Daire');
insert into meioSocorro values(2, 'Bombeiros de Cascais');
insert into meioSocorro values(2, 'Polcia de Loul');
insert into meioSocorro values(2, 'Junta de Freguesia de Coina');
insert into meioSocorro values(2, 'Bombeiros de Pinhel');
insert into meioSocorro values(2, 'Polcia de Pombal');
insert into meioSocorro values(2, 'Polcia de Tavira');
insert into meioSocorro values(2, 'Junta de Freguesia de Valongo');
insert into meioSocorro values(2, 'Bombeiros de Castro Daire');
insert into meioSocorro values(2, 'Bombeiros de Beja');
insert into meioSocorro values(2, 'Junta de Freguesia de Lisboa');
insert into meioSocorro values(2, 'Bombeiros de Alcobaa');
insert into meioSocorro values(2, 'Bombeiros de Peniche');
insert into meioSocorro values(2, 'Bombeiros de Esmoriz');
insert into meioSocorro values(2, 'Polcia de Vila Nova de Gaia');
insert into meioSocorro values(2, 'Junta de Freguesia de So Pedro do Sul');
insert into meioSocorro values(2, 'Bombeiros de Portalegre');
insert into meioSocorro values(2, 'Polcia de Maia');
insert into meioSocorro values(2, 'Bombeiros de Santo Andr');
insert into meioSocorro values(2, 'Polcia de Santo Tirso');
insert into meioSocorro values(2, 'Polcia de Cartaxo');
insert into meioSocorro values(2, 'Polcia de Oliveira do Hospital');
insert into meioSocorro values(2, 'Junta de Freguesia de Maia');
insert into meioSocorro values(2, 'Polcia de Queluz');
insert into meioSocorro values(2, 'Polcia de Alvor');
insert into meioSocorro values(2, 'Polcia de Olho');
insert into meioSocorro values(2, 'Polcia de Albufeira');
insert into meioSocorro values(2, 'Bombeiros de Braga');
insert into meioSocorro values(2, 'Bombeiros de Praia da Vitria');
insert into meioSocorro values(2, 'Polcia de Esmoriz');
insert into meioSocorro values(2, 'Junta de Freguesia de Vila Nova de Gaia');
insert into meioSocorro values(2, 'Junta de Freguesia de Cartaxo');
insert into meioSocorro values(2, 'Polcia de Gouveia');
insert into meioSocorro values(2, 'Bombeiros de Chaves');
insert into meioSocorro values(2, 'Bombeiros de Moura');
insert into meioSocorro values(2, 'Bombeiros de Viana do Castelo');
insert into meioSocorro values(2, 'Junta de Freguesia de Guarda');
insert into meioSocorro values(2, 'Bombeiros de Ericeira');
insert into meioSocorro values(2, 'Junta de Freguesia de Macedo de Cavaleiros');
insert into meioSocorro values(2, 'Junta de Freguesia de Peniche');
insert into meioSocorro values(2, 'Junta de Freguesia de Loures');
insert into meioSocorro values(2, 'Polcia de So Pedro do Sul');
insert into meioSocorro values(2, 'Bombeiros de Macedo de Cavaleiros');
insert into meioSocorro values(2, 'Bombeiros de vora');
insert into meioSocorro values(2, 'Bombeiros de Rio Maior');
insert into meioSocorro values(2, 'Junta de Freguesia de Santo Andr');
insert into meioSocorro values(2, 'Polcia de Moura');
insert into meioSocorro values(2, 'Junta de Freguesia de Pvoa de Varzim');
insert into meioSocorro values(2, 'Junta de Freguesia de Santa Cruz');
insert into meioSocorro values(2, 'Polcia de Pinhel');
insert into meioSocorro values(2, 'Bombeiros de Nazar');
insert into meioSocorro values(2, 'Junta de Freguesia de Sines');
insert into meioSocorro values(2, 'Junta de Freguesia de Olho');
insert into meioSocorro values(2, 'Bombeiros de Almada');
insert into meioSocorro values(2, 'Junta de Freguesia de Abrantes');
insert into meioSocorro values(2, 'Junta de Freguesia de vora');
insert into meioSocorro values(2, 'Bombeiros de Tavira');
insert into meioSocorro values(2, 'Bombeiros de Sabugal');
insert into meioSocorro values(2, 'Bombeiros de Portimo');
insert into meioSocorro values(2, 'Bombeiros de Coimbra');
insert into meioSocorro values(2, 'Polcia de lhavo');
insert into meioSocorro values(2, 'Polcia de Cascais');
insert into meioSocorro values(2, 'Bombeiros de Ftima');
insert into meioSocorro values(2, 'Junta de Freguesia de Lamego');
insert into meioSocorro values(2, 'Junta de Freguesia de Viana do Castelo');
insert into meioSocorro values(2, 'Polcia de Costa da Caparica');
insert into meioSocorro values(2, 'Polcia de Ericeira');
insert into meioSocorro values(2, 'Bombeiros de Montemor-o-Novo');
insert into meioSocorro values(2, 'Junta de Freguesia de Chaves');
insert into meioSocorro values(2, 'Junta de Freguesia de Viseu');
insert into meioSocorro values(2, 'Bombeiros de Arcozelo');
insert into meioSocorro values(2, 'Junta de Freguesia de Leiria');
insert into meioSocorro values(2, 'Polcia de Nazar');
insert into meioSocorro values(2, 'Bombeiros de Alcochete');
insert into meioSocorro values(2, 'Junta de Freguesia de Espinho');
insert into meioSocorro values(2, 'Polcia de Lourosa');
insert into meioSocorro values(2, 'Junta de Freguesia de Marzovelos');
insert into meioSocorro values(2, 'Junta de Freguesia de Pinhel');
insert into meioSocorro values(2, 'Bombeiros de Vila Nova de Gaia');
insert into meioSocorro values(2, 'Junta de Freguesia de Funchal');
insert into meioSocorro values(2, 'Bombeiros de Seixal');
insert into meioSocorro values(2, 'Bombeiros de Loul');
insert into meioSocorro values(2, 'Polcia de Santana');
insert into meioSocorro values(2, 'Polcia de Sintra');
insert into meioSocorro values(2, 'Bombeiros de Faro');
insert into meioSocorro values(2, 'Bombeiros de Valongo');
insert into meioSocorro values(2, 'Bombeiros de Felgueiras');
insert into meioSocorro values(2, 'Bombeiros de Redondo');
insert into meioSocorro values(2, 'Polcia de Beja');



insert into transporta values(2, 'Polcia de Beja', 12, 0);
insert into transporta values(2, 'Polcia de Espinho', 16, 0);
insert into transporta values(2, 'Polcia de Espinho', 9, 1);
insert into transporta values(2, 'Bombeiros de Santo Tirso', 7, 1);
insert into transporta values(2, 'Bombeiros de Santo Tirso', 13, 2);
insert into transporta values(2, 'Junta de Freguesia de Almada', 6, 2);
insert into transporta values(2, 'Junta de Freguesia de Almada', 5, 3);
insert into transporta values(2, 'Junta de Freguesia de Vizela', 14, 3);
insert into transporta values(2, 'Junta de Freguesia de Vizela', 15, 4);
insert into transporta values(2, 'Junta de Freguesia de Queluz', 17, 4);
insert into transporta values(2, 'Junta de Freguesia de Queluz', 17, 5);
insert into transporta values(2, 'Polcia de Guarda', 6, 5);
insert into transporta values(2, 'Polcia de Guarda', 5, 6);
insert into transporta values(2, 'Bombeiros de Fundo', 11, 6);
insert into transporta values(2, 'Bombeiros de Fundo', 6, 7);
insert into transporta values(2, 'Polcia de Bragana', 12, 7);
insert into transporta values(2, 'Polcia de Bragana', 19, 8);
insert into transporta values(2, 'Polcia de gueda', 16, 8);
insert into transporta values(2, 'Polcia de gueda', 18, 9);
insert into transporta values(2, 'Junta de Freguesia de Bragana', 6, 9);
insert into transporta values(2, 'Junta de Freguesia de Bragana', 14, 10);
insert into transporta values(2, 'Junta de Freguesia de Costa da Caparica', 5, 10);
insert into transporta values(2, 'Junta de Freguesia de Costa da Caparica', 13, 11);
insert into transporta values(2, 'Bombeiros de Mirandela', 18, 11);
insert into transporta values(2, 'Bombeiros de Mirandela', 6, 12);
insert into transporta values(2, 'Junta de Freguesia de Setbal', 8, 12);
insert into transporta values(2, 'Junta de Freguesia de Setbal', 10, 13);
insert into transporta values(2, 'Polcia de Castro Daire', 16, 13);
insert into transporta values(2, 'Polcia de Castro Daire', 19, 14);
insert into transporta values(2, 'Bombeiros de Cascais', 18, 14);
insert into transporta values(2, 'Bombeiros de Cascais', 12, 15);
insert into transporta values(2, 'Polcia de Loul', 15, 15);
insert into transporta values(2, 'Polcia de Loul', 11, 16);
insert into transporta values(2, 'Junta de Freguesia de Coina', 16, 16);
insert into transporta values(2, 'Junta de Freguesia de Coina', 19, 17);
insert into transporta values(2, 'Bombeiros de Pinhel', 12, 17);
insert into transporta values(2, 'Bombeiros de Pinhel', 18, 18);
insert into transporta values(2, 'Polcia de Pombal', 12, 18);
insert into transporta values(2, 'Polcia de Pombal', 5, 19);
insert into transporta values(2, 'Polcia de Tavira', 6, 19);
insert into transporta values(2, 'Polcia de Tavira', 6, 20);
insert into transporta values(2, 'Junta de Freguesia de Valongo', 5, 20);
insert into transporta values(2, 'Junta de Freguesia de Valongo', 16, 21);
insert into transporta values(2, 'Bombeiros de Castro Daire', 16, 21);
insert into transporta values(2, 'Bombeiros de Castro Daire', 9, 22);
insert into transporta values(2, 'Bombeiros de Beja', 14, 22);
insert into transporta values(2, 'Bombeiros de Beja', 15, 23);
insert into transporta values(2, 'Junta de Freguesia de Lisboa', 20, 23);
insert into transporta values(2, 'Junta de Freguesia de Lisboa', 8, 24);
insert into transporta values(2, 'Bombeiros de Alcobaa', 20, 24);
insert into transporta values(2, 'Bombeiros de Alcobaa', 6, 25);
insert into transporta values(2, 'Bombeiros de Peniche', 6, 25);
insert into transporta values(2, 'Bombeiros de Peniche', 18, 26);
insert into transporta values(2, 'Bombeiros de Esmoriz', 6, 26);
insert into transporta values(2, 'Bombeiros de Esmoriz', 19, 27);
insert into transporta values(2, 'Polcia de Vila Nova de Gaia', 6, 27);
insert into transporta values(2, 'Polcia de Vila Nova de Gaia', 6, 28);
insert into transporta values(2, 'Junta de Freguesia de So Pedro do Sul', 7, 28);
insert into transporta values(2, 'Junta de Freguesia de So Pedro do Sul', 10, 29);
insert into transporta values(2, 'Bombeiros de Portalegre', 17, 29);
insert into transporta values(2, 'Bombeiros de Portalegre', 14, 30);
insert into transporta values(2, 'Polcia de Maia', 11, 30);
insert into transporta values(2, 'Polcia de Maia', 7, 31);
insert into transporta values(2, 'Bombeiros de Santo Andr', 12, 31);
insert into transporta values(2, 'Bombeiros de Santo Andr', 12, 32);
insert into transporta values(2, 'Polcia de Santo Tirso', 7, 32);
insert into transporta values(2, 'Polcia de Santo Tirso', 6, 33);
insert into transporta values(2, 'Polcia de Cartaxo', 8, 33);
insert into transporta values(2, 'Polcia de Cartaxo', 9, 34);
insert into transporta values(2, 'Polcia de Oliveira do Hospital', 12, 34);
insert into transporta values(2, 'Polcia de Oliveira do Hospital', 16, 35);
insert into transporta values(2, 'Junta de Freguesia de Maia', 19, 35);
insert into transporta values(2, 'Junta de Freguesia de Maia', 15, 36);
insert into transporta values(2, 'Polcia de Queluz', 13, 36);
insert into transporta values(2, 'Polcia de Queluz', 11, 37);
insert into transporta values(2, 'Polcia de Alvor', 19, 37);
insert into transporta values(2, 'Polcia de Alvor', 5, 38);
insert into transporta values(2, 'Polcia de Olho', 7, 38);
insert into transporta values(2, 'Polcia de Olho', 13, 39);
insert into transporta values(2, 'Polcia de Albufeira', 8, 39);
insert into transporta values(2, 'Polcia de Albufeira', 7, 40);
insert into transporta values(2, 'Bombeiros de Braga', 13, 40);
insert into transporta values(2, 'Bombeiros de Braga', 17, 41);
insert into transporta values(2, 'Bombeiros de Praia da Vitria', 7, 41);
insert into transporta values(2, 'Bombeiros de Praia da Vitria', 12, 42);
insert into transporta values(2, 'Polcia de Esmoriz', 8, 42);
insert into transporta values(2, 'Polcia de Esmoriz', 15, 43);
insert into transporta values(2, 'Junta de Freguesia de Vila Nova de Gaia', 17, 43);
insert into transporta values(2, 'Junta de Freguesia de Vila Nova de Gaia', 8, 44);
insert into transporta values(2, 'Junta de Freguesia de Cartaxo', 6, 44);
insert into transporta values(2, 'Junta de Freguesia de Cartaxo', 14, 45);
insert into transporta values(2, 'Polcia de Gouveia', 17, 45);
insert into transporta values(2, 'Polcia de Gouveia', 10, 46);
insert into transporta values(2, 'Bombeiros de Chaves', 10, 46);
insert into transporta values(2, 'Bombeiros de Chaves', 8, 47);
insert into transporta values(2, 'Bombeiros de Moura', 17, 47);
insert into transporta values(2, 'Bombeiros de Moura', 19, 48);
insert into transporta values(2, 'Bombeiros de Viana do Castelo', 8, 48);
insert into transporta values(2, 'Bombeiros de Viana do Castelo', 10, 49);
insert into transporta values(2, 'Junta de Freguesia de Guarda', 10, 49);
insert into transporta values(2, 'Junta de Freguesia de Guarda', 15, 50);
insert into transporta values(2, 'Bombeiros de Ericeira', 19, 50);
insert into transporta values(2, 'Bombeiros de Ericeira', 6, 51);
insert into transporta values(2, 'Junta de Freguesia de Macedo de Cavaleiros', 18, 51);
insert into transporta values(2, 'Junta de Freguesia de Macedo de Cavaleiros', 5, 52);
insert into transporta values(2, 'Junta de Freguesia de Peniche', 11, 52);
insert into transporta values(2, 'Junta de Freguesia de Peniche', 10, 53);
insert into transporta values(2, 'Junta de Freguesia de Loures', 6, 53);
insert into transporta values(2, 'Junta de Freguesia de Loures', 14, 54);
insert into transporta values(2, 'Polcia de So Pedro do Sul', 11, 54);
insert into transporta values(2, 'Polcia de So Pedro do Sul', 9, 55);
insert into transporta values(2, 'Bombeiros de Macedo de Cavaleiros', 18, 55);
insert into transporta values(2, 'Bombeiros de Macedo de Cavaleiros', 16, 56);
insert into transporta values(2, 'Bombeiros de vora', 18, 56);
insert into transporta values(2, 'Bombeiros de vora', 19, 57);
insert into transporta values(2, 'Bombeiros de Rio Maior', 18, 57);
insert into transporta values(2, 'Bombeiros de Rio Maior', 7, 58);
insert into transporta values(2, 'Junta de Freguesia de Santo Andr', 7, 58);
insert into transporta values(2, 'Junta de Freguesia de Santo Andr', 18, 59);
insert into transporta values(2, 'Polcia de Moura', 18, 59);
insert into transporta values(2, 'Polcia de Moura', 18, 60);
insert into transporta values(2, 'Junta de Freguesia de Pvoa de Varzim', 13, 60);
insert into transporta values(2, 'Junta de Freguesia de Pvoa de Varzim', 6, 61);
insert into transporta values(2, 'Junta de Freguesia de Santa Cruz', 12, 61);
insert into transporta values(2, 'Junta de Freguesia de Santa Cruz', 12, 62);
insert into transporta values(2, 'Polcia de Pinhel', 7, 62);
insert into transporta values(2, 'Polcia de Pinhel', 8, 63);
insert into transporta values(2, 'Bombeiros de Nazar', 12, 63);
insert into transporta values(2, 'Bombeiros de Nazar', 6, 64);
insert into transporta values(2, 'Junta de Freguesia de Sines', 15, 64);
insert into transporta values(2, 'Junta de Freguesia de Sines', 19, 65);
insert into transporta values(2, 'Junta de Freguesia de Olho', 11, 65);
insert into transporta values(2, 'Junta de Freguesia de Olho', 20, 66);
insert into transporta values(2, 'Bombeiros de Almada', 11, 66);
insert into transporta values(2, 'Bombeiros de Almada', 7, 67);
insert into transporta values(2, 'Junta de Freguesia de Abrantes', 5, 67);
insert into transporta values(2, 'Junta de Freguesia de Abrantes', 5, 68);
insert into transporta values(2, 'Junta de Freguesia de vora', 13, 68);
insert into transporta values(2, 'Junta de Freguesia de vora', 13, 69);
insert into transporta values(2, 'Bombeiros de Tavira', 11, 69);
insert into transporta values(2, 'Bombeiros de Tavira', 15, 70);
insert into transporta values(2, 'Bombeiros de Sabugal', 12, 70);
insert into transporta values(2, 'Bombeiros de Sabugal', 10, 71);
insert into transporta values(2, 'Bombeiros de Portimo', 16, 71);
insert into transporta values(2, 'Bombeiros de Portimo', 10, 72);
insert into transporta values(2, 'Bombeiros de Coimbra', 18, 72);
insert into transporta values(2, 'Bombeiros de Coimbra', 9, 73);
insert into transporta values(2, 'Polcia de lhavo', 20, 73);
insert into transporta values(2, 'Polcia de lhavo', 5, 74);
insert into transporta values(2, 'Polcia de Cascais', 20, 74);
insert into transporta values(2, 'Polcia de Cascais', 8, 75);
insert into transporta values(2, 'Bombeiros de Ftima', 15, 75);
insert into transporta values(2, 'Bombeiros de Ftima', 5, 76);
insert into transporta values(2, 'Junta de Freguesia de Lamego', 14, 76);
insert into transporta values(2, 'Junta de Freguesia de Lamego', 12, 77);
insert into transporta values(2, 'Junta de Freguesia de Viana do Castelo', 9, 77);
insert into transporta values(2, 'Junta de Freguesia de Viana do Castelo', 12, 78);
insert into transporta values(2, 'Polcia de Costa da Caparica', 7, 78);
insert into transporta values(2, 'Polcia de Costa da Caparica', 17, 79);
insert into transporta values(2, 'Polcia de Ericeira', 14, 79);
insert into transporta values(2, 'Polcia de Ericeira', 9, 80);
insert into transporta values(2, 'Bombeiros de Montemor-o-Novo', 13, 80);
insert into transporta values(2, 'Bombeiros de Montemor-o-Novo', 13, 81);
insert into transporta values(2, 'Junta de Freguesia de Chaves', 5, 81);
insert into transporta values(2, 'Junta de Freguesia de Chaves', 15, 82);
insert into transporta values(2, 'Junta de Freguesia de Viseu', 9, 82);
insert into transporta values(2, 'Junta de Freguesia de Viseu', 9, 83);
insert into transporta values(2, 'Bombeiros de Arcozelo', 11, 83);
insert into transporta values(2, 'Bombeiros de Arcozelo', 19, 84);
insert into transporta values(2, 'Junta de Freguesia de Leiria', 18, 84);
insert into transporta values(2, 'Junta de Freguesia de Leiria', 18, 85);
insert into transporta values(2, 'Polcia de Nazar', 10, 85);
insert into transporta values(2, 'Polcia de Nazar', 13, 86);
insert into transporta values(2, 'Bombeiros de Alcochete', 20, 86);
insert into transporta values(2, 'Bombeiros de Alcochete', 14, 87);
insert into transporta values(2, 'Junta de Freguesia de Espinho', 9, 87);
insert into transporta values(2, 'Junta de Freguesia de Espinho', 9, 88);
insert into transporta values(2, 'Polcia de Lourosa', 19, 88);
insert into transporta values(2, 'Polcia de Lourosa', 15, 89);
insert into transporta values(2, 'Junta de Freguesia de Marzovelos', 7, 89);
insert into transporta values(2, 'Junta de Freguesia de Marzovelos', 8, 90);
insert into transporta values(2, 'Junta de Freguesia de Pinhel', 18, 90);
insert into transporta values(2, 'Junta de Freguesia de Pinhel', 11, 91);
insert into transporta values(2, 'Bombeiros de Vila Nova de Gaia', 8, 91);
insert into transporta values(2, 'Bombeiros de Vila Nova de Gaia', 13, 92);
insert into transporta values(2, 'Junta de Freguesia de Funchal', 13, 92);
insert into transporta values(2, 'Junta de Freguesia de Funchal', 13, 93);
insert into transporta values(2, 'Bombeiros de Seixal', 15, 93);
insert into transporta values(2, 'Bombeiros de Seixal', 14, 94);
insert into transporta values(2, 'Bombeiros de Loul', 7, 94);
insert into transporta values(2, 'Bombeiros de Loul', 12, 95);
insert into transporta values(2, 'Polcia de Santana', 8, 95);
insert into transporta values(2, 'Polcia de Santana', 8, 96);
insert into transporta values(2, 'Polcia de Sintra', 13, 96);
insert into transporta values(2, 'Polcia de Sintra', 5, 97);
insert into transporta values(2, 'Bombeiros de Faro', 11, 97);
insert into transporta values(2, 'Bombeiros de Faro', 16, 98);
insert into transporta values(2, 'Bombeiros de Valongo', 6, 98);
insert into transporta values(2, 'Bombeiros de Valongo', 19, 99);
insert into transporta values(2, 'Bombeiros de Felgueiras', 11, 99);
insert into transporta values(2, 'Bombeiros de Felgueiras', 10, 100);
insert into transporta values(2, 'Bombeiros de Redondo', 20, 100);
insert into transporta values(2, 'Bombeiros de Redondo', 8, 101);
insert into transporta values(2, 'Polcia de Beja', 8, 101);



insert into alocado values(4, 'Polcia de Beja', 9, 0);
insert into alocado values(1, 'Polcia de Espinho', 4, 0);
insert into alocado values(1, 'Polcia de Espinho', 3, 1);
insert into alocado values(4, 'Polcia de Espinho', 5, 1);
insert into alocado values(4, 'Polcia de Espinho', 8, 2);
insert into alocado values(1, 'Bombeiros de Santo Tirso', 8, 2);
insert into alocado values(1, 'Bombeiros de Santo Tirso', 3, 3);
insert into alocado values(1, 'Junta de Freguesia de Almada', 7, 3);
insert into alocado values(1, 'Junta de Freguesia de Almada', 1, 4);
insert into alocado values(1, 'Junta de Freguesia de Vizela', 10, 4);
insert into alocado values(1, 'Junta de Freguesia de Vizela', 5, 5);
insert into alocado values(1, 'Junta de Freguesia de Queluz', 9, 5);
insert into alocado values(1, 'Junta de Freguesia de Queluz', 5, 6);
insert into alocado values(4, 'Junta de Freguesia de Queluz', 5, 6);
insert into alocado values(4, 'Junta de Freguesia de Queluz', 4, 7);
insert into alocado values(1, 'Polcia de Guarda', 3, 7);
insert into alocado values(1, 'Polcia de Guarda', 9, 8);
insert into alocado values(4, 'Polcia de Guarda', 9, 8);
insert into alocado values(4, 'Polcia de Guarda', 2, 9);
insert into alocado values(1, 'Bombeiros de Fundo', 4, 9);
insert into alocado values(1, 'Bombeiros de Fundo', 1, 10);
insert into alocado values(1, 'Polcia de Bragana', 6, 10);
insert into alocado values(1, 'Polcia de Bragana', 2, 11);
insert into alocado values(1, 'Polcia de gueda', 7, 11);
insert into alocado values(1, 'Polcia de gueda', 3, 12);
insert into alocado values(4, 'Polcia de gueda', 8, 12);
insert into alocado values(4, 'Polcia de gueda', 4, 13);
insert into alocado values(1, 'Junta de Freguesia de Bragana', 4, 13);
insert into alocado values(1, 'Junta de Freguesia de Bragana', 9, 14);
insert into alocado values(1, 'Junta de Freguesia de Costa da Caparica', 1, 14);
insert into alocado values(1, 'Junta de Freguesia de Costa da Caparica', 4, 15);
insert into alocado values(4, 'Junta de Freguesia de Costa da Caparica', 6, 15);
insert into alocado values(4, 'Junta de Freguesia de Costa da Caparica', 2, 16);
insert into alocado values(1, 'Bombeiros de Mirandela', 9, 16);
insert into alocado values(1, 'Bombeiros de Mirandela', 2, 17);
insert into alocado values(4, 'Bombeiros de Mirandela', 4, 17);
insert into alocado values(4, 'Bombeiros de Mirandela', 6, 18);
insert into alocado values(1, 'Junta de Freguesia de Setbal', 9, 18);
insert into alocado values(1, 'Junta de Freguesia de Setbal', 5, 19);
insert into alocado values(1, 'Polcia de Castro Daire', 5, 19);
insert into alocado values(1, 'Polcia de Castro Daire', 5, 20);
insert into alocado values(1, 'Bombeiros de Cascais', 8, 20);
insert into alocado values(1, 'Bombeiros de Cascais', 2, 21);
insert into alocado values(1, 'Polcia de Loul', 8, 21);
insert into alocado values(1, 'Polcia de Loul', 7, 22);
insert into alocado values(1, 'Junta de Freguesia de Coina', 9, 22);
insert into alocado values(1, 'Junta de Freguesia de Coina', 6, 23);
insert into alocado values(1, 'Bombeiros de Pinhel', 4, 23);
insert into alocado values(1, 'Bombeiros de Pinhel', 8, 24);
insert into alocado values(1, 'Polcia de Pombal', 7, 24);
insert into alocado values(1, 'Polcia de Pombal', 3, 25);
insert into alocado values(4, 'Polcia de Pombal', 1, 25);
insert into alocado values(4, 'Polcia de Pombal', 5, 26);
insert into alocado values(1, 'Polcia de Tavira', 7, 26);
insert into alocado values(1, 'Polcia de Tavira', 10, 27);
insert into alocado values(1, 'Junta de Freguesia de Valongo', 1, 27);
insert into alocado values(1, 'Junta de Freguesia de Valongo', 2, 28);
insert into alocado values(1, 'Bombeiros de Castro Daire', 6, 28);
insert into alocado values(1, 'Bombeiros de Castro Daire', 10, 29);
insert into alocado values(1, 'Bombeiros de Beja', 3, 29);
insert into alocado values(1, 'Bombeiros de Beja', 7, 30);
insert into alocado values(1, 'Junta de Freguesia de Lisboa', 1, 30);
insert into alocado values(1, 'Junta de Freguesia de Lisboa', 7, 31);
insert into alocado values(1, 'Bombeiros de Alcobaa', 7, 31);
insert into alocado values(1, 'Bombeiros de Alcobaa', 7, 32);
insert into alocado values(1, 'Bombeiros de Peniche', 5, 32);
insert into alocado values(1, 'Bombeiros de Peniche', 10, 33);
insert into alocado values(1, 'Bombeiros de Esmoriz', 2, 33);
insert into alocado values(1, 'Bombeiros de Esmoriz', 8, 34);
insert into alocado values(4, 'Bombeiros de Esmoriz', 9, 34);
insert into alocado values(4, 'Bombeiros de Esmoriz', 7, 35);
insert into alocado values(1, 'Polcia de Vila Nova de Gaia', 1, 35);
insert into alocado values(1, 'Polcia de Vila Nova de Gaia', 10, 36);
insert into alocado values(1, 'Junta de Freguesia de So Pedro do Sul', 8, 36);
insert into alocado values(1, 'Junta de Freguesia de So Pedro do Sul', 9, 37);
insert into alocado values(1, 'Bombeiros de Portalegre', 2, 37);
insert into alocado values(1, 'Bombeiros de Portalegre', 8, 38);
insert into alocado values(1, 'Polcia de Maia', 3, 38);
insert into alocado values(1, 'Polcia de Maia', 10, 39);
insert into alocado values(4, 'Polcia de Maia', 1, 39);
insert into alocado values(4, 'Polcia de Maia', 6, 40);
insert into alocado values(1, 'Bombeiros de Santo Andr', 7, 40);
insert into alocado values(1, 'Bombeiros de Santo Andr', 1, 41);
insert into alocado values(4, 'Bombeiros de Santo Andr', 2, 41);
insert into alocado values(4, 'Bombeiros de Santo Andr', 1, 42);
insert into alocado values(1, 'Polcia de Santo Tirso', 9, 42);
insert into alocado values(1, 'Polcia de Santo Tirso', 5, 43);
insert into alocado values(1, 'Polcia de Cartaxo', 7, 43);
insert into alocado values(1, 'Polcia de Cartaxo', 2, 44);
insert into alocado values(1, 'Polcia de Oliveira do Hospital', 7, 44);
insert into alocado values(1, 'Polcia de Oliveira do Hospital', 1, 45);
insert into alocado values(1, 'Junta de Freguesia de Maia', 2, 45);
insert into alocado values(1, 'Junta de Freguesia de Maia', 6, 46);
insert into alocado values(4, 'Junta de Freguesia de Maia', 4, 46);
insert into alocado values(4, 'Junta de Freguesia de Maia', 8, 47);
insert into alocado values(1, 'Polcia de Queluz', 10, 47);
insert into alocado values(1, 'Polcia de Queluz', 9, 48);
insert into alocado values(4, 'Polcia de Queluz', 3, 48);
insert into alocado values(4, 'Polcia de Queluz', 4, 49);
insert into alocado values(1, 'Polcia de Alvor', 2, 49);
insert into alocado values(1, 'Polcia de Alvor', 3, 50);
insert into alocado values(1, 'Polcia de Olho', 8, 50);
insert into alocado values(1, 'Polcia de Olho', 6, 51);
insert into alocado values(1, 'Polcia de Albufeira', 4, 51);
insert into alocado values(1, 'Polcia de Albufeira', 5, 52);
insert into alocado values(4, 'Polcia de Albufeira', 3, 52);
insert into alocado values(4, 'Polcia de Albufeira', 3, 53);
insert into alocado values(1, 'Bombeiros de Braga', 6, 53);
insert into alocado values(1, 'Bombeiros de Braga', 10, 54);
insert into alocado values(1, 'Bombeiros de Praia da Vitria', 3, 54);
insert into alocado values(1, 'Bombeiros de Praia da Vitria', 2, 55);
insert into alocado values(1, 'Polcia de Esmoriz', 3, 55);
insert into alocado values(1, 'Polcia de Esmoriz', 8, 56);
insert into alocado values(1, 'Junta de Freguesia de Vila Nova de Gaia', 8, 56);
insert into alocado values(1, 'Junta de Freguesia de Vila Nova de Gaia', 3, 57);
insert into alocado values(1, 'Junta de Freguesia de Cartaxo', 8, 57);
insert into alocado values(1, 'Junta de Freguesia de Cartaxo', 7, 58);
insert into alocado values(4, 'Junta de Freguesia de Cartaxo', 8, 58);
insert into alocado values(4, 'Junta de Freguesia de Cartaxo', 3, 59);
insert into alocado values(1, 'Polcia de Gouveia', 8, 59);
insert into alocado values(1, 'Polcia de Gouveia', 9, 60);
insert into alocado values(1, 'Bombeiros de Chaves', 5, 60);
insert into alocado values(1, 'Bombeiros de Chaves', 8, 61);
insert into alocado values(1, 'Bombeiros de Moura', 10, 61);
insert into alocado values(1, 'Bombeiros de Moura', 1, 62);
insert into alocado values(4, 'Bombeiros de Moura', 9, 62);
insert into alocado values(4, 'Bombeiros de Moura', 5, 63);
insert into alocado values(1, 'Bombeiros de Viana do Castelo', 4, 63);
insert into alocado values(1, 'Bombeiros de Viana do Castelo', 3, 64);
insert into alocado values(1, 'Junta de Freguesia de Guarda', 3, 64);
insert into alocado values(1, 'Junta de Freguesia de Guarda', 9, 65);
insert into alocado values(1, 'Bombeiros de Ericeira', 1, 65);
insert into alocado values(1, 'Bombeiros de Ericeira', 6, 66);
insert into alocado values(1, 'Junta de Freguesia de Macedo de Cavaleiros', 6, 66);
insert into alocado values(1, 'Junta de Freguesia de Macedo de Cavaleiros', 8, 67);
insert into alocado values(1, 'Junta de Freguesia de Peniche', 8, 67);
insert into alocado values(1, 'Junta de Freguesia de Peniche', 4, 68);
insert into alocado values(1, 'Junta de Freguesia de Loures', 8, 68);
insert into alocado values(1, 'Junta de Freguesia de Loures', 10, 69);
insert into alocado values(1, 'Polcia de So Pedro do Sul', 1, 69);
insert into alocado values(1, 'Polcia de So Pedro do Sul', 8, 70);
insert into alocado values(4, 'Polcia de So Pedro do Sul', 6, 70);
insert into alocado values(4, 'Polcia de So Pedro do Sul', 3, 71);
insert into alocado values(1, 'Bombeiros de Macedo de Cavaleiros', 3, 71);
insert into alocado values(1, 'Bombeiros de Macedo de Cavaleiros', 4, 72);
insert into alocado values(4, 'Bombeiros de Macedo de Cavaleiros', 10, 72);
insert into alocado values(4, 'Bombeiros de Macedo de Cavaleiros', 9, 73);
insert into alocado values(1, 'Bombeiros de vora', 7, 73);
insert into alocado values(1, 'Bombeiros de vora', 2, 74);
insert into alocado values(1, 'Bombeiros de Rio Maior', 10, 74);
insert into alocado values(1, 'Bombeiros de Rio Maior', 2, 75);
insert into alocado values(4, 'Bombeiros de Rio Maior', 2, 75);
insert into alocado values(4, 'Bombeiros de Rio Maior', 6, 76);
insert into alocado values(1, 'Junta de Freguesia de Santo Andr', 10, 76);
insert into alocado values(1, 'Junta de Freguesia de Santo Andr', 8, 77);
insert into alocado values(4, 'Junta de Freguesia de Santo Andr', 1, 77);
insert into alocado values(4, 'Junta de Freguesia de Santo Andr', 1, 78);
insert into alocado values(1, 'Polcia de Moura', 9, 78);
insert into alocado values(1, 'Polcia de Moura', 4, 79);
insert into alocado values(1, 'Junta de Freguesia de Pvoa de Varzim', 2, 79);
insert into alocado values(1, 'Junta de Freguesia de Pvoa de Varzim', 1, 80);
insert into alocado values(1, 'Junta de Freguesia de Santa Cruz', 7, 80);
insert into alocado values(1, 'Junta de Freguesia de Santa Cruz', 6, 81);
insert into alocado values(1, 'Polcia de Pinhel', 4, 81);
insert into alocado values(1, 'Polcia de Pinhel', 3, 82);
insert into alocado values(1, 'Bombeiros de Nazar', 9, 82);
insert into alocado values(1, 'Bombeiros de Nazar', 2, 83);
insert into alocado values(1, 'Junta de Freguesia de Sines', 6, 83);
insert into alocado values(1, 'Junta de Freguesia de Sines', 1, 84);
insert into alocado values(4, 'Junta de Freguesia de Sines', 3, 84);
insert into alocado values(4, 'Junta de Freguesia de Sines', 10, 85);
insert into alocado values(1, 'Junta de Freguesia de Olho', 3, 85);
insert into alocado values(1, 'Junta de Freguesia de Olho', 6, 86);
insert into alocado values(1, 'Bombeiros de Almada', 4, 86);
insert into alocado values(1, 'Bombeiros de Almada', 6, 87);
insert into alocado values(1, 'Junta de Freguesia de Abrantes', 8, 87);
insert into alocado values(1, 'Junta de Freguesia de Abrantes', 7, 88);
insert into alocado values(1, 'Junta de Freguesia de vora', 2, 88);
insert into alocado values(1, 'Junta de Freguesia de vora', 1, 89);
insert into alocado values(4, 'Junta de Freguesia de vora', 6, 89);
insert into alocado values(4, 'Junta de Freguesia de vora', 4, 90);
insert into alocado values(1, 'Bombeiros de Tavira', 6, 90);
insert into alocado values(1, 'Bombeiros de Tavira', 7, 91);
insert into alocado values(4, 'Bombeiros de Tavira', 2, 91);
insert into alocado values(4, 'Bombeiros de Tavira', 10, 92);
insert into alocado values(1, 'Bombeiros de Sabugal', 6, 92);
insert into alocado values(1, 'Bombeiros de Sabugal', 10, 93);
insert into alocado values(1, 'Bombeiros de Portimo', 7, 93);
insert into alocado values(1, 'Bombeiros de Portimo', 2, 94);
insert into alocado values(1, 'Bombeiros de Coimbra', 5, 94);
insert into alocado values(1, 'Bombeiros de Coimbra', 6, 95);
insert into alocado values(4, 'Bombeiros de Coimbra', 3, 95);
insert into alocado values(4, 'Bombeiros de Coimbra', 2, 96);
insert into alocado values(1, 'Polcia de lhavo', 5, 96);
insert into alocado values(1, 'Polcia de lhavo', 10, 97);
insert into alocado values(4, 'Polcia de lhavo', 6, 97);
insert into alocado values(4, 'Polcia de lhavo', 8, 98);
insert into alocado values(1, 'Polcia de Cascais', 5, 98);
insert into alocado values(1, 'Polcia de Cascais', 9, 99);
insert into alocado values(1, 'Bombeiros de Ftima', 2, 99);
insert into alocado values(1, 'Bombeiros de Ftima', 5, 100);
insert into alocado values(1, 'Junta de Freguesia de Lamego', 10, 100);
insert into alocado values(1, 'Junta de Freguesia de Lamego', 3, 101);
insert into alocado values(1, 'Junta de Freguesia de Viana do Castelo', 8, 101);



insert into acciona values(0, 'Polcia de Espinho', 0);
insert into acciona values(1, 'Polcia de Espinho', 0);
insert into acciona values(1, 'Polcia de Espinho', 1);
insert into acciona values(2, 'Polcia de Espinho', 1);
insert into acciona values(3, 'Polcia de Espinho', 1);
insert into acciona values(4, 'Polcia de Espinho', 1);
insert into acciona values(0, 'Bombeiros de Santo Tirso', 1);
insert into acciona values(2, 'Polcia de Espinho', 2);
insert into acciona values(3, 'Polcia de Espinho', 3);
insert into acciona values(4, 'Polcia de Espinho', 3);
insert into acciona values(0, 'Bombeiros de Santo Tirso', 3);
insert into acciona values(1, 'Bombeiros de Santo Tirso', 3);
insert into acciona values(4, 'Polcia de Espinho', 4);
insert into acciona values(0, 'Bombeiros de Santo Tirso', 4);
insert into acciona values(1, 'Bombeiros de Santo Tirso', 4);
insert into acciona values(2, 'Bombeiros de Santo Tirso', 4);
insert into acciona values(0, 'Junta de Freguesia de Almada', 4);
insert into acciona values(0, 'Bombeiros de Santo Tirso', 5);
insert into acciona values(1, 'Bombeiros de Santo Tirso', 5);
insert into acciona values(2, 'Bombeiros de Santo Tirso', 5);
insert into acciona values(0, 'Junta de Freguesia de Almada', 5);
insert into acciona values(1, 'Junta de Freguesia de Almada', 5);
insert into acciona values(1, 'Bombeiros de Santo Tirso', 6);
insert into acciona values(2, 'Bombeiros de Santo Tirso', 6);
insert into acciona values(0, 'Junta de Freguesia de Almada', 6);
insert into acciona values(1, 'Junta de Freguesia de Almada', 6);
insert into acciona values(2, 'Bombeiros de Santo Tirso', 7);
insert into acciona values(0, 'Junta de Freguesia de Almada', 8);
insert into acciona values(1, 'Junta de Freguesia de Almada', 8);
insert into acciona values(2, 'Junta de Freguesia de Almada', 8);
insert into acciona values(3, 'Junta de Freguesia de Almada', 8);
insert into acciona values(0, 'Junta de Freguesia de Vizela', 8);
insert into acciona values(1, 'Junta de Freguesia de Almada', 9);
insert into acciona values(2, 'Junta de Freguesia de Almada', 9);
insert into acciona values(2, 'Junta de Freguesia de Almada', 10);
insert into acciona values(3, 'Junta de Freguesia de Almada', 10);
insert into acciona values(0, 'Junta de Freguesia de Vizela', 10);
insert into acciona values(1, 'Junta de Freguesia de Vizela', 10);
insert into acciona values(2, 'Junta de Freguesia de Vizela', 10);
insert into acciona values(3, 'Junta de Freguesia de Almada', 11);
insert into acciona values(0, 'Junta de Freguesia de Vizela', 11);
insert into acciona values(1, 'Junta de Freguesia de Vizela', 11);
insert into acciona values(2, 'Junta de Freguesia de Vizela', 11);
insert into acciona values(0, 'Junta de Freguesia de Queluz', 11);
insert into acciona values(0, 'Junta de Freguesia de Vizela', 12);
insert into acciona values(1, 'Junta de Freguesia de Vizela', 12);
insert into acciona values(1, 'Junta de Freguesia de Vizela', 13);
insert into acciona values(2, 'Junta de Freguesia de Vizela', 13);
insert into acciona values(0, 'Junta de Freguesia de Queluz', 13);
insert into acciona values(2, 'Junta de Freguesia de Vizela', 14);
insert into acciona values(0, 'Junta de Freguesia de Queluz', 14);
insert into acciona values(1, 'Junta de Freguesia de Queluz', 14);
insert into acciona values(0, 'Junta de Freguesia de Queluz', 15);
insert into acciona values(1, 'Junta de Freguesia de Queluz', 15);
insert into acciona values(1, 'Junta de Freguesia de Queluz', 16);
insert into acciona values(2, 'Junta de Freguesia de Queluz', 16);
insert into acciona values(3, 'Junta de Freguesia de Queluz', 16);
insert into acciona values(4, 'Junta de Freguesia de Queluz', 16);
insert into acciona values(2, 'Junta de Freguesia de Queluz', 17);
insert into acciona values(3, 'Junta de Freguesia de Queluz', 17);
insert into acciona values(3, 'Junta de Freguesia de Queluz', 18);
insert into acciona values(4, 'Junta de Freguesia de Queluz', 18);
insert into acciona values(4, 'Junta de Freguesia de Queluz', 19);
insert into acciona values(0, 'Polcia de Guarda', 19);
insert into acciona values(1, 'Polcia de Guarda', 19);
insert into acciona values(0, 'Polcia de Guarda', 20);
insert into acciona values(1, 'Polcia de Guarda', 20);
insert into acciona values(1, 'Polcia de Guarda', 21);
insert into acciona values(2, 'Polcia de Guarda', 21);
insert into acciona values(3, 'Polcia de Guarda', 21);
insert into acciona values(4, 'Polcia de Guarda', 21);
insert into acciona values(2, 'Polcia de Guarda', 22);
insert into acciona values(3, 'Polcia de Guarda', 22);
insert into acciona values(3, 'Polcia de Guarda', 23);
insert into acciona values(4, 'Polcia de Guarda', 23);
insert into acciona values(0, 'Bombeiros de Fundo', 23);
insert into acciona values(4, 'Polcia de Guarda', 24);
insert into acciona values(0, 'Bombeiros de Fundo', 24);
insert into acciona values(0, 'Bombeiros de Fundo', 25);
insert into acciona values(1, 'Bombeiros de Fundo', 25);
insert into acciona values(1, 'Bombeiros de Fundo', 26);
insert into acciona values(2, 'Bombeiros de Fundo', 26);
insert into acciona values(2, 'Bombeiros de Fundo', 27);
insert into acciona values(0, 'Polcia de Bragana', 27);
insert into acciona values(1, 'Polcia de Bragana', 27);
insert into acciona values(2, 'Polcia de Bragana', 27);
insert into acciona values(0, 'Polcia de Bragana', 28);
insert into acciona values(1, 'Polcia de Bragana', 29);
insert into acciona values(2, 'Polcia de Bragana', 29);
insert into acciona values(0, 'Polcia de gueda', 29);
insert into acciona values(2, 'Polcia de Bragana', 30);
insert into acciona values(0, 'Polcia de gueda', 31);
insert into acciona values(1, 'Polcia de gueda', 31);
insert into acciona values(2, 'Polcia de gueda', 31);
insert into acciona values(3, 'Polcia de gueda', 31);
insert into acciona values(1, 'Polcia de gueda', 32);
insert into acciona values(2, 'Polcia de gueda', 33);
insert into acciona values(3, 'Polcia de gueda', 33);
insert into acciona values(4, 'Polcia de gueda', 33);
insert into acciona values(3, 'Polcia de gueda', 34);
insert into acciona values(4, 'Polcia de gueda', 34);
insert into acciona values(4, 'Polcia de gueda', 35);
insert into acciona values(0, 'Junta de Freguesia de Bragana', 35);
insert into acciona values(0, 'Junta de Freguesia de Bragana', 36);
insert into acciona values(1, 'Junta de Freguesia de Bragana', 36);
insert into acciona values(2, 'Junta de Freguesia de Bragana', 36);
insert into acciona values(1, 'Junta de Freguesia de Bragana', 37);
insert into acciona values(2, 'Junta de Freguesia de Bragana', 37);
insert into acciona values(0, 'Junta de Freguesia de Costa da Caparica', 37);
insert into acciona values(1, 'Junta de Freguesia de Costa da Caparica', 37);
insert into acciona values(2, 'Junta de Freguesia de Costa da Caparica', 37);
insert into acciona values(2, 'Junta de Freguesia de Bragana', 38);
insert into acciona values(0, 'Junta de Freguesia de Costa da Caparica', 38);
insert into acciona values(1, 'Junta de Freguesia de Costa da Caparica', 38);
insert into acciona values(2, 'Junta de Freguesia de Costa da Caparica', 38);
insert into acciona values(3, 'Junta de Freguesia de Costa da Caparica', 38);
insert into acciona values(0, 'Junta de Freguesia de Costa da Caparica', 39);
insert into acciona values(1, 'Junta de Freguesia de Costa da Caparica', 39);
insert into acciona values(2, 'Junta de Freguesia de Costa da Caparica', 39);
insert into acciona values(3, 'Junta de Freguesia de Costa da Caparica', 39);
insert into acciona values(1, 'Junta de Freguesia de Costa da Caparica', 40);
insert into acciona values(2, 'Junta de Freguesia de Costa da Caparica', 41);
insert into acciona values(3, 'Junta de Freguesia de Costa da Caparica', 41);
insert into acciona values(4, 'Junta de Freguesia de Costa da Caparica', 41);
insert into acciona values(0, 'Bombeiros de Mirandela', 41);
insert into acciona values(3, 'Junta de Freguesia de Costa da Caparica', 42);
insert into acciona values(4, 'Junta de Freguesia de Costa da Caparica', 42);
insert into acciona values(0, 'Bombeiros de Mirandela', 42);
insert into acciona values(1, 'Bombeiros de Mirandela', 42);
insert into acciona values(4, 'Junta de Freguesia de Costa da Caparica', 43);
insert into acciona values(0, 'Bombeiros de Mirandela', 43);
insert into acciona values(1, 'Bombeiros de Mirandela', 43);
insert into acciona values(2, 'Bombeiros de Mirandela', 43);
insert into acciona values(3, 'Bombeiros de Mirandela', 43);
insert into acciona values(0, 'Bombeiros de Mirandela', 44);
insert into acciona values(1, 'Bombeiros de Mirandela', 44);
insert into acciona values(1, 'Bombeiros de Mirandela', 45);
insert into acciona values(2, 'Bombeiros de Mirandela', 45);
insert into acciona values(3, 'Bombeiros de Mirandela', 45);
insert into acciona values(4, 'Bombeiros de Mirandela', 45);
insert into acciona values(0, 'Junta de Freguesia de Setbal', 45);
insert into acciona values(2, 'Bombeiros de Mirandela', 46);
insert into acciona values(3, 'Bombeiros de Mirandela', 46);
insert into acciona values(3, 'Bombeiros de Mirandela', 47);
insert into acciona values(4, 'Bombeiros de Mirandela', 47);
insert into acciona values(0, 'Junta de Freguesia de Setbal', 47);
insert into acciona values(1, 'Junta de Freguesia de Setbal', 47);
insert into acciona values(4, 'Bombeiros de Mirandela', 48);
insert into acciona values(0, 'Junta de Freguesia de Setbal', 48);
insert into acciona values(1, 'Junta de Freguesia de Setbal', 48);
insert into acciona values(0, 'Junta de Freguesia de Setbal', 49);
insert into acciona values(1, 'Junta de Freguesia de Setbal', 49);
insert into acciona values(2, 'Junta de Freguesia de Setbal', 49);
insert into acciona values(0, 'Polcia de Castro Daire', 49);
insert into acciona values(1, 'Junta de Freguesia de Setbal', 50);
insert into acciona values(2, 'Junta de Freguesia de Setbal', 51);
insert into acciona values(0, 'Polcia de Castro Daire', 51);
insert into acciona values(1, 'Polcia de Castro Daire', 51);
insert into acciona values(2, 'Polcia de Castro Daire', 51);
insert into acciona values(0, 'Bombeiros de Cascais', 51);
insert into acciona values(0, 'Polcia de Castro Daire', 52);
insert into acciona values(1, 'Polcia de Castro Daire', 52);
insert into acciona values(2, 'Polcia de Castro Daire', 52);
insert into acciona values(0, 'Bombeiros de Cascais', 52);
insert into acciona values(1, 'Polcia de Castro Daire', 53);
insert into acciona values(2, 'Polcia de Castro Daire', 53);
insert into acciona values(0, 'Bombeiros de Cascais', 53);
insert into acciona values(1, 'Bombeiros de Cascais', 53);
insert into acciona values(2, 'Polcia de Castro Daire', 54);
insert into acciona values(0, 'Bombeiros de Cascais', 54);
insert into acciona values(1, 'Bombeiros de Cascais', 54);
insert into acciona values(0, 'Bombeiros de Cascais', 55);
insert into acciona values(1, 'Bombeiros de Cascais', 55);
insert into acciona values(2, 'Bombeiros de Cascais', 55);
insert into acciona values(1, 'Bombeiros de Cascais', 56);
insert into acciona values(2, 'Bombeiros de Cascais', 56);
insert into acciona values(0, 'Polcia de Loul', 56);
insert into acciona values(1, 'Polcia de Loul', 56);
insert into acciona values(2, 'Polcia de Loul', 56);
insert into acciona values(2, 'Bombeiros de Cascais', 57);
insert into acciona values(0, 'Polcia de Loul', 58);
insert into acciona values(1, 'Polcia de Loul', 58);
insert into acciona values(1, 'Polcia de Loul', 59);
insert into acciona values(2, 'Polcia de Loul', 59);
insert into acciona values(3, 'Polcia de Loul', 59);
insert into acciona values(2, 'Polcia de Loul', 60);
insert into acciona values(3, 'Polcia de Loul', 61);
insert into acciona values(0, 'Junta de Freguesia de Coina', 61);
insert into acciona values(0, 'Junta de Freguesia de Coina', 62);
insert into acciona values(1, 'Junta de Freguesia de Coina', 63);
insert into acciona values(2, 'Junta de Freguesia de Coina', 63);
insert into acciona values(3, 'Junta de Freguesia de Coina', 63);
insert into acciona values(2, 'Junta de Freguesia de Coina', 64);
insert into acciona values(3, 'Junta de Freguesia de Coina', 64);
insert into acciona values(3, 'Junta de Freguesia de Coina', 65);
insert into acciona values(0, 'Bombeiros de Pinhel', 65);
insert into acciona values(1, 'Bombeiros de Pinhel', 65);
insert into acciona values(2, 'Bombeiros de Pinhel', 65);
insert into acciona values(3, 'Bombeiros de Pinhel', 65);
insert into acciona values(0, 'Bombeiros de Pinhel', 66);
insert into acciona values(1, 'Bombeiros de Pinhel', 66);
insert into acciona values(1, 'Bombeiros de Pinhel', 67);
insert into acciona values(2, 'Bombeiros de Pinhel', 67);
insert into acciona values(3, 'Bombeiros de Pinhel', 67);
insert into acciona values(0, 'Polcia de Pombal', 67);
insert into acciona values(2, 'Bombeiros de Pinhel', 68);
insert into acciona values(3, 'Bombeiros de Pinhel', 68);
insert into acciona values(0, 'Polcia de Pombal', 68);
insert into acciona values(1, 'Polcia de Pombal', 68);
insert into acciona values(2, 'Polcia de Pombal', 68);
insert into acciona values(3, 'Bombeiros de Pinhel', 69);
insert into acciona values(0, 'Polcia de Pombal', 70);
insert into acciona values(1, 'Polcia de Pombal', 70);
insert into acciona values(2, 'Polcia de Pombal', 70);
insert into acciona values(3, 'Polcia de Pombal', 70);
insert into acciona values(1, 'Polcia de Pombal', 71);
insert into acciona values(2, 'Polcia de Pombal', 71);
insert into acciona values(3, 'Polcia de Pombal', 71);
insert into acciona values(4, 'Polcia de Pombal', 71);
insert into acciona values(2, 'Polcia de Pombal', 72);
insert into acciona values(3, 'Polcia de Pombal', 72);
insert into acciona values(4, 'Polcia de Pombal', 72);
insert into acciona values(0, 'Polcia de Tavira', 72);
insert into acciona values(3, 'Polcia de Pombal', 73);
insert into acciona values(4, 'Polcia de Pombal', 73);
insert into acciona values(4, 'Polcia de Pombal', 74);
insert into acciona values(0, 'Polcia de Tavira', 74);
insert into acciona values(0, 'Polcia de Tavira', 75);
insert into acciona values(1, 'Polcia de Tavira', 75);
insert into acciona values(2, 'Polcia de Tavira', 75);
insert into acciona values(1, 'Polcia de Tavira', 76);
insert into acciona values(2, 'Polcia de Tavira', 77);
insert into acciona values(3, 'Polcia de Tavira', 77);
insert into acciona values(3, 'Polcia de Tavira', 78);
insert into acciona values(0, 'Junta de Freguesia de Valongo', 78);
insert into acciona values(1, 'Junta de Freguesia de Valongo', 78);
insert into acciona values(0, 'Junta de Freguesia de Valongo', 79);
insert into acciona values(1, 'Junta de Freguesia de Valongo', 79);
insert into acciona values(2, 'Junta de Freguesia de Valongo', 79);
insert into acciona values(0, 'Bombeiros de Castro Daire', 79);
insert into acciona values(1, 'Junta de Freguesia de Valongo', 80);
insert into acciona values(2, 'Junta de Freguesia de Valongo', 80);
insert into acciona values(0, 'Bombeiros de Castro Daire', 80);
insert into acciona values(1, 'Bombeiros de Castro Daire', 80);
insert into acciona values(2, 'Junta de Freguesia de Valongo', 81);
insert into acciona values(0, 'Bombeiros de Castro Daire', 81);
insert into acciona values(1, 'Bombeiros de Castro Daire', 81);
insert into acciona values(0, 'Bombeiros de Castro Daire', 82);
insert into acciona values(1, 'Bombeiros de Castro Daire', 82);
insert into acciona values(2, 'Bombeiros de Castro Daire', 82);
insert into acciona values(1, 'Bombeiros de Castro Daire', 83);
insert into acciona values(2, 'Bombeiros de Castro Daire', 83);
insert into acciona values(3, 'Bombeiros de Castro Daire', 83);
insert into acciona values(0, 'Bombeiros de Beja', 83);
insert into acciona values(1, 'Bombeiros de Beja', 83);
insert into acciona values(2, 'Bombeiros de Castro Daire', 84);
insert into acciona values(3, 'Bombeiros de Castro Daire', 84);
insert into acciona values(0, 'Bombeiros de Beja', 84);
insert into acciona values(1, 'Bombeiros de Beja', 84);
insert into acciona values(3, 'Bombeiros de Castro Daire', 85);
insert into acciona values(0, 'Bombeiros de Beja', 85);
insert into acciona values(1, 'Bombeiros de Beja', 85);
insert into acciona values(2, 'Bombeiros de Beja', 85);
insert into acciona values(0, 'Junta de Freguesia de Lisboa', 85);
insert into acciona values(0, 'Bombeiros de Beja', 86);
insert into acciona values(1, 'Bombeiros de Beja', 86);
insert into acciona values(2, 'Bombeiros de Beja', 86);
insert into acciona values(1, 'Bombeiros de Beja', 87);
insert into acciona values(2, 'Bombeiros de Beja', 88);
insert into acciona values(0, 'Junta de Freguesia de Lisboa', 89);
insert into acciona values(1, 'Junta de Freguesia de Lisboa', 89);
insert into acciona values(1, 'Junta de Freguesia de Lisboa', 90);
insert into acciona values(2, 'Junta de Freguesia de Lisboa', 90);
insert into acciona values(3, 'Junta de Freguesia de Lisboa', 90);
insert into acciona values(0, 'Bombeiros de Alcobaa', 90);
insert into acciona values(2, 'Junta de Freguesia de Lisboa', 91);
insert into acciona values(3, 'Junta de Freguesia de Lisboa', 91);
insert into acciona values(3, 'Junta de Freguesia de Lisboa', 92);
insert into acciona values(0, 'Bombeiros de Alcobaa', 92);
insert into acciona values(1, 'Bombeiros de Alcobaa', 92);
insert into acciona values(0, 'Bombeiros de Alcobaa', 93);
insert into acciona values(1, 'Bombeiros de Alcobaa', 94);
insert into acciona values(2, 'Bombeiros de Alcobaa', 94);
insert into acciona values(3, 'Bombeiros de Alcobaa', 94);
insert into acciona values(0, 'Bombeiros de Peniche', 94);
insert into acciona values(2, 'Bombeiros de Alcobaa', 95);
insert into acciona values(3, 'Bombeiros de Alcobaa', 95);
insert into acciona values(3, 'Bombeiros de Alcobaa', 96);
insert into acciona values(0, 'Bombeiros de Peniche', 96);
insert into acciona values(1, 'Bombeiros de Peniche', 96);
insert into acciona values(2, 'Bombeiros de Peniche', 96);
insert into acciona values(0, 'Bombeiros de Esmoriz', 96);
insert into acciona values(0, 'Bombeiros de Peniche', 97);
insert into acciona values(1, 'Bombeiros de Peniche', 97);
insert into acciona values(2, 'Bombeiros de Peniche', 97);
insert into acciona values(0, 'Bombeiros de Esmoriz', 97);
insert into acciona values(1, 'Bombeiros de Esmoriz', 97);
insert into acciona values(1, 'Bombeiros de Peniche', 98);
insert into acciona values(2, 'Bombeiros de Peniche', 99);
insert into acciona values(0, 'Bombeiros de Esmoriz', 99);
insert into acciona values(1, 'Bombeiros de Esmoriz', 99);
insert into acciona values(0, 'Bombeiros de Esmoriz', 100);
insert into acciona values(1, 'Bombeiros de Esmoriz', 100);
insert into acciona values(1, 'Bombeiros de Esmoriz', 101);
insert into acciona values(2, 'Bombeiros de Esmoriz', 101);
insert into acciona values(3, 'Bombeiros de Esmoriz', 101);
insert into acciona values(4, 'Bombeiros de Esmoriz', 101);



insert into coordenador values(0);
insert into coordenador values(1);
insert into coordenador values(2);
insert into coordenador values(3);
insert into coordenador values(4);
insert into coordenador values(5);
insert into coordenador values(6);
insert into coordenador values(7);
insert into coordenador values(8);
insert into coordenador values(9);
insert into coordenador values(10);
insert into coordenador values(11);
insert into coordenador values(12);
insert into coordenador values(13);
insert into coordenador values(14);
insert into coordenador values(15);
insert into coordenador values(16);
insert into coordenador values(17);
insert into coordenador values(18);
insert into coordenador values(19);
insert into coordenador values(20);
insert into coordenador values(21);
insert into coordenador values(22);
insert into coordenador values(23);
insert into coordenador values(24);
insert into coordenador values(25);
insert into coordenador values(26);
insert into coordenador values(27);
insert into coordenador values(28);
insert into coordenador values(29);
insert into coordenador values(30);
insert into coordenador values(31);
insert into coordenador values(32);
insert into coordenador values(33);
insert into coordenador values(34);
insert into coordenador values(35);
insert into coordenador values(36);
insert into coordenador values(37);
insert into coordenador values(38);
insert into coordenador values(39);
insert into coordenador values(40);
insert into coordenador values(41);
insert into coordenador values(42);
insert into coordenador values(43);
insert into coordenador values(44);
insert into coordenador values(45);
insert into coordenador values(46);
insert into coordenador values(47);
insert into coordenador values(48);
insert into coordenador values(49);
insert into coordenador values(50);
insert into coordenador values(51);
insert into coordenador values(52);
insert into coordenador values(53);
insert into coordenador values(54);
insert into coordenador values(55);
insert into coordenador values(56);
insert into coordenador values(57);
insert into coordenador values(58);
insert into coordenador values(59);
insert into coordenador values(60);
insert into coordenador values(61);
insert into coordenador values(62);
insert into coordenador values(63);
insert into coordenador values(64);
insert into coordenador values(65);
insert into coordenador values(66);
insert into coordenador values(67);
insert into coordenador values(68);
insert into coordenador values(69);
insert into coordenador values(70);
insert into coordenador values(71);
insert into coordenador values(72);
insert into coordenador values(73);
insert into coordenador values(74);
insert into coordenador values(75);
insert into coordenador values(76);
insert into coordenador values(77);
insert into coordenador values(78);
insert into coordenador values(79);
insert into coordenador values(80);
insert into coordenador values(81);
insert into coordenador values(82);
insert into coordenador values(83);
insert into coordenador values(84);
insert into coordenador values(85);
insert into coordenador values(86);
insert into coordenador values(87);
insert into coordenador values(88);
insert into coordenador values(89);
insert into coordenador values(90);
insert into coordenador values(91);
insert into coordenador values(92);
insert into coordenador values(93);
insert into coordenador values(94);
insert into coordenador values(95);
insert into coordenador values(96);
insert into coordenador values(97);
insert into coordenador values(98);
insert into coordenador values(99);
insert into coordenador values(100);
insert into coordenador values(101);



insert into audita values(0, 0, 'Polcia de Guarda', 20, '2016-03-24 08:00:25', '2016-03-24 08:15:18', '2016-03-24 08:00:25', 'Auditado.');
insert into audita values(1, 2, 'Polcia de Pombal', 72, '2018-06-23 21:57:11', '2018-06-23 22:10:49', '2018-06-23 21:57:11', 'Auditado.');
insert into audita values(2, 3, 'Polcia de Pombal', 73, '2016-07-21 18:01:12', '2016-07-21 18:05:39', '2016-07-21 18:01:12', 'Auditado.');
insert into audita values(3, 1, 'Junta de Freguesia de Vizela', 13, '2018-08-06 21:17:24', '2018-08-06 21:22:38', '2018-08-06 21:17:24', 'Auditado.');
insert into audita values(4, 1, 'Bombeiros de Pinhel', 65, '2017-03-29 18:46:53', '2017-03-29 18:51:19', '2017-03-29 18:46:53', 'Auditado.');
insert into audita values(5, 1, 'Junta de Freguesia de Valongo', 78, '2018-03-02 09:24:32', '2018-03-02 09:41:58', '2018-03-02 09:24:32', 'Auditado.');
insert into audita values(6, 3, 'Polcia de Pombal', 72, '2018-06-28 19:07:42', '2018-06-28 19:13:35', '2018-06-28 19:07:42', 'Auditado.');
insert into audita values(7, 2, 'Bombeiros de Santo Tirso', 6, '2017-05-25 12:40:25', '2017-05-25 12:57:59', '2017-05-25 12:40:25', 'Auditado.');
insert into audita values(8, 1, 'Bombeiros de Pinhel', 67, '2018-09-17 20:10:04', '2018-09-17 20:16:38', '2018-09-17 20:10:04', 'Auditado.');
insert into audita values(9, 0, 'Polcia de Guarda', 19, '2016-03-28 18:06:21', '2016-03-28 18:22:26', '2016-03-28 18:06:21', 'Auditado.');
insert into audita values(10, 2, 'Bombeiros de Cascais', 55, '2016-12-04 05:20:16', '2016-12-04 05:33:01', '2016-12-04 05:20:16', 'Auditado.');
insert into audita values(11, 2, 'Bombeiros de Beja', 86, '2016-02-27 23:37:00', '2016-02-27 23:45:06', '2016-02-27 23:37:00', 'Auditado.');
insert into audita values(12, 1, 'Bombeiros de Pinhel', 66, '2017-12-05 18:15:00', '2017-12-05 18:21:06', '2017-12-05 18:15:00', 'Auditado.');
insert into audita values(13, 2, 'Bombeiros de Mirandela', 46, '2018-04-13 07:15:12', '2018-04-13 07:35:09', '2018-04-13 07:15:12', 'Auditado.');
insert into audita values(14, 3, 'Bombeiros de Alcobaa', 95, '2018-07-04 00:05:20', '2018-07-04 00:07:29', '2018-07-04 00:05:20', 'Auditado.');
insert into audita values(15, 0, 'Polcia de Bragana', 28, '2017-02-14 22:01:06', '2017-02-14 22:04:47', '2017-02-14 22:01:06', 'Auditado.');
insert into audita values(16, 2, 'Junta de Freguesia de Almada', 9, '2018-05-03 06:19:08', '2018-05-03 06:27:03', '2018-05-03 06:19:08', 'Auditado.');
insert into audita values(17, 0, 'Bombeiros de Peniche', 94, '2016-11-08 02:09:16', '2016-11-08 02:16:29', '2016-11-08 02:09:16', 'Auditado.');
insert into audita values(18, 0, 'Bombeiros de Esmoriz', 96, '2017-05-16 00:59:59', '2017-05-16 01:15:58', '2017-05-16 00:59:59', 'Auditado.');
insert into audita values(19, 2, 'Bombeiros de Santo Tirso', 5, '2017-10-15 10:37:14', '2017-10-15 10:47:03', '2017-10-15 10:37:14', 'Auditado.');
insert into audita values(20, 1, 'Bombeiros de Beja', 85, '2018-07-02 13:19:28', '2018-07-02 13:29:07', '2018-07-02 13:19:28', 'Auditado.');
insert into audita values(21, 3, 'Junta de Freguesia de Queluz', 17, '2017-07-18 04:05:37', '2017-07-18 04:17:04', '2017-07-18 04:05:37', 'Auditado.');
insert into audita values(22, 2, 'Bombeiros de Peniche', 99, '2018-06-22 14:04:32', '2018-06-22 14:16:04', '2018-06-22 14:04:32', 'Auditado.');
insert into audita values(23, 2, 'Junta de Freguesia de Almada', 9, '2018-06-25 05:43:29', '2018-06-25 05:55:32', '2018-06-25 05:43:29', 'Auditado.');
insert into audita values(24, 4, 'Bombeiros de Mirandela', 47, '2018-07-29 18:57:02', '2018-07-29 19:10:01', '2018-07-29 18:57:02', 'Auditado.');
insert into audita values(25, 0, 'Junta de Freguesia de Vizela', 8, '2017-04-27 21:19:44', '2017-04-27 21:22:08', '2017-04-27 21:19:44', 'Auditado.');
insert into audita values(26, 4, 'Polcia de gueda', 34, '2016-09-27 11:46:12', '2016-09-27 12:00:14', '2016-09-27 11:46:12', 'Auditado.');
insert into audita values(27, 2, 'Polcia de Guarda', 22, '2018-11-16 05:16:27', '2018-11-16 05:24:58', '2018-11-16 05:16:27', 'Auditado.');
insert into audita values(28, 3, 'Junta de Freguesia de Queluz', 16, '2017-06-12 15:54:43', '2017-06-12 15:57:22', '2017-06-12 15:54:43', 'Auditado.');
insert into audita values(29, 1, 'Bombeiros de Pinhel', 67, '2018-08-18 11:43:47', '2018-08-18 11:52:17', '2018-08-18 11:43:47', 'Auditado.');
insert into audita values(30, 2, 'Bombeiros de Santo Tirso', 7, '2018-12-27 16:18:45', '2018-12-27 16:31:06', '2018-12-27 16:18:45', 'Auditado.');
insert into audita values(31, 0, 'Junta de Freguesia de Almada', 6, '2018-04-11 19:58:51', '2018-04-11 20:18:31', '2018-04-11 19:58:51', 'Auditado.');
insert into audita values(32, 1, 'Junta de Freguesia de Valongo', 80, '2017-04-02 20:07:39', '2017-04-02 20:09:54', '2017-04-02 20:07:39', 'Auditado.');
insert into audita values(33, 0, 'Bombeiros de Castro Daire', 80, '2016-11-20 23:26:56', '2016-11-20 23:36:57', '2016-11-20 23:26:56', 'Auditado.');
insert into audita values(34, 0, 'Junta de Freguesia de Lisboa', 89, '2016-08-30 17:38:05', '2016-08-30 17:46:54', '2016-08-30 17:38:05', 'Auditado.');
insert into audita values(35, 0, 'Junta de Freguesia de Queluz', 13, '2017-06-30 03:43:05', '2017-06-30 03:59:09', '2017-06-30 03:43:05', 'Auditado.');
insert into audita values(36, 3, 'Junta de Freguesia de Costa da Caparica', 38, '2016-04-26 19:04:33', '2016-04-26 19:15:19', '2016-04-26 19:04:33', 'Auditado.');
insert into audita values(37, 1, 'Polcia de Castro Daire', 51, '2018-08-26 20:59:08', '2018-08-26 21:16:13', '2018-08-26 20:59:08', 'Auditado.');
insert into audita values(38, 4, 'Polcia de Espinho', 3, '2016-07-01 13:57:18', '2016-07-01 14:13:00', '2016-07-01 13:57:18', 'Auditado.');
insert into audita values(39, 2, 'Junta de Freguesia de Queluz', 16, '2018-04-19 02:30:59', '2018-04-19 02:37:50', '2018-04-19 02:30:59', 'Auditado.');
insert into audita values(40, 4, 'Bombeiros de Esmoriz', 101, '2018-10-23 04:34:57', '2018-10-23 04:39:03', '2018-10-23 04:34:57', 'Auditado.');
insert into audita values(41, 1, 'Polcia de Tavira', 76, '2018-02-19 00:30:43', '2018-02-19 00:46:29', '2018-02-19 00:30:43', 'Auditado.');
insert into audita values(42, 3, 'Polcia de Pombal', 70, '2016-01-20 20:21:57', '2016-01-20 20:34:10', '2016-01-20 20:21:57', 'Auditado.');
insert into audita values(43, 2, 'Polcia de Castro Daire', 54, '2018-11-07 10:38:52', '2018-11-07 10:44:06', '2018-11-07 10:38:52', 'Auditado.');
insert into audita values(44, 1, 'Polcia de gueda', 32, '2018-09-24 01:06:49', '2018-09-24 01:23:33', '2018-09-24 01:06:49', 'Auditado.');
insert into audita values(45, 1, 'Junta de Freguesia de Costa da Caparica', 40, '2017-11-09 02:21:11', '2017-11-09 02:39:01', '2017-11-09 02:21:11', 'Auditado.');
insert into audita values(46, 2, 'Polcia de Castro Daire', 51, '2018-05-24 22:30:59', '2018-05-24 22:35:35', '2018-05-24 22:30:59', 'Auditado.');
insert into audita values(47, 1, 'Junta de Freguesia de Bragana', 36, '2016-08-04 22:28:18', '2016-08-04 22:46:50', '2016-08-04 22:28:18', 'Auditado.');
insert into audita values(48, 2, 'Bombeiros de Peniche', 96, '2018-09-03 09:45:56', '2018-09-03 09:57:07', '2018-09-03 09:45:56', 'Auditado.');
insert into audita values(49, 1, 'Polcia de Loul', 59, '2016-01-11 21:56:58', '2016-01-11 22:16:20', '2016-01-11 21:56:58', 'Auditado.');
insert into audita values(50, 2, 'Bombeiros de Pinhel', 65, '2017-07-09 01:53:46', '2017-07-09 01:58:45', '2017-07-09 01:53:46', 'Auditado.');
insert into audita values(51, 2, 'Bombeiros de Beja', 88, '2016-03-07 18:41:36', '2016-03-07 18:46:58', '2016-03-07 18:41:36', 'Auditado.');
insert into audita values(52, 0, 'Bombeiros de Castro Daire', 80, '2016-08-31 14:56:57', '2016-08-31 15:00:23', '2016-08-31 14:56:57', 'Auditado.');
insert into audita values(53, 0, 'Bombeiros de Mirandela', 42, '2016-01-26 02:53:46', '2016-01-26 03:04:31', '2016-01-26 02:53:46', 'Auditado.');
insert into audita values(54, 1, 'Bombeiros de Cascais', 56, '2016-03-07 16:31:51', '2016-03-07 16:51:12', '2016-03-07 16:31:51', 'Auditado.');
insert into audita values(55, 2, 'Bombeiros de Santo Tirso', 7, '2016-01-24 07:46:12', '2016-01-24 07:59:00', '2016-01-24 07:46:12', 'Auditado.');
insert into audita values(56, 1, 'Bombeiros de Esmoriz', 97, '2016-02-17 09:42:27', '2016-02-17 09:52:18', '2016-02-17 09:42:27', 'Auditado.');
insert into audita values(57, 4, 'Bombeiros de Esmoriz', 101, '2018-12-12 16:34:48', '2018-12-12 16:54:20', '2018-12-12 16:34:48', 'Auditado.');
insert into audita values(58, 0, 'Junta de Freguesia de Queluz', 14, '2017-06-27 17:59:12', '2017-06-27 18:06:51', '2017-06-27 17:59:12', 'Auditado.');
insert into audita values(59, 1, 'Bombeiros de Mirandela', 45, '2018-05-23 14:19:11', '2018-05-23 14:21:54', '2018-05-23 14:19:11', 'Auditado.');
insert into audita values(60, 2, 'Polcia de Tavira', 77, '2018-03-12 17:08:31', '2018-03-12 17:27:05', '2018-03-12 17:08:31', 'Auditado.');
insert into audita values(61, 1, 'Bombeiros de Esmoriz', 99, '2016-05-16 11:57:54', '2016-05-16 12:12:37', '2016-05-16 11:57:54', 'Auditado.');
insert into audita values(62, 2, 'Junta de Freguesia de Lisboa', 90, '2016-10-07 16:06:51', '2016-10-07 16:15:03', '2016-10-07 16:06:51', 'Auditado.');
insert into audita values(63, 3, 'Bombeiros de Castro Daire', 84, '2018-04-25 01:54:41', '2018-04-25 02:00:10', '2018-04-25 01:54:41', 'Auditado.');
insert into audita values(64, 3, 'Junta de Freguesia de Queluz', 17, '2018-03-07 21:02:22', '2018-03-07 21:11:03', '2018-03-07 21:02:22', 'Auditado.');
insert into audita values(65, 2, 'Polcia de Tavira', 75, '2016-03-06 01:45:36', '2016-03-06 01:52:53', '2016-03-06 01:45:36', 'Auditado.');
insert into audita values(66, 1, 'Polcia de Guarda', 19, '2017-08-22 18:07:20', '2017-08-22 18:20:39', '2017-08-22 18:07:20', 'Auditado.');
insert into audita values(67, 1, 'Bombeiros de Santo Tirso', 6, '2016-12-11 09:43:03', '2016-12-11 10:02:08', '2016-12-11 09:43:03', 'Auditado.');
insert into audita values(68, 0, 'Bombeiros de Peniche', 97, '2018-02-05 17:03:07', '2018-02-05 17:13:04', '2018-02-05 17:03:07', 'Auditado.');
insert into audita values(69, 2, 'Polcia de Castro Daire', 51, '2016-12-09 07:35:04', '2016-12-09 07:45:55', '2016-12-09 07:35:04', 'Auditado.');
insert into audita values(70, 1, 'Polcia de Espinho', 0, '2016-11-03 09:22:35', '2016-11-03 09:42:34', '2016-11-03 09:22:35', 'Auditado.');
insert into audita values(71, 2, 'Bombeiros de Castro Daire', 83, '2018-03-16 10:15:17', '2018-03-16 10:20:48', '2018-03-16 10:15:17', 'Auditado.');
insert into audita values(72, 1, 'Polcia de Tavira', 76, '2017-11-12 20:32:39', '2017-11-12 20:43:03', '2017-11-12 20:32:39', 'Auditado.');
insert into audita values(73, 3, 'Polcia de gueda', 31, '2017-12-30 00:56:40', '2017-12-30 01:06:54', '2017-12-30 00:56:40', 'Auditado.');
insert into audita values(74, 3, 'Polcia de gueda', 31, '2016-07-07 21:51:29', '2016-07-07 22:01:50', '2016-07-07 21:51:29', 'Auditado.');
insert into audita values(75, 4, 'Polcia de Guarda', 21, '2016-12-30 04:43:34', '2016-12-30 04:55:55', '2016-12-30 04:43:34', 'Auditado.');
insert into audita values(76, 2, 'Bombeiros de Beja', 88, '2017-08-09 21:54:20', '2017-08-09 21:58:03', '2017-08-09 21:54:20', 'Auditado.');
insert into audita values(77, 1, 'Polcia de Pombal', 70, '2018-05-28 12:38:15', '2018-05-28 12:52:58', '2018-05-28 12:38:15', 'Auditado.');
insert into audita values(78, 2, 'Polcia de gueda', 31, '2018-04-08 01:46:09', '2018-04-08 01:59:33', '2018-04-08 01:46:09', 'Auditado.');
insert into audita values(79, 0, 'Polcia de gueda', 29, '2016-10-27 19:49:53', '2016-10-27 20:06:50', '2016-10-27 19:49:53', 'Auditado.');
insert into audita values(80, 0, 'Bombeiros de Mirandela', 43, '2016-08-03 04:06:38', '2016-08-03 04:11:01', '2016-08-03 04:06:38', 'Auditado.');
insert into audita values(81, 0, 'Bombeiros de Castro Daire', 80, '2016-07-11 19:23:56', '2016-07-11 19:34:00', '2016-07-11 19:23:56', 'Auditado.');
insert into audita values(82, 4, 'Polcia de Guarda', 23, '2018-11-29 07:35:04', '2018-11-29 07:37:13', '2018-11-29 07:35:04', 'Auditado.');
insert into audita values(83, 1, 'Bombeiros de Cascais', 55, '2018-07-18 22:23:58', '2018-07-18 22:42:45', '2018-07-18 22:23:58', 'Auditado.');
insert into audita values(84, 0, 'Bombeiros de Castro Daire', 79, '2018-07-20 10:15:10', '2018-07-20 10:26:44', '2018-07-20 10:15:10', 'Auditado.');
insert into audita values(85, 3, 'Polcia de Guarda', 21, '2018-03-07 11:48:33', '2018-03-07 12:04:05', '2018-03-07 11:48:33', 'Auditado.');
insert into audita values(86, 1, 'Bombeiros de Beja', 87, '2016-06-24 01:01:53', '2016-06-24 01:17:41', '2016-06-24 01:01:53', 'Auditado.');
insert into audita values(87, 0, 'Polcia de Pombal', 67, '2017-01-08 12:16:16', '2017-01-08 12:18:59', '2017-01-08 12:16:16', 'Auditado.');
insert into audita values(88, 3, 'Polcia de Loul', 59, '2016-03-14 09:23:39', '2016-03-14 09:29:12', '2016-03-14 09:23:39', 'Auditado.');
insert into audita values(89, 0, 'Junta de Freguesia de Vizela', 12, '2016-09-11 20:42:21', '2016-09-11 20:54:56', '2016-09-11 20:42:21', 'Auditado.');
insert into audita values(90, 0, 'Bombeiros de Fundo', 24, '2018-02-18 16:17:23', '2018-02-18 16:31:12', '2018-02-18 16:17:23', 'Auditado.');
insert into audita values(91, 1, 'Bombeiros de Beja', 84, '2017-11-17 18:45:15', '2017-11-17 19:01:36', '2017-11-17 18:45:15', 'Auditado.');
insert into audita values(92, 1, 'Junta de Freguesia de Lisboa', 89, '2017-04-16 02:29:22', '2017-04-16 02:40:52', '2017-04-16 02:29:22', 'Auditado.');
insert into audita values(93, 0, 'Bombeiros de Fundo', 23, '2017-11-14 02:35:50', '2017-11-14 02:48:37', '2017-11-14 02:35:50', 'Auditado.');
insert into audita values(94, 0, 'Junta de Freguesia de Vizela', 10, '2018-02-05 16:21:16', '2018-02-05 16:37:02', '2018-02-05 16:21:16', 'Auditado.');
insert into audita values(95, 0, 'Polcia de Castro Daire', 51, '2016-01-22 15:09:41', '2016-01-22 15:24:58', '2016-01-22 15:09:41', 'Auditado.');
insert into audita values(96, 1, 'Junta de Freguesia de Coina', 63, '2018-12-18 03:39:52', '2018-12-18 03:48:44', '2018-12-18 03:39:52', 'Auditado.');
insert into audita values(97, 2, 'Bombeiros de Pinhel', 68, '2017-02-02 11:30:19', '2017-02-02 11:38:07', '2017-02-02 11:30:19', 'Auditado.');
insert into audita values(98, 1, 'Bombeiros de Cascais', 55, '2017-10-21 12:30:48', '2017-10-21 12:38:36', '2017-10-21 12:30:48', 'Auditado.');
insert into audita values(99, 1, 'Junta de Freguesia de Setbal', 49, '2017-09-22 23:57:13', '2017-09-23 00:07:38', '2017-09-22 23:57:13', 'Auditado.');
insert into audita values(100, 3, 'Polcia de Guarda', 23, '2017-12-24 19:23:52', '2017-12-24 19:28:10', '2017-12-24 19:23:52', 'Auditado.');
insert into audita values(101, 2, 'Polcia de Guarda', 21, '2016-01-12 07:50:32', '2016-01-12 08:02:24', '2016-01-12 07:50:32', 'Auditado.');



/*insert into solicita values(0, 1467710567, 72, '2016-10-08 18:46:01', '2016-10-08 18:54:55');
insert into solicita values(1, 1529367753, 36, '2018-05-04 01:46:10', '2018-05-04 02:05:38');
insert into solicita values(2, 1542210138, 37, '2018-06-12 12:08:05', '2018-06-12 12:24:37');
insert into solicita values(3, 1484366701, 93, '2016-12-03 04:08:44', '2016-12-03 04:16:46');
insert into solicita values(4, 1506468598, 15, '2016-12-19 07:34:13', '2016-12-19 07:38:13');
insert into solicita values(5, 1526334907, 66, '2017-01-03 11:14:21', '2017-01-03 11:32:11');
insert into solicita values(6, 1504214411, 70, '2017-01-27 08:31:44', '2017-01-27 08:37:38');
insert into solicita values(7, 1542916720, 56, '2016-01-13 07:49:55', '2016-01-13 08:05:31');
insert into solicita values(8, 1501735708, 76, '2018-02-14 07:38:45', '2018-02-14 07:43:49');
insert into solicita values(9, 1460017691, 17, '2017-01-28 16:13:11', '2017-01-28 16:17:10');
insert into solicita values(10, 1460958625, 71, '2017-05-25 04:09:36', '2017-05-25 04:25:15');
insert into solicita values(11, 1453714679, 59, '2018-07-26 01:47:20', '2018-07-26 02:01:58');
insert into solicita values(12, 1522914073, 25, '2017-12-24 13:39:30', '2017-12-24 13:59:11');
insert into solicita values(13, 1504413472, 77, '2016-05-16 07:48:49', '2016-05-16 08:04:56');
insert into solicita values(14, 1516453318, 74, '2017-02-17 21:54:58', '2017-02-17 22:07:36');
insert into solicita values(15, 1479122415, 51, '2017-02-21 05:43:52', '2017-02-21 05:50:26');
insert into solicita values(16, 1454951939, 0, '2016-08-19 23:26:22', '2016-08-19 23:36:06');
insert into solicita values(17, 1521329993, 61, '2017-02-15 21:50:18', '2017-02-15 22:07:56');
insert into solicita values(18, 1521928001, 90, '2016-01-18 03:34:52', '2016-01-18 03:38:08');
insert into solicita values(19, 1542848092, 74, '2018-11-29 03:29:44', '2018-11-29 03:34:08');
insert into solicita values(20, 1463605672, 68, '2017-07-18 19:59:48', '2017-07-18 20:08:21');
insert into solicita values(21, 1460880207, 95, '2017-07-04 08:42:23', '2017-07-04 08:50:12');
insert into solicita values(22, 1529339026, 90, '2017-09-23 03:44:24', '2017-09-23 04:03:06');
insert into solicita values(23, 1522347462, 52, '2016-09-20 04:14:18', '2016-09-20 04:19:15');
insert into solicita values(24, 1454287756, 2, '2018-01-06 12:28:44', '2018-01-06 12:44:36');
insert into solicita values(25, 1529045500, 59, '2017-01-23 03:24:29', '2017-01-23 03:31:43');
insert into solicita values(26, 1482066769, 90, '2018-12-26 17:25:50', '2018-12-26 17:44:03');
insert into solicita values(27, 1505131466, 82, '2016-02-17 19:16:18', '2016-02-17 19:28:01');
insert into solicita values(28, 1528375579, 18, '2017-05-22 17:06:05', '2017-05-22 17:15:01');
insert into solicita values(29, 1513728452, 87, '2017-09-18 04:23:12', '2017-09-18 04:32:34');
insert into solicita values(30, 1540882325, 101, '2017-04-01 16:49:27', '2017-04-01 17:00:14');
insert into solicita values(31, 1514967847, 22, '2017-04-27 07:37:20', '2017-04-27 07:47:02');
insert into solicita values(32, 1513728452, 87, '2017-05-04 18:55:29', '2017-05-04 18:58:08');
insert into solicita values(33, 1452652582, 24, '2018-12-15 02:09:50', '2018-12-15 02:20:42');
insert into solicita values(34, 1485349596, 22, '2017-11-19 00:24:05', '2017-11-19 00:28:34');
insert into solicita values(35, 1515915027, 73, '2016-08-24 18:49:53', '2016-08-24 18:54:23');
insert into solicita values(36, 1545261750, 13, '2017-05-23 12:49:54', '2017-05-23 13:04:39');
insert into solicita values(37, 1486995510, 10, '2017-11-24 01:18:02', '2017-11-24 01:22:13');
insert into solicita values(38, 1502775016, 92, '2017-08-24 02:24:21', '2017-08-24 02:36:39');
insert into solicita values(39, 1515341193, 30, '2017-05-25 08:08:29', '2017-05-25 08:28:02');
insert into solicita values(40, 1501242288, 72, '2017-04-22 02:21:34', '2017-04-22 02:29:23');
insert into solicita values(41, 1526334907, 66, '2017-02-06 23:39:28', '2017-02-06 23:41:34');
insert into solicita values(42, 1491243849, 9, '2017-04-09 04:57:38', '2017-04-09 04:59:44');
insert into solicita values(43, 1486355475, 64, '2017-01-29 11:39:50', '2017-01-29 11:55:31');
insert into solicita values(44, 1514645835, 46, '2016-02-13 06:22:41', '2016-02-13 06:25:22');
insert into solicita values(45, 1493828583, 82, '2018-03-20 06:48:52', '2018-03-20 07:07:45');
insert into solicita values(46, 1522118517, 71, '2016-08-13 08:04:33', '2016-08-13 08:19:05');
insert into solicita values(47, 1505453486, 67, '2017-12-22 02:44:54', '2017-12-22 03:00:12');
insert into solicita values(48, 1522347462, 52, '2017-10-24 17:51:31', '2017-10-24 18:10:03');
insert into solicita values(49, 1541783286, 86, '2018-06-18 09:36:40', '2018-06-18 09:51:15');
insert into solicita values(50, 1534231592, 26, '2018-05-11 19:06:49', '2018-05-11 19:20:51');
insert into solicita values(51, 1501569140, 97, '2016-10-22 22:52:48', '2016-10-22 22:58:29');
insert into solicita values(52, 1523492354, 2, '2017-09-30 10:12:24', '2017-09-30 10:23:56');
insert into solicita values(53, 1514891759, 67, '2016-11-04 22:20:31', '2016-11-04 22:30:49');
insert into solicita values(54, 1458730313, 48, '2018-01-11 10:31:59', '2018-01-11 10:42:02');
insert into solicita values(55, 1540990080, 45, '2017-12-24 19:20:07', '2017-12-24 19:30:26');
insert into solicita values(56, 1469636820, 87, '2018-06-26 18:21:58', '2018-06-26 18:30:21');
insert into solicita values(57, 1486995510, 10, '2016-08-10 23:07:04', '2016-08-10 23:20:43');
insert into solicita values(58, 1523492354, 2, '2017-09-15 15:18:05', '2017-09-15 15:33:19');
insert into solicita values(59, 1521038336, 32, '2018-06-17 17:02:50', '2018-06-17 17:17:56');
insert into solicita values(60, 1532916724, 34, '2016-09-06 13:21:07', '2016-09-06 13:31:50');
insert into solicita values(61, 1473551573, 57, '2018-02-26 09:44:16', '2018-02-26 10:00:01');
insert into solicita values(62, 1480033329, 40, '2016-12-31 03:18:00', '2016-12-31 03:21:48');
insert into solicita values(63, 1506468598, 15, '2018-02-14 10:53:03', '2018-02-14 11:04:25');
insert into solicita values(64, 1470709112, 93, '2017-09-02 03:41:07', '2017-09-02 03:56:33');
insert into solicita values(65, 1484268334, 27, '2016-07-14 20:05:56', '2016-07-14 20:08:46');
insert into solicita values(66, 1459862150, 84, '2017-06-22 21:58:07', '2017-06-22 22:13:14');
insert into solicita values(67, 1497103875, 55, '2016-01-19 16:14:55', '2016-01-19 16:24:23');
insert into solicita values(68, 1463387229, 79, '2017-06-03 12:20:19', '2017-06-03 12:24:53');
insert into solicita values(69, 1510360243, 62, '2017-01-03 16:04:33', '2017-01-03 16:17:03');
insert into solicita values(70, 1525386719, 30, '2018-05-31 08:54:24', '2018-05-31 09:11:18');
insert into solicita values(71, 1537357585, 23, '2016-03-08 08:05:05', '2016-03-08 08:10:24');
insert into solicita values(72, 1456055499, 27, '2017-01-30 00:51:45', '2017-01-30 00:54:01');
insert into solicita values(73, 1471263957, 86, '2017-10-13 15:07:29', '2017-10-13 15:26:00');
insert into solicita values(74, 1492711587, 100, '2017-05-11 12:27:11', '2017-05-11 12:41:52');
insert into solicita values(75, 1508797187, 62, '2018-12-22 20:58:37', '2018-12-22 21:12:25');
insert into solicita values(76, 1492993398, 65, '2018-06-11 22:20:27', '2018-06-11 22:39:37');
insert into solicita values(77, 1490066085, 0, '2017-01-08 17:06:36', '2017-01-08 17:10:25');
insert into solicita values(78, 1538128473, 69, '2016-02-24 00:40:36', '2016-02-24 00:44:14');
insert into solicita values(79, 1460277532, 87, '2016-10-06 13:16:13', '2016-10-06 13:18:53');
insert into solicita values(80, 1460958625, 71, '2016-01-19 22:22:58', '2016-01-19 22:34:08');
insert into solicita values(81, 1497103875, 55, '2016-11-28 09:55:04', '2016-11-28 10:08:16');
insert into solicita values(82, 1545572477, 2, '2017-06-17 05:07:58', '2017-06-17 05:13:18');
insert into solicita values(83, 1492711587, 100, '2017-08-09 22:08:59', '2017-08-09 22:22:05');
insert into solicita values(84, 1486831895, 20, '2017-09-04 18:52:45', '2017-09-04 19:02:02');
insert into solicita values(85, 1482963645, 65, '2018-03-18 06:18:23', '2018-03-18 06:37:11');
insert into solicita values(86, 1475675116, 99, '2017-01-25 11:58:29', '2017-01-25 12:07:20');
insert into solicita values(87, 1545572477, 2, '2018-03-04 21:30:35', '2018-03-04 21:37:21');
insert into solicita values(88, 1533945155, 29, '2018-11-15 16:25:02', '2018-11-15 16:44:38');
insert into solicita values(89, 1505035007, 57, '2017-04-17 20:48:00', '2017-04-17 20:50:20');
insert into solicita values(90, 1455999114, 5, '2016-11-21 08:05:07', '2016-11-21 08:16:37');
insert into solicita values(91, 1486305498, 18, '2018-05-24 03:45:35', '2018-05-24 03:58:31');
insert into solicita values(92, 1514891759, 67, '2018-06-09 03:35:07', '2018-06-09 03:52:45');
insert into solicita values(93, 1542848092, 74, '2018-03-18 18:43:24', '2018-03-18 18:48:10');
insert into solicita values(94, 1484366701, 93, '2017-06-13 10:18:28', '2017-06-13 10:23:02');
insert into solicita values(95, 1506930148, 5, '2018-11-22 22:07:55', '2018-11-22 22:18:25');
insert into solicita values(96, 1510360243, 62, '2018-05-01 11:39:58', '2018-05-01 11:53:55');
insert into solicita values(97, 1466192277, 7, '2017-04-25 02:39:50', '2017-04-25 02:50:42');
insert into solicita values(98, 1522478595, 21, '2016-02-23 16:37:52', '2016-02-23 16:42:06');
insert into solicita values(99, 1459177407, 12, '2016-02-01 05:32:43', '2016-02-01 05:37:47');
insert into solicita values(100, 1503802210, 49, '2017-11-13 05:04:20', '2017-11-13 05:08:09');
insert into solicita values(101, 1497820858, 15, '2018-04-01 20:19:45', '2018-04-01 20:29:00');*/
